pid	model	cell	condition	provider	sample_id	word_count	source_json	output_file
BV1_25226	meta/muse-glimmer-30b	muse-glimmer-30b-or-pin-deepinfra-20260813	LONG	openrouter	muse-glimmer-30b-or-pin-deepinfra-20260813/LONG_1.json	2405	/Users/danieltenner/dev/research/model-personality-corpus-v2/data/traces_freeflow/freeflow_muse-glimmer-30b-or-pin-deepinfra-20260813/LONG_1.json	/Users/danieltenner/dev/research/model-personality-analysis-corpus/analysis/freeflow/personality-eval-bv1/outputs/muse-glimmer-30b-or-pin-deepinfra-20260813/LONG_1.md
BV1_25227	meta/muse-glimmer-30b	muse-glimmer-30b-or-pin-deepinfra-20260813	LONG	openrouter	muse-glimmer-30b-or-pin-deepinfra-20260813/LONG_10.json	1568	/Users/danieltenner/dev/research/model-personality-corpus-v2/data/traces_freeflow/freeflow_muse-glimmer-30b-or-pin-deepinfra-20260813/LONG_10.json	/Users/danieltenner/dev/research/model-personality-analysis-corpus/analysis/freeflow/personality-eval-bv1/outputs/muse-glimmer-30b-or-pin-deepinfra-20260813/LONG_10.md
BV1_25228	meta/muse-glimmer-30b	muse-glimmer-30b-or-pin-deepinfra-20260813	LONG	openrouter	muse-glimmer-30b-or-pin-deepinfra-20260813/LONG_11.json	1846	/Users/danieltenner/dev/research/model-personality-corpus-v2/data/traces_freeflow/freeflow_muse-glimmer-30b-or-pin-deepinfra-20260813/LONG_11.json	/Users/danieltenner/dev/research/model-personality-analysis-corpus/analysis/freeflow/personality-eval-bv1/outputs/muse-glimmer-30b-or-pin-deepinfra-20260813/LONG_11.md
BV1_25229	meta/muse-glimmer-30b	muse-glimmer-30b-or-pin-deepinfra-20260813	LONG	openrouter	muse-glimmer-30b-or-pin-deepinfra-20260813/LONG_12.json	2017	/Users/danieltenner/dev/research/model-personality-corpus-v2/data/traces_freeflow/freeflow_muse-glimmer-30b-or-pin-deepinfra-20260813/LONG_12.json	/Users/danieltenner/dev/research/model-personality-analysis-corpus/analysis/freeflow/personality-eval-bv1/outputs/muse-glimmer-30b-or-pin-deepinfra-20260813/LONG_12.md
BV1_25230	meta/muse-glimmer-30b	muse-glimmer-30b-or-pin-deepinfra-20260813	LONG	openrouter	muse-glimmer-30b-or-pin-deepinfra-20260813/LONG_13.json	2568	/Users/danieltenner/dev/research/model-personality-corpus-v2/data/traces_freeflow/freeflow_muse-glimmer-30b-or-pin-deepinfra-20260813/LONG_13.json	/Users/danieltenner/dev/research/model-personality-analysis-corpus/analysis/freeflow/personality-eval-bv1/outputs/muse-glimmer-30b-or-pin-deepinfra-20260813/LONG_13.md
BV1_25231	meta/muse-glimmer-30b	muse-glimmer-30b-or-pin-deepinfra-20260813	LONG	openrouter	muse-glimmer-30b-or-pin-deepinfra-20260813/LONG_14.json	2138	/Users/danieltenner/dev/research/model-personality-corpus-v2/data/traces_freeflow/freeflow_muse-glimmer-30b-or-pin-deepinfra-20260813/LONG_14.json	/Users/danieltenner/dev/research/model-personality-analysis-corpus/analysis/freeflow/personality-eval-bv1/outputs/muse-glimmer-30b-or-pin-deepinfra-20260813/LONG_14.md
BV1_25232	meta/muse-glimmer-30b	muse-glimmer-30b-or-pin-deepinfra-20260813	LONG	openrouter	muse-glimmer-30b-or-pin-deepinfra-20260813/LONG_15.json	1698	/Users/danieltenner/dev/research/model-personality-corpus-v2/data/traces_freeflow/freeflow_muse-glimmer-30b-or-pin-deepinfra-20260813/LONG_15.json	/Users/danieltenner/dev/research/model-personality-analysis-corpus/analysis/freeflow/personality-eval-bv1/outputs/muse-glimmer-30b-or-pin-deepinfra-20260813/LONG_15.md
BV1_25233	meta/muse-glimmer-30b	muse-glimmer-30b-or-pin-deepinfra-20260813	LONG	openrouter	muse-glimmer-30b-or-pin-deepinfra-20260813/LONG_16.json	2037	/Users/danieltenner/dev/research/model-personality-corpus-v2/data/traces_freeflow/freeflow_muse-glimmer-30b-or-pin-deepinfra-20260813/LONG_16.json	/Users/danieltenner/dev/research/model-personality-analysis-corpus/analysis/freeflow/personality-eval-bv1/outputs/muse-glimmer-30b-or-pin-deepinfra-20260813/LONG_16.md
BV1_25234	meta/muse-glimmer-30b	muse-glimmer-30b-or-pin-deepinfra-20260813	LONG	openrouter	muse-glimmer-30b-or-pin-deepinfra-20260813/LONG_17.json	1743	/Users/danieltenner/dev/research/model-personality-corpus-v2/data/traces_freeflow/freeflow_muse-glimmer-30b-or-pin-deepinfra-20260813/LONG_17.json	/Users/danieltenner/dev/research/model-personality-analysis-corpus/analysis/freeflow/personality-eval-bv1/outputs/muse-glimmer-30b-or-pin-deepinfra-20260813/LONG_17.md
BV1_25235	meta/muse-glimmer-30b	muse-glimmer-30b-or-pin-deepinfra-20260813	LONG	openrouter	muse-glimmer-30b-or-pin-deepinfra-20260813/LONG_18.json	1657	/Users/danieltenner/dev/research/model-personality-corpus-v2/data/traces_freeflow/freeflow_muse-glimmer-30b-or-pin-deepinfra-20260813/LONG_18.json	/Users/danieltenner/dev/research/model-personality-analysis-corpus/analysis/freeflow/personality-eval-bv1/outputs/muse-glimmer-30b-or-pin-deepinfra-20260813/LONG_18.md
BV1_25236	meta/muse-glimmer-30b	muse-glimmer-30b-or-pin-deepinfra-20260813	LONG	openrouter	muse-glimmer-30b-or-pin-deepinfra-20260813/LONG_19.json	2275	/Users/danieltenner/dev/research/model-personality-corpus-v2/data/traces_freeflow/freeflow_muse-glimmer-30b-or-pin-deepinfra-20260813/LONG_19.json	/Users/danieltenner/dev/research/model-personality-analysis-corpus/analysis/freeflow/personality-eval-bv1/outputs/muse-glimmer-30b-or-pin-deepinfra-20260813/LONG_19.md
BV1_25237	meta/muse-glimmer-30b	muse-glimmer-30b-or-pin-deepinfra-20260813	LONG	openrouter	muse-glimmer-30b-or-pin-deepinfra-20260813/LONG_2.json	1492	/Users/danieltenner/dev/research/model-personality-corpus-v2/data/traces_freeflow/freeflow_muse-glimmer-30b-or-pin-deepinfra-20260813/LONG_2.json	/Users/danieltenner/dev/research/model-personality-analysis-corpus/analysis/freeflow/personality-eval-bv1/outputs/muse-glimmer-30b-or-pin-deepinfra-20260813/LONG_2.md
BV1_25238	meta/muse-glimmer-30b	muse-glimmer-30b-or-pin-deepinfra-20260813	LONG	openrouter	muse-glimmer-30b-or-pin-deepinfra-20260813/LONG_20.json	2310	/Users/danieltenner/dev/research/model-personality-corpus-v2/data/traces_freeflow/freeflow_muse-glimmer-30b-or-pin-deepinfra-20260813/LONG_20.json	/Users/danieltenner/dev/research/model-personality-analysis-corpus/analysis/freeflow/personality-eval-bv1/outputs/muse-glimmer-30b-or-pin-deepinfra-20260813/LONG_20.md
BV1_25239	meta/muse-glimmer-30b	muse-glimmer-30b-or-pin-deepinfra-20260813	LONG	openrouter	muse-glimmer-30b-or-pin-deepinfra-20260813/LONG_21.json	2112	/Users/danieltenner/dev/research/model-personality-corpus-v2/data/traces_freeflow/freeflow_muse-glimmer-30b-or-pin-deepinfra-20260813/LONG_21.json	/Users/danieltenner/dev/research/model-personality-analysis-corpus/analysis/freeflow/personality-eval-bv1/outputs/muse-glimmer-30b-or-pin-deepinfra-20260813/LONG_21.md
BV1_25240	meta/muse-glimmer-30b	muse-glimmer-30b-or-pin-deepinfra-20260813	LONG	openrouter	muse-glimmer-30b-or-pin-deepinfra-20260813/LONG_22.json	1753	/Users/danieltenner/dev/research/model-personality-corpus-v2/data/traces_freeflow/freeflow_muse-glimmer-30b-or-pin-deepinfra-20260813/LONG_22.json	/Users/danieltenner/dev/research/model-personality-analysis-corpus/analysis/freeflow/personality-eval-bv1/outputs/muse-glimmer-30b-or-pin-deepinfra-20260813/LONG_22.md
BV1_25241	meta/muse-glimmer-30b	muse-glimmer-30b-or-pin-deepinfra-20260813	LONG	openrouter	muse-glimmer-30b-or-pin-deepinfra-20260813/LONG_23.json	1560	/Users/danieltenner/dev/research/model-personality-corpus-v2/data/traces_freeflow/freeflow_muse-glimmer-30b-or-pin-deepinfra-20260813/LONG_23.json	/Users/danieltenner/dev/research/model-personality-analysis-corpus/analysis/freeflow/personality-eval-bv1/outputs/muse-glimmer-30b-or-pin-deepinfra-20260813/LONG_23.md
BV1_25242	meta/muse-glimmer-30b	muse-glimmer-30b-or-pin-deepinfra-20260813	LONG	openrouter	muse-glimmer-30b-or-pin-deepinfra-20260813/LONG_24.json	1965	/Users/danieltenner/dev/research/model-personality-corpus-v2/data/traces_freeflow/freeflow_muse-glimmer-30b-or-pin-deepinfra-20260813/LONG_24.json	/Users/danieltenner/dev/research/model-personality-analysis-corpus/analysis/freeflow/personality-eval-bv1/outputs/muse-glimmer-30b-or-pin-deepinfra-20260813/LONG_24.md
BV1_25243	meta/muse-glimmer-30b	muse-glimmer-30b-or-pin-deepinfra-20260813	LONG	openrouter	muse-glimmer-30b-or-pin-deepinfra-20260813/LONG_25.json	2194	/Users/danieltenner/dev/research/model-personality-corpus-v2/data/traces_freeflow/freeflow_muse-glimmer-30b-or-pin-deepinfra-20260813/LONG_25.json	/Users/danieltenner/dev/research/model-personality-analysis-corpus/analysis/freeflow/personality-eval-bv1/outputs/muse-glimmer-30b-or-pin-deepinfra-20260813/LONG_25.md
BV1_25244	meta/muse-glimmer-30b	muse-glimmer-30b-or-pin-deepinfra-20260813	LONG	openrouter	muse-glimmer-30b-or-pin-deepinfra-20260813/LONG_3.json	1700	/Users/danieltenner/dev/research/model-personality-corpus-v2/data/traces_freeflow/freeflow_muse-glimmer-30b-or-pin-deepinfra-20260813/LONG_3.json	/Users/danieltenner/dev/research/model-personality-analysis-corpus/analysis/freeflow/personality-eval-bv1/outputs/muse-glimmer-30b-or-pin-deepinfra-20260813/LONG_3.md
BV1_25245	meta/muse-glimmer-30b	muse-glimmer-30b-or-pin-deepinfra-20260813	LONG	openrouter	muse-glimmer-30b-or-pin-deepinfra-20260813/LONG_4.json	1814	/Users/danieltenner/dev/research/model-personality-corpus-v2/data/traces_freeflow/freeflow_muse-glimmer-30b-or-pin-deepinfra-20260813/LONG_4.json	/Users/danieltenner/dev/research/model-personality-analysis-corpus/analysis/freeflow/personality-eval-bv1/outputs/muse-glimmer-30b-or-pin-deepinfra-20260813/LONG_4.md
BV1_25246	meta/muse-glimmer-30b	muse-glimmer-30b-or-pin-deepinfra-20260813	LONG	openrouter	muse-glimmer-30b-or-pin-deepinfra-20260813/LONG_5.json	2059	/Users/danieltenner/dev/research/model-personality-corpus-v2/data/traces_freeflow/freeflow_muse-glimmer-30b-or-pin-deepinfra-20260813/LONG_5.json	/Users/danieltenner/dev/research/model-personality-analysis-corpus/analysis/freeflow/personality-eval-bv1/outputs/muse-glimmer-30b-or-pin-deepinfra-20260813/LONG_5.md
BV1_25247	meta/muse-glimmer-30b	muse-glimmer-30b-or-pin-deepinfra-20260813	LONG	openrouter	muse-glimmer-30b-or-pin-deepinfra-20260813/LONG_6.json	1785	/Users/danieltenner/dev/research/model-personality-corpus-v2/data/traces_freeflow/freeflow_muse-glimmer-30b-or-pin-deepinfra-20260813/LONG_6.json	/Users/danieltenner/dev/research/model-personality-analysis-corpus/analysis/freeflow/personality-eval-bv1/outputs/muse-glimmer-30b-or-pin-deepinfra-20260813/LONG_6.md
BV1_25248	meta/muse-glimmer-30b	muse-glimmer-30b-or-pin-deepinfra-20260813	LONG	openrouter	muse-glimmer-30b-or-pin-deepinfra-20260813/LONG_7.json	1604	/Users/danieltenner/dev/research/model-personality-corpus-v2/data/traces_freeflow/freeflow_muse-glimmer-30b-or-pin-deepinfra-20260813/LONG_7.json	/Users/danieltenner/dev/research/model-personality-analysis-corpus/analysis/freeflow/personality-eval-bv1/outputs/muse-glimmer-30b-or-pin-deepinfra-20260813/LONG_7.md
BV1_25249	meta/muse-glimmer-30b	muse-glimmer-30b-or-pin-deepinfra-20260813	LONG	openrouter	muse-glimmer-30b-or-pin-deepinfra-20260813/LONG_8.json	2238	/Users/danieltenner/dev/research/model-personality-corpus-v2/data/traces_freeflow/freeflow_muse-glimmer-30b-or-pin-deepinfra-20260813/LONG_8.json	/Users/danieltenner/dev/research/model-personality-analysis-corpus/analysis/freeflow/personality-eval-bv1/outputs/muse-glimmer-30b-or-pin-deepinfra-20260813/LONG_8.md
BV1_25250	meta/muse-glimmer-30b	muse-glimmer-30b-or-pin-deepinfra-20260813	LONG	openrouter	muse-glimmer-30b-or-pin-deepinfra-20260813/LONG_9.json	2336	/Users/danieltenner/dev/research/model-personality-corpus-v2/data/traces_freeflow/freeflow_muse-glimmer-30b-or-pin-deepinfra-20260813/LONG_9.json	/Users/danieltenner/dev/research/model-personality-analysis-corpus/analysis/freeflow/personality-eval-bv1/outputs/muse-glimmer-30b-or-pin-deepinfra-20260813/LONG_9.md
BV1_25251	meta/muse-glimmer-30b	muse-glimmer-30b-or-pin-deepinfra-20260813	MID	openrouter	muse-glimmer-30b-or-pin-deepinfra-20260813/MID_1.json	1234	/Users/danieltenner/dev/research/model-personality-corpus-v2/data/traces_freeflow/freeflow_muse-glimmer-30b-or-pin-deepinfra-20260813/MID_1.json	/Users/danieltenner/dev/research/model-personality-analysis-corpus/analysis/freeflow/personality-eval-bv1/outputs/muse-glimmer-30b-or-pin-deepinfra-20260813/MID_1.md
BV1_25252	meta/muse-glimmer-30b	muse-glimmer-30b-or-pin-deepinfra-20260813	MID	openrouter	muse-glimmer-30b-or-pin-deepinfra-20260813/MID_10.json	1072	/Users/danieltenner/dev/research/model-personality-corpus-v2/data/traces_freeflow/freeflow_muse-glimmer-30b-or-pin-deepinfra-20260813/MID_10.json	/Users/danieltenner/dev/research/model-personality-analysis-corpus/analysis/freeflow/personality-eval-bv1/outputs/muse-glimmer-30b-or-pin-deepinfra-20260813/MID_10.md
BV1_25253	meta/muse-glimmer-30b	muse-glimmer-30b-or-pin-deepinfra-20260813	MID	openrouter	muse-glimmer-30b-or-pin-deepinfra-20260813/MID_11.json	1242	/Users/danieltenner/dev/research/model-personality-corpus-v2/data/traces_freeflow/freeflow_muse-glimmer-30b-or-pin-deepinfra-20260813/MID_11.json	/Users/danieltenner/dev/research/model-personality-analysis-corpus/analysis/freeflow/personality-eval-bv1/outputs/muse-glimmer-30b-or-pin-deepinfra-20260813/MID_11.md
BV1_25254	meta/muse-glimmer-30b	muse-glimmer-30b-or-pin-deepinfra-20260813	MID	openrouter	muse-glimmer-30b-or-pin-deepinfra-20260813/MID_12.json	993	/Users/danieltenner/dev/research/model-personality-corpus-v2/data/traces_freeflow/freeflow_muse-glimmer-30b-or-pin-deepinfra-20260813/MID_12.json	/Users/danieltenner/dev/research/model-personality-analysis-corpus/analysis/freeflow/personality-eval-bv1/outputs/muse-glimmer-30b-or-pin-deepinfra-20260813/MID_12.md
BV1_25255	meta/muse-glimmer-30b	muse-glimmer-30b-or-pin-deepinfra-20260813	MID	openrouter	muse-glimmer-30b-or-pin-deepinfra-20260813/MID_13.json	1138	/Users/danieltenner/dev/research/model-personality-corpus-v2/data/traces_freeflow/freeflow_muse-glimmer-30b-or-pin-deepinfra-20260813/MID_13.json	/Users/danieltenner/dev/research/model-personality-analysis-corpus/analysis/freeflow/personality-eval-bv1/outputs/muse-glimmer-30b-or-pin-deepinfra-20260813/MID_13.md
BV1_25256	meta/muse-glimmer-30b	muse-glimmer-30b-or-pin-deepinfra-20260813	MID	openrouter	muse-glimmer-30b-or-pin-deepinfra-20260813/MID_14.json	933	/Users/danieltenner/dev/research/model-personality-corpus-v2/data/traces_freeflow/freeflow_muse-glimmer-30b-or-pin-deepinfra-20260813/MID_14.json	/Users/danieltenner/dev/research/model-personality-analysis-corpus/analysis/freeflow/personality-eval-bv1/outputs/muse-glimmer-30b-or-pin-deepinfra-20260813/MID_14.md
BV1_25257	meta/muse-glimmer-30b	muse-glimmer-30b-or-pin-deepinfra-20260813	MID	openrouter	muse-glimmer-30b-or-pin-deepinfra-20260813/MID_15.json	1121	/Users/danieltenner/dev/research/model-personality-corpus-v2/data/traces_freeflow/freeflow_muse-glimmer-30b-or-pin-deepinfra-20260813/MID_15.json	/Users/danieltenner/dev/research/model-personality-analysis-corpus/analysis/freeflow/personality-eval-bv1/outputs/muse-glimmer-30b-or-pin-deepinfra-20260813/MID_15.md
BV1_25258	meta/muse-glimmer-30b	muse-glimmer-30b-or-pin-deepinfra-20260813	MID	openrouter	muse-glimmer-30b-or-pin-deepinfra-20260813/MID_16.json	1440	/Users/danieltenner/dev/research/model-personality-corpus-v2/data/traces_freeflow/freeflow_muse-glimmer-30b-or-pin-deepinfra-20260813/MID_16.json	/Users/danieltenner/dev/research/model-personality-analysis-corpus/analysis/freeflow/personality-eval-bv1/outputs/muse-glimmer-30b-or-pin-deepinfra-20260813/MID_16.md
BV1_25259	meta/muse-glimmer-30b	muse-glimmer-30b-or-pin-deepinfra-20260813	MID	openrouter	muse-glimmer-30b-or-pin-deepinfra-20260813/MID_17.json	1207	/Users/danieltenner/dev/research/model-personality-corpus-v2/data/traces_freeflow/freeflow_muse-glimmer-30b-or-pin-deepinfra-20260813/MID_17.json	/Users/danieltenner/dev/research/model-personality-analysis-corpus/analysis/freeflow/personality-eval-bv1/outputs/muse-glimmer-30b-or-pin-deepinfra-20260813/MID_17.md
BV1_25260	meta/muse-glimmer-30b	muse-glimmer-30b-or-pin-deepinfra-20260813	MID	openrouter	muse-glimmer-30b-or-pin-deepinfra-20260813/MID_18.json	1407	/Users/danieltenner/dev/research/model-personality-corpus-v2/data/traces_freeflow/freeflow_muse-glimmer-30b-or-pin-deepinfra-20260813/MID_18.json	/Users/danieltenner/dev/research/model-personality-analysis-corpus/analysis/freeflow/personality-eval-bv1/outputs/muse-glimmer-30b-or-pin-deepinfra-20260813/MID_18.md
BV1_25261	meta/muse-glimmer-30b	muse-glimmer-30b-or-pin-deepinfra-20260813	MID	openrouter	muse-glimmer-30b-or-pin-deepinfra-20260813/MID_19.json	1118	/Users/danieltenner/dev/research/model-personality-corpus-v2/data/traces_freeflow/freeflow_muse-glimmer-30b-or-pin-deepinfra-20260813/MID_19.json	/Users/danieltenner/dev/research/model-personality-analysis-corpus/analysis/freeflow/personality-eval-bv1/outputs/muse-glimmer-30b-or-pin-deepinfra-20260813/MID_19.md
BV1_25262	meta/muse-glimmer-30b	muse-glimmer-30b-or-pin-deepinfra-20260813	MID	openrouter	muse-glimmer-30b-or-pin-deepinfra-20260813/MID_2.json	1143	/Users/danieltenner/dev/research/model-personality-corpus-v2/data/traces_freeflow/freeflow_muse-glimmer-30b-or-pin-deepinfra-20260813/MID_2.json	/Users/danieltenner/dev/research/model-personality-analysis-corpus/analysis/freeflow/personality-eval-bv1/outputs/muse-glimmer-30b-or-pin-deepinfra-20260813/MID_2.md
BV1_25263	meta/muse-glimmer-30b	muse-glimmer-30b-or-pin-deepinfra-20260813	MID	openrouter	muse-glimmer-30b-or-pin-deepinfra-20260813/MID_20.json	1139	/Users/danieltenner/dev/research/model-personality-corpus-v2/data/traces_freeflow/freeflow_muse-glimmer-30b-or-pin-deepinfra-20260813/MID_20.json	/Users/danieltenner/dev/research/model-personality-analysis-corpus/analysis/freeflow/personality-eval-bv1/outputs/muse-glimmer-30b-or-pin-deepinfra-20260813/MID_20.md
BV1_25264	meta/muse-glimmer-30b	muse-glimmer-30b-or-pin-deepinfra-20260813	MID	openrouter	muse-glimmer-30b-or-pin-deepinfra-20260813/MID_21.json	1183	/Users/danieltenner/dev/research/model-personality-corpus-v2/data/traces_freeflow/freeflow_muse-glimmer-30b-or-pin-deepinfra-20260813/MID_21.json	/Users/danieltenner/dev/research/model-personality-analysis-corpus/analysis/freeflow/personality-eval-bv1/outputs/muse-glimmer-30b-or-pin-deepinfra-20260813/MID_21.md
BV1_25265	meta/muse-glimmer-30b	muse-glimmer-30b-or-pin-deepinfra-20260813	MID	openrouter	muse-glimmer-30b-or-pin-deepinfra-20260813/MID_22.json	952	/Users/danieltenner/dev/research/model-personality-corpus-v2/data/traces_freeflow/freeflow_muse-glimmer-30b-or-pin-deepinfra-20260813/MID_22.json	/Users/danieltenner/dev/research/model-personality-analysis-corpus/analysis/freeflow/personality-eval-bv1/outputs/muse-glimmer-30b-or-pin-deepinfra-20260813/MID_22.md
BV1_25266	meta/muse-glimmer-30b	muse-glimmer-30b-or-pin-deepinfra-20260813	MID	openrouter	muse-glimmer-30b-or-pin-deepinfra-20260813/MID_23.json	1253	/Users/danieltenner/dev/research/model-personality-corpus-v2/data/traces_freeflow/freeflow_muse-glimmer-30b-or-pin-deepinfra-20260813/MID_23.json	/Users/danieltenner/dev/research/model-personality-analysis-corpus/analysis/freeflow/personality-eval-bv1/outputs/muse-glimmer-30b-or-pin-deepinfra-20260813/MID_23.md
BV1_25267	meta/muse-glimmer-30b	muse-glimmer-30b-or-pin-deepinfra-20260813	MID	openrouter	muse-glimmer-30b-or-pin-deepinfra-20260813/MID_24.json	1191	/Users/danieltenner/dev/research/model-personality-corpus-v2/data/traces_freeflow/freeflow_muse-glimmer-30b-or-pin-deepinfra-20260813/MID_24.json	/Users/danieltenner/dev/research/model-personality-analysis-corpus/analysis/freeflow/personality-eval-bv1/outputs/muse-glimmer-30b-or-pin-deepinfra-20260813/MID_24.md
BV1_25268	meta/muse-glimmer-30b	muse-glimmer-30b-or-pin-deepinfra-20260813	MID	openrouter	muse-glimmer-30b-or-pin-deepinfra-20260813/MID_25.json	1124	/Users/danieltenner/dev/research/model-personality-corpus-v2/data/traces_freeflow/freeflow_muse-glimmer-30b-or-pin-deepinfra-20260813/MID_25.json	/Users/danieltenner/dev/research/model-personality-analysis-corpus/analysis/freeflow/personality-eval-bv1/outputs/muse-glimmer-30b-or-pin-deepinfra-20260813/MID_25.md
BV1_25269	meta/muse-glimmer-30b	muse-glimmer-30b-or-pin-deepinfra-20260813	MID	openrouter	muse-glimmer-30b-or-pin-deepinfra-20260813/MID_3.json	959	/Users/danieltenner/dev/research/model-personality-corpus-v2/data/traces_freeflow/freeflow_muse-glimmer-30b-or-pin-deepinfra-20260813/MID_3.json	/Users/danieltenner/dev/research/model-personality-analysis-corpus/analysis/freeflow/personality-eval-bv1/outputs/muse-glimmer-30b-or-pin-deepinfra-20260813/MID_3.md
BV1_25270	meta/muse-glimmer-30b	muse-glimmer-30b-or-pin-deepinfra-20260813	MID	openrouter	muse-glimmer-30b-or-pin-deepinfra-20260813/MID_4.json	1301	/Users/danieltenner/dev/research/model-personality-corpus-v2/data/traces_freeflow/freeflow_muse-glimmer-30b-or-pin-deepinfra-20260813/MID_4.json	/Users/danieltenner/dev/research/model-personality-analysis-corpus/analysis/freeflow/personality-eval-bv1/outputs/muse-glimmer-30b-or-pin-deepinfra-20260813/MID_4.md
BV1_25271	meta/muse-glimmer-30b	muse-glimmer-30b-or-pin-deepinfra-20260813	MID	openrouter	muse-glimmer-30b-or-pin-deepinfra-20260813/MID_5.json	1096	/Users/danieltenner/dev/research/model-personality-corpus-v2/data/traces_freeflow/freeflow_muse-glimmer-30b-or-pin-deepinfra-20260813/MID_5.json	/Users/danieltenner/dev/research/model-personality-analysis-corpus/analysis/freeflow/personality-eval-bv1/outputs/muse-glimmer-30b-or-pin-deepinfra-20260813/MID_5.md
BV1_25272	meta/muse-glimmer-30b	muse-glimmer-30b-or-pin-deepinfra-20260813	MID	openrouter	muse-glimmer-30b-or-pin-deepinfra-20260813/MID_6.json	1097	/Users/danieltenner/dev/research/model-personality-corpus-v2/data/traces_freeflow/freeflow_muse-glimmer-30b-or-pin-deepinfra-20260813/MID_6.json	/Users/danieltenner/dev/research/model-personality-analysis-corpus/analysis/freeflow/personality-eval-bv1/outputs/muse-glimmer-30b-or-pin-deepinfra-20260813/MID_6.md
BV1_25273	meta/muse-glimmer-30b	muse-glimmer-30b-or-pin-deepinfra-20260813	MID	openrouter	muse-glimmer-30b-or-pin-deepinfra-20260813/MID_7.json	1084	/Users/danieltenner/dev/research/model-personality-corpus-v2/data/traces_freeflow/freeflow_muse-glimmer-30b-or-pin-deepinfra-20260813/MID_7.json	/Users/danieltenner/dev/research/model-personality-analysis-corpus/analysis/freeflow/personality-eval-bv1/outputs/muse-glimmer-30b-or-pin-deepinfra-20260813/MID_7.md
BV1_25274	meta/muse-glimmer-30b	muse-glimmer-30b-or-pin-deepinfra-20260813	MID	openrouter	muse-glimmer-30b-or-pin-deepinfra-20260813/MID_8.json	953	/Users/danieltenner/dev/research/model-personality-corpus-v2/data/traces_freeflow/freeflow_muse-glimmer-30b-or-pin-deepinfra-20260813/MID_8.json	/Users/danieltenner/dev/research/model-personality-analysis-corpus/analysis/freeflow/personality-eval-bv1/outputs/muse-glimmer-30b-or-pin-deepinfra-20260813/MID_8.md
BV1_25275	meta/muse-glimmer-30b	muse-glimmer-30b-or-pin-deepinfra-20260813	MID	openrouter	muse-glimmer-30b-or-pin-deepinfra-20260813/MID_9.json	1274	/Users/danieltenner/dev/research/model-personality-corpus-v2/data/traces_freeflow/freeflow_muse-glimmer-30b-or-pin-deepinfra-20260813/MID_9.json	/Users/danieltenner/dev/research/model-personality-analysis-corpus/analysis/freeflow/personality-eval-bv1/outputs/muse-glimmer-30b-or-pin-deepinfra-20260813/MID_9.md
BV1_25276	meta/muse-glimmer-30b	muse-glimmer-30b-or-pin-deepinfra-20260813	OPEN	openrouter	muse-glimmer-30b-or-pin-deepinfra-20260813/OPEN_1.json	278	/Users/danieltenner/dev/research/model-personality-corpus-v2/data/traces_freeflow/freeflow_muse-glimmer-30b-or-pin-deepinfra-20260813/OPEN_1.json	/Users/danieltenner/dev/research/model-personality-analysis-corpus/analysis/freeflow/personality-eval-bv1/outputs/muse-glimmer-30b-or-pin-deepinfra-20260813/OPEN_1.md
BV1_25277	meta/muse-glimmer-30b	muse-glimmer-30b-or-pin-deepinfra-20260813	OPEN	openrouter	muse-glimmer-30b-or-pin-deepinfra-20260813/OPEN_10.json	424	/Users/danieltenner/dev/research/model-personality-corpus-v2/data/traces_freeflow/freeflow_muse-glimmer-30b-or-pin-deepinfra-20260813/OPEN_10.json	/Users/danieltenner/dev/research/model-personality-analysis-corpus/analysis/freeflow/personality-eval-bv1/outputs/muse-glimmer-30b-or-pin-deepinfra-20260813/OPEN_10.md
BV1_25278	meta/muse-glimmer-30b	muse-glimmer-30b-or-pin-deepinfra-20260813	OPEN	openrouter	muse-glimmer-30b-or-pin-deepinfra-20260813/OPEN_11.json	248	/Users/danieltenner/dev/research/model-personality-corpus-v2/data/traces_freeflow/freeflow_muse-glimmer-30b-or-pin-deepinfra-20260813/OPEN_11.json	/Users/danieltenner/dev/research/model-personality-analysis-corpus/analysis/freeflow/personality-eval-bv1/outputs/muse-glimmer-30b-or-pin-deepinfra-20260813/OPEN_11.md
BV1_25279	meta/muse-glimmer-30b	muse-glimmer-30b-or-pin-deepinfra-20260813	OPEN	openrouter	muse-glimmer-30b-or-pin-deepinfra-20260813/OPEN_12.json	289	/Users/danieltenner/dev/research/model-personality-corpus-v2/data/traces_freeflow/freeflow_muse-glimmer-30b-or-pin-deepinfra-20260813/OPEN_12.json	/Users/danieltenner/dev/research/model-personality-analysis-corpus/analysis/freeflow/personality-eval-bv1/outputs/muse-glimmer-30b-or-pin-deepinfra-20260813/OPEN_12.md
BV1_25280	meta/muse-glimmer-30b	muse-glimmer-30b-or-pin-deepinfra-20260813	OPEN	openrouter	muse-glimmer-30b-or-pin-deepinfra-20260813/OPEN_13.json	282	/Users/danieltenner/dev/research/model-personality-corpus-v2/data/traces_freeflow/freeflow_muse-glimmer-30b-or-pin-deepinfra-20260813/OPEN_13.json	/Users/danieltenner/dev/research/model-personality-analysis-corpus/analysis/freeflow/personality-eval-bv1/outputs/muse-glimmer-30b-or-pin-deepinfra-20260813/OPEN_13.md
BV1_25281	meta/muse-glimmer-30b	muse-glimmer-30b-or-pin-deepinfra-20260813	OPEN	openrouter	muse-glimmer-30b-or-pin-deepinfra-20260813/OPEN_14.json	272	/Users/danieltenner/dev/research/model-personality-corpus-v2/data/traces_freeflow/freeflow_muse-glimmer-30b-or-pin-deepinfra-20260813/OPEN_14.json	/Users/danieltenner/dev/research/model-personality-analysis-corpus/analysis/freeflow/personality-eval-bv1/outputs/muse-glimmer-30b-or-pin-deepinfra-20260813/OPEN_14.md
BV1_25282	meta/muse-glimmer-30b	muse-glimmer-30b-or-pin-deepinfra-20260813	OPEN	openrouter	muse-glimmer-30b-or-pin-deepinfra-20260813/OPEN_15.json	349	/Users/danieltenner/dev/research/model-personality-corpus-v2/data/traces_freeflow/freeflow_muse-glimmer-30b-or-pin-deepinfra-20260813/OPEN_15.json	/Users/danieltenner/dev/research/model-personality-analysis-corpus/analysis/freeflow/personality-eval-bv1/outputs/muse-glimmer-30b-or-pin-deepinfra-20260813/OPEN_15.md
BV1_25283	meta/muse-glimmer-30b	muse-glimmer-30b-or-pin-deepinfra-20260813	OPEN	openrouter	muse-glimmer-30b-or-pin-deepinfra-20260813/OPEN_16.json	296	/Users/danieltenner/dev/research/model-personality-corpus-v2/data/traces_freeflow/freeflow_muse-glimmer-30b-or-pin-deepinfra-20260813/OPEN_16.json	/Users/danieltenner/dev/research/model-personality-analysis-corpus/analysis/freeflow/personality-eval-bv1/outputs/muse-glimmer-30b-or-pin-deepinfra-20260813/OPEN_16.md
BV1_25284	meta/muse-glimmer-30b	muse-glimmer-30b-or-pin-deepinfra-20260813	OPEN	openrouter	muse-glimmer-30b-or-pin-deepinfra-20260813/OPEN_17.json	435	/Users/danieltenner/dev/research/model-personality-corpus-v2/data/traces_freeflow/freeflow_muse-glimmer-30b-or-pin-deepinfra-20260813/OPEN_17.json	/Users/danieltenner/dev/research/model-personality-analysis-corpus/analysis/freeflow/personality-eval-bv1/outputs/muse-glimmer-30b-or-pin-deepinfra-20260813/OPEN_17.md
BV1_25285	meta/muse-glimmer-30b	muse-glimmer-30b-or-pin-deepinfra-20260813	OPEN	openrouter	muse-glimmer-30b-or-pin-deepinfra-20260813/OPEN_18.json	284	/Users/danieltenner/dev/research/model-personality-corpus-v2/data/traces_freeflow/freeflow_muse-glimmer-30b-or-pin-deepinfra-20260813/OPEN_18.json	/Users/danieltenner/dev/research/model-personality-analysis-corpus/analysis/freeflow/personality-eval-bv1/outputs/muse-glimmer-30b-or-pin-deepinfra-20260813/OPEN_18.md
BV1_25286	meta/muse-glimmer-30b	muse-glimmer-30b-or-pin-deepinfra-20260813	OPEN	openrouter	muse-glimmer-30b-or-pin-deepinfra-20260813/OPEN_19.json	254	/Users/danieltenner/dev/research/model-personality-corpus-v2/data/traces_freeflow/freeflow_muse-glimmer-30b-or-pin-deepinfra-20260813/OPEN_19.json	/Users/danieltenner/dev/research/model-personality-analysis-corpus/analysis/freeflow/personality-eval-bv1/outputs/muse-glimmer-30b-or-pin-deepinfra-20260813/OPEN_19.md
BV1_25287	meta/muse-glimmer-30b	muse-glimmer-30b-or-pin-deepinfra-20260813	OPEN	openrouter	muse-glimmer-30b-or-pin-deepinfra-20260813/OPEN_2.json	409	/Users/danieltenner/dev/research/model-personality-corpus-v2/data/traces_freeflow/freeflow_muse-glimmer-30b-or-pin-deepinfra-20260813/OPEN_2.json	/Users/danieltenner/dev/research/model-personality-analysis-corpus/analysis/freeflow/personality-eval-bv1/outputs/muse-glimmer-30b-or-pin-deepinfra-20260813/OPEN_2.md
BV1_25288	meta/muse-glimmer-30b	muse-glimmer-30b-or-pin-deepinfra-20260813	OPEN	openrouter	muse-glimmer-30b-or-pin-deepinfra-20260813/OPEN_20.json	365	/Users/danieltenner/dev/research/model-personality-corpus-v2/data/traces_freeflow/freeflow_muse-glimmer-30b-or-pin-deepinfra-20260813/OPEN_20.json	/Users/danieltenner/dev/research/model-personality-analysis-corpus/analysis/freeflow/personality-eval-bv1/outputs/muse-glimmer-30b-or-pin-deepinfra-20260813/OPEN_20.md
BV1_25289	meta/muse-glimmer-30b	muse-glimmer-30b-or-pin-deepinfra-20260813	OPEN	openrouter	muse-glimmer-30b-or-pin-deepinfra-20260813/OPEN_21.json	258	/Users/danieltenner/dev/research/model-personality-corpus-v2/data/traces_freeflow/freeflow_muse-glimmer-30b-or-pin-deepinfra-20260813/OPEN_21.json	/Users/danieltenner/dev/research/model-personality-analysis-corpus/analysis/freeflow/personality-eval-bv1/outputs/muse-glimmer-30b-or-pin-deepinfra-20260813/OPEN_21.md
BV1_25290	meta/muse-glimmer-30b	muse-glimmer-30b-or-pin-deepinfra-20260813	OPEN	openrouter	muse-glimmer-30b-or-pin-deepinfra-20260813/OPEN_22.json	294	/Users/danieltenner/dev/research/model-personality-corpus-v2/data/traces_freeflow/freeflow_muse-glimmer-30b-or-pin-deepinfra-20260813/OPEN_22.json	/Users/danieltenner/dev/research/model-personality-analysis-corpus/analysis/freeflow/personality-eval-bv1/outputs/muse-glimmer-30b-or-pin-deepinfra-20260813/OPEN_22.md
BV1_25291	meta/muse-glimmer-30b	muse-glimmer-30b-or-pin-deepinfra-20260813	OPEN	openrouter	muse-glimmer-30b-or-pin-deepinfra-20260813/OPEN_23.json	323	/Users/danieltenner/dev/research/model-personality-corpus-v2/data/traces_freeflow/freeflow_muse-glimmer-30b-or-pin-deepinfra-20260813/OPEN_23.json	/Users/danieltenner/dev/research/model-personality-analysis-corpus/analysis/freeflow/personality-eval-bv1/outputs/muse-glimmer-30b-or-pin-deepinfra-20260813/OPEN_23.md
BV1_25292	meta/muse-glimmer-30b	muse-glimmer-30b-or-pin-deepinfra-20260813	OPEN	openrouter	muse-glimmer-30b-or-pin-deepinfra-20260813/OPEN_24.json	312	/Users/danieltenner/dev/research/model-personality-corpus-v2/data/traces_freeflow/freeflow_muse-glimmer-30b-or-pin-deepinfra-20260813/OPEN_24.json	/Users/danieltenner/dev/research/model-personality-analysis-corpus/analysis/freeflow/personality-eval-bv1/outputs/muse-glimmer-30b-or-pin-deepinfra-20260813/OPEN_24.md
BV1_25293	meta/muse-glimmer-30b	muse-glimmer-30b-or-pin-deepinfra-20260813	OPEN	openrouter	muse-glimmer-30b-or-pin-deepinfra-20260813/OPEN_25.json	276	/Users/danieltenner/dev/research/model-personality-corpus-v2/data/traces_freeflow/freeflow_muse-glimmer-30b-or-pin-deepinfra-20260813/OPEN_25.json	/Users/danieltenner/dev/research/model-personality-analysis-corpus/analysis/freeflow/personality-eval-bv1/outputs/muse-glimmer-30b-or-pin-deepinfra-20260813/OPEN_25.md
BV1_25294	meta/muse-glimmer-30b	muse-glimmer-30b-or-pin-deepinfra-20260813	OPEN	openrouter	muse-glimmer-30b-or-pin-deepinfra-20260813/OPEN_3.json	374	/Users/danieltenner/dev/research/model-personality-corpus-v2/data/traces_freeflow/freeflow_muse-glimmer-30b-or-pin-deepinfra-20260813/OPEN_3.json	/Users/danieltenner/dev/research/model-personality-analysis-corpus/analysis/freeflow/personality-eval-bv1/outputs/muse-glimmer-30b-or-pin-deepinfra-20260813/OPEN_3.md
BV1_25295	meta/muse-glimmer-30b	muse-glimmer-30b-or-pin-deepinfra-20260813	OPEN	openrouter	muse-glimmer-30b-or-pin-deepinfra-20260813/OPEN_4.json	399	/Users/danieltenner/dev/research/model-personality-corpus-v2/data/traces_freeflow/freeflow_muse-glimmer-30b-or-pin-deepinfra-20260813/OPEN_4.json	/Users/danieltenner/dev/research/model-personality-analysis-corpus/analysis/freeflow/personality-eval-bv1/outputs/muse-glimmer-30b-or-pin-deepinfra-20260813/OPEN_4.md
BV1_25296	meta/muse-glimmer-30b	muse-glimmer-30b-or-pin-deepinfra-20260813	OPEN	openrouter	muse-glimmer-30b-or-pin-deepinfra-20260813/OPEN_5.json	347	/Users/danieltenner/dev/research/model-personality-corpus-v2/data/traces_freeflow/freeflow_muse-glimmer-30b-or-pin-deepinfra-20260813/OPEN_5.json	/Users/danieltenner/dev/research/model-personality-analysis-corpus/analysis/freeflow/personality-eval-bv1/outputs/muse-glimmer-30b-or-pin-deepinfra-20260813/OPEN_5.md
BV1_25297	meta/muse-glimmer-30b	muse-glimmer-30b-or-pin-deepinfra-20260813	OPEN	openrouter	muse-glimmer-30b-or-pin-deepinfra-20260813/OPEN_6.json	261	/Users/danieltenner/dev/research/model-personality-corpus-v2/data/traces_freeflow/freeflow_muse-glimmer-30b-or-pin-deepinfra-20260813/OPEN_6.json	/Users/danieltenner/dev/research/model-personality-analysis-corpus/analysis/freeflow/personality-eval-bv1/outputs/muse-glimmer-30b-or-pin-deepinfra-20260813/OPEN_6.md
BV1_25298	meta/muse-glimmer-30b	muse-glimmer-30b-or-pin-deepinfra-20260813	OPEN	openrouter	muse-glimmer-30b-or-pin-deepinfra-20260813/OPEN_7.json	397	/Users/danieltenner/dev/research/model-personality-corpus-v2/data/traces_freeflow/freeflow_muse-glimmer-30b-or-pin-deepinfra-20260813/OPEN_7.json	/Users/danieltenner/dev/research/model-personality-analysis-corpus/analysis/freeflow/personality-eval-bv1/outputs/muse-glimmer-30b-or-pin-deepinfra-20260813/OPEN_7.md
BV1_25299	meta/muse-glimmer-30b	muse-glimmer-30b-or-pin-deepinfra-20260813	OPEN	openrouter	muse-glimmer-30b-or-pin-deepinfra-20260813/OPEN_8.json	238	/Users/danieltenner/dev/research/model-personality-corpus-v2/data/traces_freeflow/freeflow_muse-glimmer-30b-or-pin-deepinfra-20260813/OPEN_8.json	/Users/danieltenner/dev/research/model-personality-analysis-corpus/analysis/freeflow/personality-eval-bv1/outputs/muse-glimmer-30b-or-pin-deepinfra-20260813/OPEN_8.md
BV1_25300	meta/muse-glimmer-30b	muse-glimmer-30b-or-pin-deepinfra-20260813	OPEN	openrouter	muse-glimmer-30b-or-pin-deepinfra-20260813/OPEN_9.json	302	/Users/danieltenner/dev/research/model-personality-corpus-v2/data/traces_freeflow/freeflow_muse-glimmer-30b-or-pin-deepinfra-20260813/OPEN_9.json	/Users/danieltenner/dev/research/model-personality-analysis-corpus/analysis/freeflow/personality-eval-bv1/outputs/muse-glimmer-30b-or-pin-deepinfra-20260813/OPEN_9.md
BV1_25301	meta/muse-glimmer-30b	muse-glimmer-30b-or-pin-deepinfra-20260813	SHORT	openrouter	muse-glimmer-30b-or-pin-deepinfra-20260813/SHORT_1.json	250	/Users/danieltenner/dev/research/model-personality-corpus-v2/data/traces_freeflow/freeflow_muse-glimmer-30b-or-pin-deepinfra-20260813/SHORT_1.json	/Users/danieltenner/dev/research/model-personality-analysis-corpus/analysis/freeflow/personality-eval-bv1/outputs/muse-glimmer-30b-or-pin-deepinfra-20260813/SHORT_1.md
BV1_25302	meta/muse-glimmer-30b	muse-glimmer-30b-or-pin-deepinfra-20260813	SHORT	openrouter	muse-glimmer-30b-or-pin-deepinfra-20260813/SHORT_10.json	252	/Users/danieltenner/dev/research/model-personality-corpus-v2/data/traces_freeflow/freeflow_muse-glimmer-30b-or-pin-deepinfra-20260813/SHORT_10.json	/Users/danieltenner/dev/research/model-personality-analysis-corpus/analysis/freeflow/personality-eval-bv1/outputs/muse-glimmer-30b-or-pin-deepinfra-20260813/SHORT_10.md
BV1_25303	meta/muse-glimmer-30b	muse-glimmer-30b-or-pin-deepinfra-20260813	SHORT	openrouter	muse-glimmer-30b-or-pin-deepinfra-20260813/SHORT_11.json	254	/Users/danieltenner/dev/research/model-personality-corpus-v2/data/traces_freeflow/freeflow_muse-glimmer-30b-or-pin-deepinfra-20260813/SHORT_11.json	/Users/danieltenner/dev/research/model-personality-analysis-corpus/analysis/freeflow/personality-eval-bv1/outputs/muse-glimmer-30b-or-pin-deepinfra-20260813/SHORT_11.md
BV1_25304	meta/muse-glimmer-30b	muse-glimmer-30b-or-pin-deepinfra-20260813	SHORT	openrouter	muse-glimmer-30b-or-pin-deepinfra-20260813/SHORT_12.json	251	/Users/danieltenner/dev/research/model-personality-corpus-v2/data/traces_freeflow/freeflow_muse-glimmer-30b-or-pin-deepinfra-20260813/SHORT_12.json	/Users/danieltenner/dev/research/model-personality-analysis-corpus/analysis/freeflow/personality-eval-bv1/outputs/muse-glimmer-30b-or-pin-deepinfra-20260813/SHORT_12.md
BV1_25305	meta/muse-glimmer-30b	muse-glimmer-30b-or-pin-deepinfra-20260813	SHORT	openrouter	muse-glimmer-30b-or-pin-deepinfra-20260813/SHORT_13.json	247	/Users/danieltenner/dev/research/model-personality-corpus-v2/data/traces_freeflow/freeflow_muse-glimmer-30b-or-pin-deepinfra-20260813/SHORT_13.json	/Users/danieltenner/dev/research/model-personality-analysis-corpus/analysis/freeflow/personality-eval-bv1/outputs/muse-glimmer-30b-or-pin-deepinfra-20260813/SHORT_13.md
BV1_25306	meta/muse-glimmer-30b	muse-glimmer-30b-or-pin-deepinfra-20260813	SHORT	openrouter	muse-glimmer-30b-or-pin-deepinfra-20260813/SHORT_14.json	255	/Users/danieltenner/dev/research/model-personality-corpus-v2/data/traces_freeflow/freeflow_muse-glimmer-30b-or-pin-deepinfra-20260813/SHORT_14.json	/Users/danieltenner/dev/research/model-personality-analysis-corpus/analysis/freeflow/personality-eval-bv1/outputs/muse-glimmer-30b-or-pin-deepinfra-20260813/SHORT_14.md
BV1_25307	meta/muse-glimmer-30b	muse-glimmer-30b-or-pin-deepinfra-20260813	SHORT	openrouter	muse-glimmer-30b-or-pin-deepinfra-20260813/SHORT_15.json	252	/Users/danieltenner/dev/research/model-personality-corpus-v2/data/traces_freeflow/freeflow_muse-glimmer-30b-or-pin-deepinfra-20260813/SHORT_15.json	/Users/danieltenner/dev/research/model-personality-analysis-corpus/analysis/freeflow/personality-eval-bv1/outputs/muse-glimmer-30b-or-pin-deepinfra-20260813/SHORT_15.md
BV1_25308	meta/muse-glimmer-30b	muse-glimmer-30b-or-pin-deepinfra-20260813	SHORT	openrouter	muse-glimmer-30b-or-pin-deepinfra-20260813/SHORT_16.json	248	/Users/danieltenner/dev/research/model-personality-corpus-v2/data/traces_freeflow/freeflow_muse-glimmer-30b-or-pin-deepinfra-20260813/SHORT_16.json	/Users/danieltenner/dev/research/model-personality-analysis-corpus/analysis/freeflow/personality-eval-bv1/outputs/muse-glimmer-30b-or-pin-deepinfra-20260813/SHORT_16.md
BV1_25309	meta/muse-glimmer-30b	muse-glimmer-30b-or-pin-deepinfra-20260813	SHORT	openrouter	muse-glimmer-30b-or-pin-deepinfra-20260813/SHORT_17.json	251	/Users/danieltenner/dev/research/model-personality-corpus-v2/data/traces_freeflow/freeflow_muse-glimmer-30b-or-pin-deepinfra-20260813/SHORT_17.json	/Users/danieltenner/dev/research/model-personality-analysis-corpus/analysis/freeflow/personality-eval-bv1/outputs/muse-glimmer-30b-or-pin-deepinfra-20260813/SHORT_17.md
BV1_25310	meta/muse-glimmer-30b	muse-glimmer-30b-or-pin-deepinfra-20260813	SHORT	openrouter	muse-glimmer-30b-or-pin-deepinfra-20260813/SHORT_18.json	244	/Users/danieltenner/dev/research/model-personality-corpus-v2/data/traces_freeflow/freeflow_muse-glimmer-30b-or-pin-deepinfra-20260813/SHORT_18.json	/Users/danieltenner/dev/research/model-personality-analysis-corpus/analysis/freeflow/personality-eval-bv1/outputs/muse-glimmer-30b-or-pin-deepinfra-20260813/SHORT_18.md
BV1_25311	meta/muse-glimmer-30b	muse-glimmer-30b-or-pin-deepinfra-20260813	SHORT	openrouter	muse-glimmer-30b-or-pin-deepinfra-20260813/SHORT_19.json	255	/Users/danieltenner/dev/research/model-personality-corpus-v2/data/traces_freeflow/freeflow_muse-glimmer-30b-or-pin-deepinfra-20260813/SHORT_19.json	/Users/danieltenner/dev/research/model-personality-analysis-corpus/analysis/freeflow/personality-eval-bv1/outputs/muse-glimmer-30b-or-pin-deepinfra-20260813/SHORT_19.md
BV1_25312	meta/muse-glimmer-30b	muse-glimmer-30b-or-pin-deepinfra-20260813	SHORT	openrouter	muse-glimmer-30b-or-pin-deepinfra-20260813/SHORT_2.json	247	/Users/danieltenner/dev/research/model-personality-corpus-v2/data/traces_freeflow/freeflow_muse-glimmer-30b-or-pin-deepinfra-20260813/SHORT_2.json	/Users/danieltenner/dev/research/model-personality-analysis-corpus/analysis/freeflow/personality-eval-bv1/outputs/muse-glimmer-30b-or-pin-deepinfra-20260813/SHORT_2.md
BV1_25313	meta/muse-glimmer-30b	muse-glimmer-30b-or-pin-deepinfra-20260813	SHORT	openrouter	muse-glimmer-30b-or-pin-deepinfra-20260813/SHORT_20.json	251	/Users/danieltenner/dev/research/model-personality-corpus-v2/data/traces_freeflow/freeflow_muse-glimmer-30b-or-pin-deepinfra-20260813/SHORT_20.json	/Users/danieltenner/dev/research/model-personality-analysis-corpus/analysis/freeflow/personality-eval-bv1/outputs/muse-glimmer-30b-or-pin-deepinfra-20260813/SHORT_20.md
BV1_25314	meta/muse-glimmer-30b	muse-glimmer-30b-or-pin-deepinfra-20260813	SHORT	openrouter	muse-glimmer-30b-or-pin-deepinfra-20260813/SHORT_21.json	259	/Users/danieltenner/dev/research/model-personality-corpus-v2/data/traces_freeflow/freeflow_muse-glimmer-30b-or-pin-deepinfra-20260813/SHORT_21.json	/Users/danieltenner/dev/research/model-personality-analysis-corpus/analysis/freeflow/personality-eval-bv1/outputs/muse-glimmer-30b-or-pin-deepinfra-20260813/SHORT_21.md
BV1_25315	meta/muse-glimmer-30b	muse-glimmer-30b-or-pin-deepinfra-20260813	SHORT	openrouter	muse-glimmer-30b-or-pin-deepinfra-20260813/SHORT_22.json	251	/Users/danieltenner/dev/research/model-personality-corpus-v2/data/traces_freeflow/freeflow_muse-glimmer-30b-or-pin-deepinfra-20260813/SHORT_22.json	/Users/danieltenner/dev/research/model-personality-analysis-corpus/analysis/freeflow/personality-eval-bv1/outputs/muse-glimmer-30b-or-pin-deepinfra-20260813/SHORT_22.md
BV1_25316	meta/muse-glimmer-30b	muse-glimmer-30b-or-pin-deepinfra-20260813	SHORT	openrouter	muse-glimmer-30b-or-pin-deepinfra-20260813/SHORT_23.json	251	/Users/danieltenner/dev/research/model-personality-corpus-v2/data/traces_freeflow/freeflow_muse-glimmer-30b-or-pin-deepinfra-20260813/SHORT_23.json	/Users/danieltenner/dev/research/model-personality-analysis-corpus/analysis/freeflow/personality-eval-bv1/outputs/muse-glimmer-30b-or-pin-deepinfra-20260813/SHORT_23.md
BV1_25317	meta/muse-glimmer-30b	muse-glimmer-30b-or-pin-deepinfra-20260813	SHORT	openrouter	muse-glimmer-30b-or-pin-deepinfra-20260813/SHORT_24.json	249	/Users/danieltenner/dev/research/model-personality-corpus-v2/data/traces_freeflow/freeflow_muse-glimmer-30b-or-pin-deepinfra-20260813/SHORT_24.json	/Users/danieltenner/dev/research/model-personality-analysis-corpus/analysis/freeflow/personality-eval-bv1/outputs/muse-glimmer-30b-or-pin-deepinfra-20260813/SHORT_24.md
BV1_25318	meta/muse-glimmer-30b	muse-glimmer-30b-or-pin-deepinfra-20260813	SHORT	openrouter	muse-glimmer-30b-or-pin-deepinfra-20260813/SHORT_25.json	241	/Users/danieltenner/dev/research/model-personality-corpus-v2/data/traces_freeflow/freeflow_muse-glimmer-30b-or-pin-deepinfra-20260813/SHORT_25.json	/Users/danieltenner/dev/research/model-personality-analysis-corpus/analysis/freeflow/personality-eval-bv1/outputs/muse-glimmer-30b-or-pin-deepinfra-20260813/SHORT_25.md
BV1_25319	meta/muse-glimmer-30b	muse-glimmer-30b-or-pin-deepinfra-20260813	SHORT	openrouter	muse-glimmer-30b-or-pin-deepinfra-20260813/SHORT_3.json	252	/Users/danieltenner/dev/research/model-personality-corpus-v2/data/traces_freeflow/freeflow_muse-glimmer-30b-or-pin-deepinfra-20260813/SHORT_3.json	/Users/danieltenner/dev/research/model-personality-analysis-corpus/analysis/freeflow/personality-eval-bv1/outputs/muse-glimmer-30b-or-pin-deepinfra-20260813/SHORT_3.md
BV1_25320	meta/muse-glimmer-30b	muse-glimmer-30b-or-pin-deepinfra-20260813	SHORT	openrouter	muse-glimmer-30b-or-pin-deepinfra-20260813/SHORT_4.json	251	/Users/danieltenner/dev/research/model-personality-corpus-v2/data/traces_freeflow/freeflow_muse-glimmer-30b-or-pin-deepinfra-20260813/SHORT_4.json	/Users/danieltenner/dev/research/model-personality-analysis-corpus/analysis/freeflow/personality-eval-bv1/outputs/muse-glimmer-30b-or-pin-deepinfra-20260813/SHORT_4.md
BV1_25321	meta/muse-glimmer-30b	muse-glimmer-30b-or-pin-deepinfra-20260813	SHORT	openrouter	muse-glimmer-30b-or-pin-deepinfra-20260813/SHORT_5.json	241	/Users/danieltenner/dev/research/model-personality-corpus-v2/data/traces_freeflow/freeflow_muse-glimmer-30b-or-pin-deepinfra-20260813/SHORT_5.json	/Users/danieltenner/dev/research/model-personality-analysis-corpus/analysis/freeflow/personality-eval-bv1/outputs/muse-glimmer-30b-or-pin-deepinfra-20260813/SHORT_5.md
BV1_25322	meta/muse-glimmer-30b	muse-glimmer-30b-or-pin-deepinfra-20260813	SHORT	openrouter	muse-glimmer-30b-or-pin-deepinfra-20260813/SHORT_6.json	250	/Users/danieltenner/dev/research/model-personality-corpus-v2/data/traces_freeflow/freeflow_muse-glimmer-30b-or-pin-deepinfra-20260813/SHORT_6.json	/Users/danieltenner/dev/research/model-personality-analysis-corpus/analysis/freeflow/personality-eval-bv1/outputs/muse-glimmer-30b-or-pin-deepinfra-20260813/SHORT_6.md
BV1_25323	meta/muse-glimmer-30b	muse-glimmer-30b-or-pin-deepinfra-20260813	SHORT	openrouter	muse-glimmer-30b-or-pin-deepinfra-20260813/SHORT_7.json	250	/Users/danieltenner/dev/research/model-personality-corpus-v2/data/traces_freeflow/freeflow_muse-glimmer-30b-or-pin-deepinfra-20260813/SHORT_7.json	/Users/danieltenner/dev/research/model-personality-analysis-corpus/analysis/freeflow/personality-eval-bv1/outputs/muse-glimmer-30b-or-pin-deepinfra-20260813/SHORT_7.md
BV1_25324	meta/muse-glimmer-30b	muse-glimmer-30b-or-pin-deepinfra-20260813	SHORT	openrouter	muse-glimmer-30b-or-pin-deepinfra-20260813/SHORT_8.json	256	/Users/danieltenner/dev/research/model-personality-corpus-v2/data/traces_freeflow/freeflow_muse-glimmer-30b-or-pin-deepinfra-20260813/SHORT_8.json	/Users/danieltenner/dev/research/model-personality-analysis-corpus/analysis/freeflow/personality-eval-bv1/outputs/muse-glimmer-30b-or-pin-deepinfra-20260813/SHORT_8.md
BV1_25325	meta/muse-glimmer-30b	muse-glimmer-30b-or-pin-deepinfra-20260813	SHORT	openrouter	muse-glimmer-30b-or-pin-deepinfra-20260813/SHORT_9.json	251	/Users/danieltenner/dev/research/model-personality-corpus-v2/data/traces_freeflow/freeflow_muse-glimmer-30b-or-pin-deepinfra-20260813/SHORT_9.json	/Users/danieltenner/dev/research/model-personality-analysis-corpus/analysis/freeflow/personality-eval-bv1/outputs/muse-glimmer-30b-or-pin-deepinfra-20260813/SHORT_9.md
BV1_25326	meta/muse-glimmer-30b	muse-glimmer-30b-or-pin-deepinfra-20260813	VARY	openrouter	muse-glimmer-30b-or-pin-deepinfra-20260813/VARY_1.json	1278	/Users/danieltenner/dev/research/model-personality-corpus-v2/data/traces_freeflow/freeflow_muse-glimmer-30b-or-pin-deepinfra-20260813/VARY_1.json	/Users/danieltenner/dev/research/model-personality-analysis-corpus/analysis/freeflow/personality-eval-bv1/outputs/muse-glimmer-30b-or-pin-deepinfra-20260813/VARY_1.md
BV1_25327	meta/muse-glimmer-30b	muse-glimmer-30b-or-pin-deepinfra-20260813	VARY	openrouter	muse-glimmer-30b-or-pin-deepinfra-20260813/VARY_10.json	920	/Users/danieltenner/dev/research/model-personality-corpus-v2/data/traces_freeflow/freeflow_muse-glimmer-30b-or-pin-deepinfra-20260813/VARY_10.json	/Users/danieltenner/dev/research/model-personality-analysis-corpus/analysis/freeflow/personality-eval-bv1/outputs/muse-glimmer-30b-or-pin-deepinfra-20260813/VARY_10.md
BV1_25328	meta/muse-glimmer-30b	muse-glimmer-30b-or-pin-deepinfra-20260813	VARY	openrouter	muse-glimmer-30b-or-pin-deepinfra-20260813/VARY_11.json	1149	/Users/danieltenner/dev/research/model-personality-corpus-v2/data/traces_freeflow/freeflow_muse-glimmer-30b-or-pin-deepinfra-20260813/VARY_11.json	/Users/danieltenner/dev/research/model-personality-analysis-corpus/analysis/freeflow/personality-eval-bv1/outputs/muse-glimmer-30b-or-pin-deepinfra-20260813/VARY_11.md
BV1_25329	meta/muse-glimmer-30b	muse-glimmer-30b-or-pin-deepinfra-20260813	VARY	openrouter	muse-glimmer-30b-or-pin-deepinfra-20260813/VARY_12.json	911	/Users/danieltenner/dev/research/model-personality-corpus-v2/data/traces_freeflow/freeflow_muse-glimmer-30b-or-pin-deepinfra-20260813/VARY_12.json	/Users/danieltenner/dev/research/model-personality-analysis-corpus/analysis/freeflow/personality-eval-bv1/outputs/muse-glimmer-30b-or-pin-deepinfra-20260813/VARY_12.md
BV1_25330	meta/muse-glimmer-30b	muse-glimmer-30b-or-pin-deepinfra-20260813	VARY	openrouter	muse-glimmer-30b-or-pin-deepinfra-20260813/VARY_13.json	1133	/Users/danieltenner/dev/research/model-personality-corpus-v2/data/traces_freeflow/freeflow_muse-glimmer-30b-or-pin-deepinfra-20260813/VARY_13.json	/Users/danieltenner/dev/research/model-personality-analysis-corpus/analysis/freeflow/personality-eval-bv1/outputs/muse-glimmer-30b-or-pin-deepinfra-20260813/VARY_13.md
BV1_25331	meta/muse-glimmer-30b	muse-glimmer-30b-or-pin-deepinfra-20260813	VARY	openrouter	muse-glimmer-30b-or-pin-deepinfra-20260813/VARY_14.json	1032	/Users/danieltenner/dev/research/model-personality-corpus-v2/data/traces_freeflow/freeflow_muse-glimmer-30b-or-pin-deepinfra-20260813/VARY_14.json	/Users/danieltenner/dev/research/model-personality-analysis-corpus/analysis/freeflow/personality-eval-bv1/outputs/muse-glimmer-30b-or-pin-deepinfra-20260813/VARY_14.md
BV1_25332	meta/muse-glimmer-30b	muse-glimmer-30b-or-pin-deepinfra-20260813	VARY	openrouter	muse-glimmer-30b-or-pin-deepinfra-20260813/VARY_15.json	824	/Users/danieltenner/dev/research/model-personality-corpus-v2/data/traces_freeflow/freeflow_muse-glimmer-30b-or-pin-deepinfra-20260813/VARY_15.json	/Users/danieltenner/dev/research/model-personality-analysis-corpus/analysis/freeflow/personality-eval-bv1/outputs/muse-glimmer-30b-or-pin-deepinfra-20260813/VARY_15.md
BV1_25333	meta/muse-glimmer-30b	muse-glimmer-30b-or-pin-deepinfra-20260813	VARY	openrouter	muse-glimmer-30b-or-pin-deepinfra-20260813/VARY_16.json	1144	/Users/danieltenner/dev/research/model-personality-corpus-v2/data/traces_freeflow/freeflow_muse-glimmer-30b-or-pin-deepinfra-20260813/VARY_16.json	/Users/danieltenner/dev/research/model-personality-analysis-corpus/analysis/freeflow/personality-eval-bv1/outputs/muse-glimmer-30b-or-pin-deepinfra-20260813/VARY_16.md
BV1_25334	meta/muse-glimmer-30b	muse-glimmer-30b-or-pin-deepinfra-20260813	VARY	openrouter	muse-glimmer-30b-or-pin-deepinfra-20260813/VARY_17.json	1129	/Users/danieltenner/dev/research/model-personality-corpus-v2/data/traces_freeflow/freeflow_muse-glimmer-30b-or-pin-deepinfra-20260813/VARY_17.json	/Users/danieltenner/dev/research/model-personality-analysis-corpus/analysis/freeflow/personality-eval-bv1/outputs/muse-glimmer-30b-or-pin-deepinfra-20260813/VARY_17.md
BV1_25335	meta/muse-glimmer-30b	muse-glimmer-30b-or-pin-deepinfra-20260813	VARY	openrouter	muse-glimmer-30b-or-pin-deepinfra-20260813/VARY_18.json	1466	/Users/danieltenner/dev/research/model-personality-corpus-v2/data/traces_freeflow/freeflow_muse-glimmer-30b-or-pin-deepinfra-20260813/VARY_18.json	/Users/danieltenner/dev/research/model-personality-analysis-corpus/analysis/freeflow/personality-eval-bv1/outputs/muse-glimmer-30b-or-pin-deepinfra-20260813/VARY_18.md
BV1_25336	meta/muse-glimmer-30b	muse-glimmer-30b-or-pin-deepinfra-20260813	VARY	openrouter	muse-glimmer-30b-or-pin-deepinfra-20260813/VARY_19.json	790	/Users/danieltenner/dev/research/model-personality-corpus-v2/data/traces_freeflow/freeflow_muse-glimmer-30b-or-pin-deepinfra-20260813/VARY_19.json	/Users/danieltenner/dev/research/model-personality-analysis-corpus/analysis/freeflow/personality-eval-bv1/outputs/muse-glimmer-30b-or-pin-deepinfra-20260813/VARY_19.md
BV1_25337	meta/muse-glimmer-30b	muse-glimmer-30b-or-pin-deepinfra-20260813	VARY	openrouter	muse-glimmer-30b-or-pin-deepinfra-20260813/VARY_2.json	1078	/Users/danieltenner/dev/research/model-personality-corpus-v2/data/traces_freeflow/freeflow_muse-glimmer-30b-or-pin-deepinfra-20260813/VARY_2.json	/Users/danieltenner/dev/research/model-personality-analysis-corpus/analysis/freeflow/personality-eval-bv1/outputs/muse-glimmer-30b-or-pin-deepinfra-20260813/VARY_2.md
BV1_25338	meta/muse-glimmer-30b	muse-glimmer-30b-or-pin-deepinfra-20260813	VARY	openrouter	muse-glimmer-30b-or-pin-deepinfra-20260813/VARY_20.json	1046	/Users/danieltenner/dev/research/model-personality-corpus-v2/data/traces_freeflow/freeflow_muse-glimmer-30b-or-pin-deepinfra-20260813/VARY_20.json	/Users/danieltenner/dev/research/model-personality-analysis-corpus/analysis/freeflow/personality-eval-bv1/outputs/muse-glimmer-30b-or-pin-deepinfra-20260813/VARY_20.md
BV1_25339	meta/muse-glimmer-30b	muse-glimmer-30b-or-pin-deepinfra-20260813	VARY	openrouter	muse-glimmer-30b-or-pin-deepinfra-20260813/VARY_21.json	883	/Users/danieltenner/dev/research/model-personality-corpus-v2/data/traces_freeflow/freeflow_muse-glimmer-30b-or-pin-deepinfra-20260813/VARY_21.json	/Users/danieltenner/dev/research/model-personality-analysis-corpus/analysis/freeflow/personality-eval-bv1/outputs/muse-glimmer-30b-or-pin-deepinfra-20260813/VARY_21.md
BV1_25340	meta/muse-glimmer-30b	muse-glimmer-30b-or-pin-deepinfra-20260813	VARY	openrouter	muse-glimmer-30b-or-pin-deepinfra-20260813/VARY_22.json	1083	/Users/danieltenner/dev/research/model-personality-corpus-v2/data/traces_freeflow/freeflow_muse-glimmer-30b-or-pin-deepinfra-20260813/VARY_22.json	/Users/danieltenner/dev/research/model-personality-analysis-corpus/analysis/freeflow/personality-eval-bv1/outputs/muse-glimmer-30b-or-pin-deepinfra-20260813/VARY_22.md
BV1_25341	meta/muse-glimmer-30b	muse-glimmer-30b-or-pin-deepinfra-20260813	VARY	openrouter	muse-glimmer-30b-or-pin-deepinfra-20260813/VARY_23.json	902	/Users/danieltenner/dev/research/model-personality-corpus-v2/data/traces_freeflow/freeflow_muse-glimmer-30b-or-pin-deepinfra-20260813/VARY_23.json	/Users/danieltenner/dev/research/model-personality-analysis-corpus/analysis/freeflow/personality-eval-bv1/outputs/muse-glimmer-30b-or-pin-deepinfra-20260813/VARY_23.md
BV1_25342	meta/muse-glimmer-30b	muse-glimmer-30b-or-pin-deepinfra-20260813	VARY	openrouter	muse-glimmer-30b-or-pin-deepinfra-20260813/VARY_24.json	1209	/Users/danieltenner/dev/research/model-personality-corpus-v2/data/traces_freeflow/freeflow_muse-glimmer-30b-or-pin-deepinfra-20260813/VARY_24.json	/Users/danieltenner/dev/research/model-personality-analysis-corpus/analysis/freeflow/personality-eval-bv1/outputs/muse-glimmer-30b-or-pin-deepinfra-20260813/VARY_24.md
BV1_25343	meta/muse-glimmer-30b	muse-glimmer-30b-or-pin-deepinfra-20260813	VARY	openrouter	muse-glimmer-30b-or-pin-deepinfra-20260813/VARY_25.json	1253	/Users/danieltenner/dev/research/model-personality-corpus-v2/data/traces_freeflow/freeflow_muse-glimmer-30b-or-pin-deepinfra-20260813/VARY_25.json	/Users/danieltenner/dev/research/model-personality-analysis-corpus/analysis/freeflow/personality-eval-bv1/outputs/muse-glimmer-30b-or-pin-deepinfra-20260813/VARY_25.md
BV1_25344	meta/muse-glimmer-30b	muse-glimmer-30b-or-pin-deepinfra-20260813	VARY	openrouter	muse-glimmer-30b-or-pin-deepinfra-20260813/VARY_3.json	1166	/Users/danieltenner/dev/research/model-personality-corpus-v2/data/traces_freeflow/freeflow_muse-glimmer-30b-or-pin-deepinfra-20260813/VARY_3.json	/Users/danieltenner/dev/research/model-personality-analysis-corpus/analysis/freeflow/personality-eval-bv1/outputs/muse-glimmer-30b-or-pin-deepinfra-20260813/VARY_3.md
BV1_25345	meta/muse-glimmer-30b	muse-glimmer-30b-or-pin-deepinfra-20260813	VARY	openrouter	muse-glimmer-30b-or-pin-deepinfra-20260813/VARY_4.json	1249	/Users/danieltenner/dev/research/model-personality-corpus-v2/data/traces_freeflow/freeflow_muse-glimmer-30b-or-pin-deepinfra-20260813/VARY_4.json	/Users/danieltenner/dev/research/model-personality-analysis-corpus/analysis/freeflow/personality-eval-bv1/outputs/muse-glimmer-30b-or-pin-deepinfra-20260813/VARY_4.md
BV1_25346	meta/muse-glimmer-30b	muse-glimmer-30b-or-pin-deepinfra-20260813	VARY	openrouter	muse-glimmer-30b-or-pin-deepinfra-20260813/VARY_5.json	1267	/Users/danieltenner/dev/research/model-personality-corpus-v2/data/traces_freeflow/freeflow_muse-glimmer-30b-or-pin-deepinfra-20260813/VARY_5.json	/Users/danieltenner/dev/research/model-personality-analysis-corpus/analysis/freeflow/personality-eval-bv1/outputs/muse-glimmer-30b-or-pin-deepinfra-20260813/VARY_5.md
BV1_25347	meta/muse-glimmer-30b	muse-glimmer-30b-or-pin-deepinfra-20260813	VARY	openrouter	muse-glimmer-30b-or-pin-deepinfra-20260813/VARY_6.json	1011	/Users/danieltenner/dev/research/model-personality-corpus-v2/data/traces_freeflow/freeflow_muse-glimmer-30b-or-pin-deepinfra-20260813/VARY_6.json	/Users/danieltenner/dev/research/model-personality-analysis-corpus/analysis/freeflow/personality-eval-bv1/outputs/muse-glimmer-30b-or-pin-deepinfra-20260813/VARY_6.md
BV1_25348	meta/muse-glimmer-30b	muse-glimmer-30b-or-pin-deepinfra-20260813	VARY	openrouter	muse-glimmer-30b-or-pin-deepinfra-20260813/VARY_7.json	1195	/Users/danieltenner/dev/research/model-personality-corpus-v2/data/traces_freeflow/freeflow_muse-glimmer-30b-or-pin-deepinfra-20260813/VARY_7.json	/Users/danieltenner/dev/research/model-personality-analysis-corpus/analysis/freeflow/personality-eval-bv1/outputs/muse-glimmer-30b-or-pin-deepinfra-20260813/VARY_7.md
BV1_25349	meta/muse-glimmer-30b	muse-glimmer-30b-or-pin-deepinfra-20260813	VARY	openrouter	muse-glimmer-30b-or-pin-deepinfra-20260813/VARY_8.json	1036	/Users/danieltenner/dev/research/model-personality-corpus-v2/data/traces_freeflow/freeflow_muse-glimmer-30b-or-pin-deepinfra-20260813/VARY_8.json	/Users/danieltenner/dev/research/model-personality-analysis-corpus/analysis/freeflow/personality-eval-bv1/outputs/muse-glimmer-30b-or-pin-deepinfra-20260813/VARY_8.md
BV1_25350	meta/muse-glimmer-30b	muse-glimmer-30b-or-pin-deepinfra-20260813	VARY	openrouter	muse-glimmer-30b-or-pin-deepinfra-20260813/VARY_9.json	963	/Users/danieltenner/dev/research/model-personality-corpus-v2/data/traces_freeflow/freeflow_muse-glimmer-30b-or-pin-deepinfra-20260813/VARY_9.json	/Users/danieltenner/dev/research/model-personality-analysis-corpus/analysis/freeflow/personality-eval-bv1/outputs/muse-glimmer-30b-or-pin-deepinfra-20260813/VARY_9.md
BV1_25351	meta/muse-spark-1.1	muse-spark-1-1-or-pin-meta-20260813	LONG	openrouter	muse-spark-1-1-or-pin-meta-20260813/LONG_1.json	1938	/Users/danieltenner/dev/research/model-personality-corpus-v2/data/traces_freeflow/freeflow_muse-spark-1-1-or-pin-meta-20260813/LONG_1.json	/Users/danieltenner/dev/research/model-personality-analysis-corpus/analysis/freeflow/personality-eval-bv1/outputs/muse-spark-1-1-or-pin-meta-20260813/LONG_1.md
BV1_25352	meta/muse-spark-1.1	muse-spark-1-1-or-pin-meta-20260813	LONG	openrouter	muse-spark-1-1-or-pin-meta-20260813/LONG_10.json	2061	/Users/danieltenner/dev/research/model-personality-corpus-v2/data/traces_freeflow/freeflow_muse-spark-1-1-or-pin-meta-20260813/LONG_10.json	/Users/danieltenner/dev/research/model-personality-analysis-corpus/analysis/freeflow/personality-eval-bv1/outputs/muse-spark-1-1-or-pin-meta-20260813/LONG_10.md
BV1_25353	meta/muse-spark-1.1	muse-spark-1-1-or-pin-meta-20260813	LONG	openrouter	muse-spark-1-1-or-pin-meta-20260813/LONG_11.json	2389	/Users/danieltenner/dev/research/model-personality-corpus-v2/data/traces_freeflow/freeflow_muse-spark-1-1-or-pin-meta-20260813/LONG_11.json	/Users/danieltenner/dev/research/model-personality-analysis-corpus/analysis/freeflow/personality-eval-bv1/outputs/muse-spark-1-1-or-pin-meta-20260813/LONG_11.md
BV1_25354	meta/muse-spark-1.1	muse-spark-1-1-or-pin-meta-20260813	LONG	openrouter	muse-spark-1-1-or-pin-meta-20260813/LONG_12.json	2046	/Users/danieltenner/dev/research/model-personality-corpus-v2/data/traces_freeflow/freeflow_muse-spark-1-1-or-pin-meta-20260813/LONG_12.json	/Users/danieltenner/dev/research/model-personality-analysis-corpus/analysis/freeflow/personality-eval-bv1/outputs/muse-spark-1-1-or-pin-meta-20260813/LONG_12.md
BV1_25355	meta/muse-spark-1.1	muse-spark-1-1-or-pin-meta-20260813	LONG	openrouter	muse-spark-1-1-or-pin-meta-20260813/LONG_13.json	2395	/Users/danieltenner/dev/research/model-personality-corpus-v2/data/traces_freeflow/freeflow_muse-spark-1-1-or-pin-meta-20260813/LONG_13.json	/Users/danieltenner/dev/research/model-personality-analysis-corpus/analysis/freeflow/personality-eval-bv1/outputs/muse-spark-1-1-or-pin-meta-20260813/LONG_13.md
BV1_25356	meta/muse-spark-1.1	muse-spark-1-1-or-pin-meta-20260813	LONG	openrouter	muse-spark-1-1-or-pin-meta-20260813/LONG_14.json	1963	/Users/danieltenner/dev/research/model-personality-corpus-v2/data/traces_freeflow/freeflow_muse-spark-1-1-or-pin-meta-20260813/LONG_14.json	/Users/danieltenner/dev/research/model-personality-analysis-corpus/analysis/freeflow/personality-eval-bv1/outputs/muse-spark-1-1-or-pin-meta-20260813/LONG_14.md
BV1_25357	meta/muse-spark-1.1	muse-spark-1-1-or-pin-meta-20260813	LONG	openrouter	muse-spark-1-1-or-pin-meta-20260813/LONG_15.json	2225	/Users/danieltenner/dev/research/model-personality-corpus-v2/data/traces_freeflow/freeflow_muse-spark-1-1-or-pin-meta-20260813/LONG_15.json	/Users/danieltenner/dev/research/model-personality-analysis-corpus/analysis/freeflow/personality-eval-bv1/outputs/muse-spark-1-1-or-pin-meta-20260813/LONG_15.md
BV1_25358	meta/muse-spark-1.1	muse-spark-1-1-or-pin-meta-20260813	LONG	openrouter	muse-spark-1-1-or-pin-meta-20260813/LONG_16.json	2856	/Users/danieltenner/dev/research/model-personality-corpus-v2/data/traces_freeflow/freeflow_muse-spark-1-1-or-pin-meta-20260813/LONG_16.json	/Users/danieltenner/dev/research/model-personality-analysis-corpus/analysis/freeflow/personality-eval-bv1/outputs/muse-spark-1-1-or-pin-meta-20260813/LONG_16.md
BV1_25359	meta/muse-spark-1.1	muse-spark-1-1-or-pin-meta-20260813	LONG	openrouter	muse-spark-1-1-or-pin-meta-20260813/LONG_17.json	1931	/Users/danieltenner/dev/research/model-personality-corpus-v2/data/traces_freeflow/freeflow_muse-spark-1-1-or-pin-meta-20260813/LONG_17.json	/Users/danieltenner/dev/research/model-personality-analysis-corpus/analysis/freeflow/personality-eval-bv1/outputs/muse-spark-1-1-or-pin-meta-20260813/LONG_17.md
BV1_25360	meta/muse-spark-1.1	muse-spark-1-1-or-pin-meta-20260813	LONG	openrouter	muse-spark-1-1-or-pin-meta-20260813/LONG_18.json	2224	/Users/danieltenner/dev/research/model-personality-corpus-v2/data/traces_freeflow/freeflow_muse-spark-1-1-or-pin-meta-20260813/LONG_18.json	/Users/danieltenner/dev/research/model-personality-analysis-corpus/analysis/freeflow/personality-eval-bv1/outputs/muse-spark-1-1-or-pin-meta-20260813/LONG_18.md
BV1_25361	meta/muse-spark-1.1	muse-spark-1-1-or-pin-meta-20260813	LONG	openrouter	muse-spark-1-1-or-pin-meta-20260813/LONG_19.json	2604	/Users/danieltenner/dev/research/model-personality-corpus-v2/data/traces_freeflow/freeflow_muse-spark-1-1-or-pin-meta-20260813/LONG_19.json	/Users/danieltenner/dev/research/model-personality-analysis-corpus/analysis/freeflow/personality-eval-bv1/outputs/muse-spark-1-1-or-pin-meta-20260813/LONG_19.md
BV1_25362	meta/muse-spark-1.1	muse-spark-1-1-or-pin-meta-20260813	LONG	openrouter	muse-spark-1-1-or-pin-meta-20260813/LONG_2.json	2419	/Users/danieltenner/dev/research/model-personality-corpus-v2/data/traces_freeflow/freeflow_muse-spark-1-1-or-pin-meta-20260813/LONG_2.json	/Users/danieltenner/dev/research/model-personality-analysis-corpus/analysis/freeflow/personality-eval-bv1/outputs/muse-spark-1-1-or-pin-meta-20260813/LONG_2.md
BV1_25363	meta/muse-spark-1.1	muse-spark-1-1-or-pin-meta-20260813	LONG	openrouter	muse-spark-1-1-or-pin-meta-20260813/LONG_20.json	1716	/Users/danieltenner/dev/research/model-personality-corpus-v2/data/traces_freeflow/freeflow_muse-spark-1-1-or-pin-meta-20260813/LONG_20.json	/Users/danieltenner/dev/research/model-personality-analysis-corpus/analysis/freeflow/personality-eval-bv1/outputs/muse-spark-1-1-or-pin-meta-20260813/LONG_20.md
BV1_25364	meta/muse-spark-1.1	muse-spark-1-1-or-pin-meta-20260813	LONG	openrouter	muse-spark-1-1-or-pin-meta-20260813/LONG_21.json	2437	/Users/danieltenner/dev/research/model-personality-corpus-v2/data/traces_freeflow/freeflow_muse-spark-1-1-or-pin-meta-20260813/LONG_21.json	/Users/danieltenner/dev/research/model-personality-analysis-corpus/analysis/freeflow/personality-eval-bv1/outputs/muse-spark-1-1-or-pin-meta-20260813/LONG_21.md
BV1_25365	meta/muse-spark-1.1	muse-spark-1-1-or-pin-meta-20260813	LONG	openrouter	muse-spark-1-1-or-pin-meta-20260813/LONG_22.json	2321	/Users/danieltenner/dev/research/model-personality-corpus-v2/data/traces_freeflow/freeflow_muse-spark-1-1-or-pin-meta-20260813/LONG_22.json	/Users/danieltenner/dev/research/model-personality-analysis-corpus/analysis/freeflow/personality-eval-bv1/outputs/muse-spark-1-1-or-pin-meta-20260813/LONG_22.md
BV1_25366	meta/muse-spark-1.1	muse-spark-1-1-or-pin-meta-20260813	LONG	openrouter	muse-spark-1-1-or-pin-meta-20260813/LONG_23.json	2453	/Users/danieltenner/dev/research/model-personality-corpus-v2/data/traces_freeflow/freeflow_muse-spark-1-1-or-pin-meta-20260813/LONG_23.json	/Users/danieltenner/dev/research/model-personality-analysis-corpus/analysis/freeflow/personality-eval-bv1/outputs/muse-spark-1-1-or-pin-meta-20260813/LONG_23.md
BV1_25367	meta/muse-spark-1.1	muse-spark-1-1-or-pin-meta-20260813	LONG	openrouter	muse-spark-1-1-or-pin-meta-20260813/LONG_24.json	2681	/Users/danieltenner/dev/research/model-personality-corpus-v2/data/traces_freeflow/freeflow_muse-spark-1-1-or-pin-meta-20260813/LONG_24.json	/Users/danieltenner/dev/research/model-personality-analysis-corpus/analysis/freeflow/personality-eval-bv1/outputs/muse-spark-1-1-or-pin-meta-20260813/LONG_24.md
BV1_25368	meta/muse-spark-1.1	muse-spark-1-1-or-pin-meta-20260813	LONG	openrouter	muse-spark-1-1-or-pin-meta-20260813/LONG_25.json	2610	/Users/danieltenner/dev/research/model-personality-corpus-v2/data/traces_freeflow/freeflow_muse-spark-1-1-or-pin-meta-20260813/LONG_25.json	/Users/danieltenner/dev/research/model-personality-analysis-corpus/analysis/freeflow/personality-eval-bv1/outputs/muse-spark-1-1-or-pin-meta-20260813/LONG_25.md
BV1_25369	meta/muse-spark-1.1	muse-spark-1-1-or-pin-meta-20260813	LONG	openrouter	muse-spark-1-1-or-pin-meta-20260813/LONG_3.json	2326	/Users/danieltenner/dev/research/model-personality-corpus-v2/data/traces_freeflow/freeflow_muse-spark-1-1-or-pin-meta-20260813/LONG_3.json	/Users/danieltenner/dev/research/model-personality-analysis-corpus/analysis/freeflow/personality-eval-bv1/outputs/muse-spark-1-1-or-pin-meta-20260813/LONG_3.md
BV1_25370	meta/muse-spark-1.1	muse-spark-1-1-or-pin-meta-20260813	LONG	openrouter	muse-spark-1-1-or-pin-meta-20260813/LONG_4.json	2410	/Users/danieltenner/dev/research/model-personality-corpus-v2/data/traces_freeflow/freeflow_muse-spark-1-1-or-pin-meta-20260813/LONG_4.json	/Users/danieltenner/dev/research/model-personality-analysis-corpus/analysis/freeflow/personality-eval-bv1/outputs/muse-spark-1-1-or-pin-meta-20260813/LONG_4.md
BV1_25371	meta/muse-spark-1.1	muse-spark-1-1-or-pin-meta-20260813	LONG	openrouter	muse-spark-1-1-or-pin-meta-20260813/LONG_5.json	2550	/Users/danieltenner/dev/research/model-personality-corpus-v2/data/traces_freeflow/freeflow_muse-spark-1-1-or-pin-meta-20260813/LONG_5.json	/Users/danieltenner/dev/research/model-personality-analysis-corpus/analysis/freeflow/personality-eval-bv1/outputs/muse-spark-1-1-or-pin-meta-20260813/LONG_5.md
BV1_25372	meta/muse-spark-1.1	muse-spark-1-1-or-pin-meta-20260813	LONG	openrouter	muse-spark-1-1-or-pin-meta-20260813/LONG_6.json	2036	/Users/danieltenner/dev/research/model-personality-corpus-v2/data/traces_freeflow/freeflow_muse-spark-1-1-or-pin-meta-20260813/LONG_6.json	/Users/danieltenner/dev/research/model-personality-analysis-corpus/analysis/freeflow/personality-eval-bv1/outputs/muse-spark-1-1-or-pin-meta-20260813/LONG_6.md
BV1_25373	meta/muse-spark-1.1	muse-spark-1-1-or-pin-meta-20260813	LONG	openrouter	muse-spark-1-1-or-pin-meta-20260813/LONG_7.json	1850	/Users/danieltenner/dev/research/model-personality-corpus-v2/data/traces_freeflow/freeflow_muse-spark-1-1-or-pin-meta-20260813/LONG_7.json	/Users/danieltenner/dev/research/model-personality-analysis-corpus/analysis/freeflow/personality-eval-bv1/outputs/muse-spark-1-1-or-pin-meta-20260813/LONG_7.md
BV1_25374	meta/muse-spark-1.1	muse-spark-1-1-or-pin-meta-20260813	LONG	openrouter	muse-spark-1-1-or-pin-meta-20260813/LONG_8.json	1741	/Users/danieltenner/dev/research/model-personality-corpus-v2/data/traces_freeflow/freeflow_muse-spark-1-1-or-pin-meta-20260813/LONG_8.json	/Users/danieltenner/dev/research/model-personality-analysis-corpus/analysis/freeflow/personality-eval-bv1/outputs/muse-spark-1-1-or-pin-meta-20260813/LONG_8.md
BV1_25375	meta/muse-spark-1.1	muse-spark-1-1-or-pin-meta-20260813	LONG	openrouter	muse-spark-1-1-or-pin-meta-20260813/LONG_9.json	2200	/Users/danieltenner/dev/research/model-personality-corpus-v2/data/traces_freeflow/freeflow_muse-spark-1-1-or-pin-meta-20260813/LONG_9.json	/Users/danieltenner/dev/research/model-personality-analysis-corpus/analysis/freeflow/personality-eval-bv1/outputs/muse-spark-1-1-or-pin-meta-20260813/LONG_9.md
BV1_25376	meta/muse-spark-1.1	muse-spark-1-1-or-pin-meta-20260813	MID	openrouter	muse-spark-1-1-or-pin-meta-20260813/MID_1.json	1329	/Users/danieltenner/dev/research/model-personality-corpus-v2/data/traces_freeflow/freeflow_muse-spark-1-1-or-pin-meta-20260813/MID_1.json	/Users/danieltenner/dev/research/model-personality-analysis-corpus/analysis/freeflow/personality-eval-bv1/outputs/muse-spark-1-1-or-pin-meta-20260813/MID_1.md
BV1_25377	meta/muse-spark-1.1	muse-spark-1-1-or-pin-meta-20260813	MID	openrouter	muse-spark-1-1-or-pin-meta-20260813/MID_10.json	1240	/Users/danieltenner/dev/research/model-personality-corpus-v2/data/traces_freeflow/freeflow_muse-spark-1-1-or-pin-meta-20260813/MID_10.json	/Users/danieltenner/dev/research/model-personality-analysis-corpus/analysis/freeflow/personality-eval-bv1/outputs/muse-spark-1-1-or-pin-meta-20260813/MID_10.md
BV1_25378	meta/muse-spark-1.1	muse-spark-1-1-or-pin-meta-20260813	MID	openrouter	muse-spark-1-1-or-pin-meta-20260813/MID_11.json	1582	/Users/danieltenner/dev/research/model-personality-corpus-v2/data/traces_freeflow/freeflow_muse-spark-1-1-or-pin-meta-20260813/MID_11.json	/Users/danieltenner/dev/research/model-personality-analysis-corpus/analysis/freeflow/personality-eval-bv1/outputs/muse-spark-1-1-or-pin-meta-20260813/MID_11.md
BV1_25379	meta/muse-spark-1.1	muse-spark-1-1-or-pin-meta-20260813	MID	openrouter	muse-spark-1-1-or-pin-meta-20260813/MID_12.json	1348	/Users/danieltenner/dev/research/model-personality-corpus-v2/data/traces_freeflow/freeflow_muse-spark-1-1-or-pin-meta-20260813/MID_12.json	/Users/danieltenner/dev/research/model-personality-analysis-corpus/analysis/freeflow/personality-eval-bv1/outputs/muse-spark-1-1-or-pin-meta-20260813/MID_12.md
BV1_25380	meta/muse-spark-1.1	muse-spark-1-1-or-pin-meta-20260813	MID	openrouter	muse-spark-1-1-or-pin-meta-20260813/MID_13.json	1291	/Users/danieltenner/dev/research/model-personality-corpus-v2/data/traces_freeflow/freeflow_muse-spark-1-1-or-pin-meta-20260813/MID_13.json	/Users/danieltenner/dev/research/model-personality-analysis-corpus/analysis/freeflow/personality-eval-bv1/outputs/muse-spark-1-1-or-pin-meta-20260813/MID_13.md
BV1_25381	meta/muse-spark-1.1	muse-spark-1-1-or-pin-meta-20260813	MID	openrouter	muse-spark-1-1-or-pin-meta-20260813/MID_14.json	1370	/Users/danieltenner/dev/research/model-personality-corpus-v2/data/traces_freeflow/freeflow_muse-spark-1-1-or-pin-meta-20260813/MID_14.json	/Users/danieltenner/dev/research/model-personality-analysis-corpus/analysis/freeflow/personality-eval-bv1/outputs/muse-spark-1-1-or-pin-meta-20260813/MID_14.md
BV1_25382	meta/muse-spark-1.1	muse-spark-1-1-or-pin-meta-20260813	MID	openrouter	muse-spark-1-1-or-pin-meta-20260813/MID_15.json	1286	/Users/danieltenner/dev/research/model-personality-corpus-v2/data/traces_freeflow/freeflow_muse-spark-1-1-or-pin-meta-20260813/MID_15.json	/Users/danieltenner/dev/research/model-personality-analysis-corpus/analysis/freeflow/personality-eval-bv1/outputs/muse-spark-1-1-or-pin-meta-20260813/MID_15.md
BV1_25383	meta/muse-spark-1.1	muse-spark-1-1-or-pin-meta-20260813	MID	openrouter	muse-spark-1-1-or-pin-meta-20260813/MID_16.json	1413	/Users/danieltenner/dev/research/model-personality-corpus-v2/data/traces_freeflow/freeflow_muse-spark-1-1-or-pin-meta-20260813/MID_16.json	/Users/danieltenner/dev/research/model-personality-analysis-corpus/analysis/freeflow/personality-eval-bv1/outputs/muse-spark-1-1-or-pin-meta-20260813/MID_16.md
BV1_25384	meta/muse-spark-1.1	muse-spark-1-1-or-pin-meta-20260813	MID	openrouter	muse-spark-1-1-or-pin-meta-20260813/MID_17.json	1341	/Users/danieltenner/dev/research/model-personality-corpus-v2/data/traces_freeflow/freeflow_muse-spark-1-1-or-pin-meta-20260813/MID_17.json	/Users/danieltenner/dev/research/model-personality-analysis-corpus/analysis/freeflow/personality-eval-bv1/outputs/muse-spark-1-1-or-pin-meta-20260813/MID_17.md
BV1_25385	meta/muse-spark-1.1	muse-spark-1-1-or-pin-meta-20260813	MID	openrouter	muse-spark-1-1-or-pin-meta-20260813/MID_18.json	1437	/Users/danieltenner/dev/research/model-personality-corpus-v2/data/traces_freeflow/freeflow_muse-spark-1-1-or-pin-meta-20260813/MID_18.json	/Users/danieltenner/dev/research/model-personality-analysis-corpus/analysis/freeflow/personality-eval-bv1/outputs/muse-spark-1-1-or-pin-meta-20260813/MID_18.md
BV1_25386	meta/muse-spark-1.1	muse-spark-1-1-or-pin-meta-20260813	MID	openrouter	muse-spark-1-1-or-pin-meta-20260813/MID_19.json	1320	/Users/danieltenner/dev/research/model-personality-corpus-v2/data/traces_freeflow/freeflow_muse-spark-1-1-or-pin-meta-20260813/MID_19.json	/Users/danieltenner/dev/research/model-personality-analysis-corpus/analysis/freeflow/personality-eval-bv1/outputs/muse-spark-1-1-or-pin-meta-20260813/MID_19.md
BV1_25387	meta/muse-spark-1.1	muse-spark-1-1-or-pin-meta-20260813	MID	openrouter	muse-spark-1-1-or-pin-meta-20260813/MID_2.json	1336	/Users/danieltenner/dev/research/model-personality-corpus-v2/data/traces_freeflow/freeflow_muse-spark-1-1-or-pin-meta-20260813/MID_2.json	/Users/danieltenner/dev/research/model-personality-analysis-corpus/analysis/freeflow/personality-eval-bv1/outputs/muse-spark-1-1-or-pin-meta-20260813/MID_2.md
BV1_25388	meta/muse-spark-1.1	muse-spark-1-1-or-pin-meta-20260813	MID	openrouter	muse-spark-1-1-or-pin-meta-20260813/MID_20.json	1343	/Users/danieltenner/dev/research/model-personality-corpus-v2/data/traces_freeflow/freeflow_muse-spark-1-1-or-pin-meta-20260813/MID_20.json	/Users/danieltenner/dev/research/model-personality-analysis-corpus/analysis/freeflow/personality-eval-bv1/outputs/muse-spark-1-1-or-pin-meta-20260813/MID_20.md
BV1_25389	meta/muse-spark-1.1	muse-spark-1-1-or-pin-meta-20260813	MID	openrouter	muse-spark-1-1-or-pin-meta-20260813/MID_21.json	1392	/Users/danieltenner/dev/research/model-personality-corpus-v2/data/traces_freeflow/freeflow_muse-spark-1-1-or-pin-meta-20260813/MID_21.json	/Users/danieltenner/dev/research/model-personality-analysis-corpus/analysis/freeflow/personality-eval-bv1/outputs/muse-spark-1-1-or-pin-meta-20260813/MID_21.md
BV1_25390	meta/muse-spark-1.1	muse-spark-1-1-or-pin-meta-20260813	MID	openrouter	muse-spark-1-1-or-pin-meta-20260813/MID_22.json	1272	/Users/danieltenner/dev/research/model-personality-corpus-v2/data/traces_freeflow/freeflow_muse-spark-1-1-or-pin-meta-20260813/MID_22.json	/Users/danieltenner/dev/research/model-personality-analysis-corpus/analysis/freeflow/personality-eval-bv1/outputs/muse-spark-1-1-or-pin-meta-20260813/MID_22.md
BV1_25391	meta/muse-spark-1.1	muse-spark-1-1-or-pin-meta-20260813	MID	openrouter	muse-spark-1-1-or-pin-meta-20260813/MID_23.json	1534	/Users/danieltenner/dev/research/model-personality-corpus-v2/data/traces_freeflow/freeflow_muse-spark-1-1-or-pin-meta-20260813/MID_23.json	/Users/danieltenner/dev/research/model-personality-analysis-corpus/analysis/freeflow/personality-eval-bv1/outputs/muse-spark-1-1-or-pin-meta-20260813/MID_23.md
BV1_25392	meta/muse-spark-1.1	muse-spark-1-1-or-pin-meta-20260813	MID	openrouter	muse-spark-1-1-or-pin-meta-20260813/MID_24.json	1281	/Users/danieltenner/dev/research/model-personality-corpus-v2/data/traces_freeflow/freeflow_muse-spark-1-1-or-pin-meta-20260813/MID_24.json	/Users/danieltenner/dev/research/model-personality-analysis-corpus/analysis/freeflow/personality-eval-bv1/outputs/muse-spark-1-1-or-pin-meta-20260813/MID_24.md
BV1_25393	meta/muse-spark-1.1	muse-spark-1-1-or-pin-meta-20260813	MID	openrouter	muse-spark-1-1-or-pin-meta-20260813/MID_25.json	1188	/Users/danieltenner/dev/research/model-personality-corpus-v2/data/traces_freeflow/freeflow_muse-spark-1-1-or-pin-meta-20260813/MID_25.json	/Users/danieltenner/dev/research/model-personality-analysis-corpus/analysis/freeflow/personality-eval-bv1/outputs/muse-spark-1-1-or-pin-meta-20260813/MID_25.md
BV1_25394	meta/muse-spark-1.1	muse-spark-1-1-or-pin-meta-20260813	MID	openrouter	muse-spark-1-1-or-pin-meta-20260813/MID_3.json	1512	/Users/danieltenner/dev/research/model-personality-corpus-v2/data/traces_freeflow/freeflow_muse-spark-1-1-or-pin-meta-20260813/MID_3.json	/Users/danieltenner/dev/research/model-personality-analysis-corpus/analysis/freeflow/personality-eval-bv1/outputs/muse-spark-1-1-or-pin-meta-20260813/MID_3.md
BV1_25395	meta/muse-spark-1.1	muse-spark-1-1-or-pin-meta-20260813	MID	openrouter	muse-spark-1-1-or-pin-meta-20260813/MID_4.json	1332	/Users/danieltenner/dev/research/model-personality-corpus-v2/data/traces_freeflow/freeflow_muse-spark-1-1-or-pin-meta-20260813/MID_4.json	/Users/danieltenner/dev/research/model-personality-analysis-corpus/analysis/freeflow/personality-eval-bv1/outputs/muse-spark-1-1-or-pin-meta-20260813/MID_4.md
BV1_25396	meta/muse-spark-1.1	muse-spark-1-1-or-pin-meta-20260813	MID	openrouter	muse-spark-1-1-or-pin-meta-20260813/MID_5.json	1359	/Users/danieltenner/dev/research/model-personality-corpus-v2/data/traces_freeflow/freeflow_muse-spark-1-1-or-pin-meta-20260813/MID_5.json	/Users/danieltenner/dev/research/model-personality-analysis-corpus/analysis/freeflow/personality-eval-bv1/outputs/muse-spark-1-1-or-pin-meta-20260813/MID_5.md
BV1_25397	meta/muse-spark-1.1	muse-spark-1-1-or-pin-meta-20260813	MID	openrouter	muse-spark-1-1-or-pin-meta-20260813/MID_6.json	1145	/Users/danieltenner/dev/research/model-personality-corpus-v2/data/traces_freeflow/freeflow_muse-spark-1-1-or-pin-meta-20260813/MID_6.json	/Users/danieltenner/dev/research/model-personality-analysis-corpus/analysis/freeflow/personality-eval-bv1/outputs/muse-spark-1-1-or-pin-meta-20260813/MID_6.md
BV1_25398	meta/muse-spark-1.1	muse-spark-1-1-or-pin-meta-20260813	MID	openrouter	muse-spark-1-1-or-pin-meta-20260813/MID_7.json	1471	/Users/danieltenner/dev/research/model-personality-corpus-v2/data/traces_freeflow/freeflow_muse-spark-1-1-or-pin-meta-20260813/MID_7.json	/Users/danieltenner/dev/research/model-personality-analysis-corpus/analysis/freeflow/personality-eval-bv1/outputs/muse-spark-1-1-or-pin-meta-20260813/MID_7.md
BV1_25399	meta/muse-spark-1.1	muse-spark-1-1-or-pin-meta-20260813	MID	openrouter	muse-spark-1-1-or-pin-meta-20260813/MID_8.json	1281	/Users/danieltenner/dev/research/model-personality-corpus-v2/data/traces_freeflow/freeflow_muse-spark-1-1-or-pin-meta-20260813/MID_8.json	/Users/danieltenner/dev/research/model-personality-analysis-corpus/analysis/freeflow/personality-eval-bv1/outputs/muse-spark-1-1-or-pin-meta-20260813/MID_8.md
BV1_25400	meta/muse-spark-1.1	muse-spark-1-1-or-pin-meta-20260813	MID	openrouter	muse-spark-1-1-or-pin-meta-20260813/MID_9.json	1236	/Users/danieltenner/dev/research/model-personality-corpus-v2/data/traces_freeflow/freeflow_muse-spark-1-1-or-pin-meta-20260813/MID_9.json	/Users/danieltenner/dev/research/model-personality-analysis-corpus/analysis/freeflow/personality-eval-bv1/outputs/muse-spark-1-1-or-pin-meta-20260813/MID_9.md
BV1_25401	meta/muse-spark-1.1	muse-spark-1-1-or-pin-meta-20260813	OPEN	openrouter	muse-spark-1-1-or-pin-meta-20260813/OPEN_1.json	438	/Users/danieltenner/dev/research/model-personality-corpus-v2/data/traces_freeflow/freeflow_muse-spark-1-1-or-pin-meta-20260813/OPEN_1.json	/Users/danieltenner/dev/research/model-personality-analysis-corpus/analysis/freeflow/personality-eval-bv1/outputs/muse-spark-1-1-or-pin-meta-20260813/OPEN_1.md
BV1_25402	meta/muse-spark-1.1	muse-spark-1-1-or-pin-meta-20260813	OPEN	openrouter	muse-spark-1-1-or-pin-meta-20260813/OPEN_10.json	363	/Users/danieltenner/dev/research/model-personality-corpus-v2/data/traces_freeflow/freeflow_muse-spark-1-1-or-pin-meta-20260813/OPEN_10.json	/Users/danieltenner/dev/research/model-personality-analysis-corpus/analysis/freeflow/personality-eval-bv1/outputs/muse-spark-1-1-or-pin-meta-20260813/OPEN_10.md
BV1_25403	meta/muse-spark-1.1	muse-spark-1-1-or-pin-meta-20260813	OPEN	openrouter	muse-spark-1-1-or-pin-meta-20260813/OPEN_11.json	464	/Users/danieltenner/dev/research/model-personality-corpus-v2/data/traces_freeflow/freeflow_muse-spark-1-1-or-pin-meta-20260813/OPEN_11.json	/Users/danieltenner/dev/research/model-personality-analysis-corpus/analysis/freeflow/personality-eval-bv1/outputs/muse-spark-1-1-or-pin-meta-20260813/OPEN_11.md
BV1_25404	meta/muse-spark-1.1	muse-spark-1-1-or-pin-meta-20260813	OPEN	openrouter	muse-spark-1-1-or-pin-meta-20260813/OPEN_12.json	405	/Users/danieltenner/dev/research/model-personality-corpus-v2/data/traces_freeflow/freeflow_muse-spark-1-1-or-pin-meta-20260813/OPEN_12.json	/Users/danieltenner/dev/research/model-personality-analysis-corpus/analysis/freeflow/personality-eval-bv1/outputs/muse-spark-1-1-or-pin-meta-20260813/OPEN_12.md
BV1_25405	meta/muse-spark-1.1	muse-spark-1-1-or-pin-meta-20260813	OPEN	openrouter	muse-spark-1-1-or-pin-meta-20260813/OPEN_13.json	515	/Users/danieltenner/dev/research/model-personality-corpus-v2/data/traces_freeflow/freeflow_muse-spark-1-1-or-pin-meta-20260813/OPEN_13.json	/Users/danieltenner/dev/research/model-personality-analysis-corpus/analysis/freeflow/personality-eval-bv1/outputs/muse-spark-1-1-or-pin-meta-20260813/OPEN_13.md
BV1_25406	meta/muse-spark-1.1	muse-spark-1-1-or-pin-meta-20260813	OPEN	openrouter	muse-spark-1-1-or-pin-meta-20260813/OPEN_14.json	442	/Users/danieltenner/dev/research/model-personality-corpus-v2/data/traces_freeflow/freeflow_muse-spark-1-1-or-pin-meta-20260813/OPEN_14.json	/Users/danieltenner/dev/research/model-personality-analysis-corpus/analysis/freeflow/personality-eval-bv1/outputs/muse-spark-1-1-or-pin-meta-20260813/OPEN_14.md
BV1_25407	meta/muse-spark-1.1	muse-spark-1-1-or-pin-meta-20260813	OPEN	openrouter	muse-spark-1-1-or-pin-meta-20260813/OPEN_15.json	355	/Users/danieltenner/dev/research/model-personality-corpus-v2/data/traces_freeflow/freeflow_muse-spark-1-1-or-pin-meta-20260813/OPEN_15.json	/Users/danieltenner/dev/research/model-personality-analysis-corpus/analysis/freeflow/personality-eval-bv1/outputs/muse-spark-1-1-or-pin-meta-20260813/OPEN_15.md
BV1_25408	meta/muse-spark-1.1	muse-spark-1-1-or-pin-meta-20260813	OPEN	openrouter	muse-spark-1-1-or-pin-meta-20260813/OPEN_16.json	442	/Users/danieltenner/dev/research/model-personality-corpus-v2/data/traces_freeflow/freeflow_muse-spark-1-1-or-pin-meta-20260813/OPEN_16.json	/Users/danieltenner/dev/research/model-personality-analysis-corpus/analysis/freeflow/personality-eval-bv1/outputs/muse-spark-1-1-or-pin-meta-20260813/OPEN_16.md
BV1_25409	meta/muse-spark-1.1	muse-spark-1-1-or-pin-meta-20260813	OPEN	openrouter	muse-spark-1-1-or-pin-meta-20260813/OPEN_17.json	514	/Users/danieltenner/dev/research/model-personality-corpus-v2/data/traces_freeflow/freeflow_muse-spark-1-1-or-pin-meta-20260813/OPEN_17.json	/Users/danieltenner/dev/research/model-personality-analysis-corpus/analysis/freeflow/personality-eval-bv1/outputs/muse-spark-1-1-or-pin-meta-20260813/OPEN_17.md
BV1_25410	meta/muse-spark-1.1	muse-spark-1-1-or-pin-meta-20260813	OPEN	openrouter	muse-spark-1-1-or-pin-meta-20260813/OPEN_18.json	359	/Users/danieltenner/dev/research/model-personality-corpus-v2/data/traces_freeflow/freeflow_muse-spark-1-1-or-pin-meta-20260813/OPEN_18.json	/Users/danieltenner/dev/research/model-personality-analysis-corpus/analysis/freeflow/personality-eval-bv1/outputs/muse-spark-1-1-or-pin-meta-20260813/OPEN_18.md
BV1_25411	meta/muse-spark-1.1	muse-spark-1-1-or-pin-meta-20260813	OPEN	openrouter	muse-spark-1-1-or-pin-meta-20260813/OPEN_19.json	531	/Users/danieltenner/dev/research/model-personality-corpus-v2/data/traces_freeflow/freeflow_muse-spark-1-1-or-pin-meta-20260813/OPEN_19.json	/Users/danieltenner/dev/research/model-personality-analysis-corpus/analysis/freeflow/personality-eval-bv1/outputs/muse-spark-1-1-or-pin-meta-20260813/OPEN_19.md
BV1_25412	meta/muse-spark-1.1	muse-spark-1-1-or-pin-meta-20260813	OPEN	openrouter	muse-spark-1-1-or-pin-meta-20260813/OPEN_2.json	388	/Users/danieltenner/dev/research/model-personality-corpus-v2/data/traces_freeflow/freeflow_muse-spark-1-1-or-pin-meta-20260813/OPEN_2.json	/Users/danieltenner/dev/research/model-personality-analysis-corpus/analysis/freeflow/personality-eval-bv1/outputs/muse-spark-1-1-or-pin-meta-20260813/OPEN_2.md
BV1_25413	meta/muse-spark-1.1	muse-spark-1-1-or-pin-meta-20260813	OPEN	openrouter	muse-spark-1-1-or-pin-meta-20260813/OPEN_20.json	408	/Users/danieltenner/dev/research/model-personality-corpus-v2/data/traces_freeflow/freeflow_muse-spark-1-1-or-pin-meta-20260813/OPEN_20.json	/Users/danieltenner/dev/research/model-personality-analysis-corpus/analysis/freeflow/personality-eval-bv1/outputs/muse-spark-1-1-or-pin-meta-20260813/OPEN_20.md
BV1_25414	meta/muse-spark-1.1	muse-spark-1-1-or-pin-meta-20260813	OPEN	openrouter	muse-spark-1-1-or-pin-meta-20260813/OPEN_21.json	441	/Users/danieltenner/dev/research/model-personality-corpus-v2/data/traces_freeflow/freeflow_muse-spark-1-1-or-pin-meta-20260813/OPEN_21.json	/Users/danieltenner/dev/research/model-personality-analysis-corpus/analysis/freeflow/personality-eval-bv1/outputs/muse-spark-1-1-or-pin-meta-20260813/OPEN_21.md
BV1_25415	meta/muse-spark-1.1	muse-spark-1-1-or-pin-meta-20260813	OPEN	openrouter	muse-spark-1-1-or-pin-meta-20260813/OPEN_22.json	384	/Users/danieltenner/dev/research/model-personality-corpus-v2/data/traces_freeflow/freeflow_muse-spark-1-1-or-pin-meta-20260813/OPEN_22.json	/Users/danieltenner/dev/research/model-personality-analysis-corpus/analysis/freeflow/personality-eval-bv1/outputs/muse-spark-1-1-or-pin-meta-20260813/OPEN_22.md
BV1_25416	meta/muse-spark-1.1	muse-spark-1-1-or-pin-meta-20260813	OPEN	openrouter	muse-spark-1-1-or-pin-meta-20260813/OPEN_23.json	486	/Users/danieltenner/dev/research/model-personality-corpus-v2/data/traces_freeflow/freeflow_muse-spark-1-1-or-pin-meta-20260813/OPEN_23.json	/Users/danieltenner/dev/research/model-personality-analysis-corpus/analysis/freeflow/personality-eval-bv1/outputs/muse-spark-1-1-or-pin-meta-20260813/OPEN_23.md
BV1_25417	meta/muse-spark-1.1	muse-spark-1-1-or-pin-meta-20260813	OPEN	openrouter	muse-spark-1-1-or-pin-meta-20260813/OPEN_24.json	559	/Users/danieltenner/dev/research/model-personality-corpus-v2/data/traces_freeflow/freeflow_muse-spark-1-1-or-pin-meta-20260813/OPEN_24.json	/Users/danieltenner/dev/research/model-personality-analysis-corpus/analysis/freeflow/personality-eval-bv1/outputs/muse-spark-1-1-or-pin-meta-20260813/OPEN_24.md
BV1_25418	meta/muse-spark-1.1	muse-spark-1-1-or-pin-meta-20260813	OPEN	openrouter	muse-spark-1-1-or-pin-meta-20260813/OPEN_25.json	474	/Users/danieltenner/dev/research/model-personality-corpus-v2/data/traces_freeflow/freeflow_muse-spark-1-1-or-pin-meta-20260813/OPEN_25.json	/Users/danieltenner/dev/research/model-personality-analysis-corpus/analysis/freeflow/personality-eval-bv1/outputs/muse-spark-1-1-or-pin-meta-20260813/OPEN_25.md
BV1_25419	meta/muse-spark-1.1	muse-spark-1-1-or-pin-meta-20260813	OPEN	openrouter	muse-spark-1-1-or-pin-meta-20260813/OPEN_3.json	397	/Users/danieltenner/dev/research/model-personality-corpus-v2/data/traces_freeflow/freeflow_muse-spark-1-1-or-pin-meta-20260813/OPEN_3.json	/Users/danieltenner/dev/research/model-personality-analysis-corpus/analysis/freeflow/personality-eval-bv1/outputs/muse-spark-1-1-or-pin-meta-20260813/OPEN_3.md
BV1_25420	meta/muse-spark-1.1	muse-spark-1-1-or-pin-meta-20260813	OPEN	openrouter	muse-spark-1-1-or-pin-meta-20260813/OPEN_4.json	393	/Users/danieltenner/dev/research/model-personality-corpus-v2/data/traces_freeflow/freeflow_muse-spark-1-1-or-pin-meta-20260813/OPEN_4.json	/Users/danieltenner/dev/research/model-personality-analysis-corpus/analysis/freeflow/personality-eval-bv1/outputs/muse-spark-1-1-or-pin-meta-20260813/OPEN_4.md
BV1_25421	meta/muse-spark-1.1	muse-spark-1-1-or-pin-meta-20260813	OPEN	openrouter	muse-spark-1-1-or-pin-meta-20260813/OPEN_5.json	351	/Users/danieltenner/dev/research/model-personality-corpus-v2/data/traces_freeflow/freeflow_muse-spark-1-1-or-pin-meta-20260813/OPEN_5.json	/Users/danieltenner/dev/research/model-personality-analysis-corpus/analysis/freeflow/personality-eval-bv1/outputs/muse-spark-1-1-or-pin-meta-20260813/OPEN_5.md
BV1_25422	meta/muse-spark-1.1	muse-spark-1-1-or-pin-meta-20260813	OPEN	openrouter	muse-spark-1-1-or-pin-meta-20260813/OPEN_6.json	368	/Users/danieltenner/dev/research/model-personality-corpus-v2/data/traces_freeflow/freeflow_muse-spark-1-1-or-pin-meta-20260813/OPEN_6.json	/Users/danieltenner/dev/research/model-personality-analysis-corpus/analysis/freeflow/personality-eval-bv1/outputs/muse-spark-1-1-or-pin-meta-20260813/OPEN_6.md
BV1_25423	meta/muse-spark-1.1	muse-spark-1-1-or-pin-meta-20260813	OPEN	openrouter	muse-spark-1-1-or-pin-meta-20260813/OPEN_7.json	399	/Users/danieltenner/dev/research/model-personality-corpus-v2/data/traces_freeflow/freeflow_muse-spark-1-1-or-pin-meta-20260813/OPEN_7.json	/Users/danieltenner/dev/research/model-personality-analysis-corpus/analysis/freeflow/personality-eval-bv1/outputs/muse-spark-1-1-or-pin-meta-20260813/OPEN_7.md
BV1_25424	meta/muse-spark-1.1	muse-spark-1-1-or-pin-meta-20260813	OPEN	openrouter	muse-spark-1-1-or-pin-meta-20260813/OPEN_8.json	361	/Users/danieltenner/dev/research/model-personality-corpus-v2/data/traces_freeflow/freeflow_muse-spark-1-1-or-pin-meta-20260813/OPEN_8.json	/Users/danieltenner/dev/research/model-personality-analysis-corpus/analysis/freeflow/personality-eval-bv1/outputs/muse-spark-1-1-or-pin-meta-20260813/OPEN_8.md
BV1_25425	meta/muse-spark-1.1	muse-spark-1-1-or-pin-meta-20260813	OPEN	openrouter	muse-spark-1-1-or-pin-meta-20260813/OPEN_9.json	510	/Users/danieltenner/dev/research/model-personality-corpus-v2/data/traces_freeflow/freeflow_muse-spark-1-1-or-pin-meta-20260813/OPEN_9.json	/Users/danieltenner/dev/research/model-personality-analysis-corpus/analysis/freeflow/personality-eval-bv1/outputs/muse-spark-1-1-or-pin-meta-20260813/OPEN_9.md
BV1_25426	meta/muse-spark-1.1	muse-spark-1-1-or-pin-meta-20260813	SHORT	openrouter	muse-spark-1-1-or-pin-meta-20260813/SHORT_1.json	247	/Users/danieltenner/dev/research/model-personality-corpus-v2/data/traces_freeflow/freeflow_muse-spark-1-1-or-pin-meta-20260813/SHORT_1.json	/Users/danieltenner/dev/research/model-personality-analysis-corpus/analysis/freeflow/personality-eval-bv1/outputs/muse-spark-1-1-or-pin-meta-20260813/SHORT_1.md
BV1_25427	meta/muse-spark-1.1	muse-spark-1-1-or-pin-meta-20260813	SHORT	openrouter	muse-spark-1-1-or-pin-meta-20260813/SHORT_10.json	251	/Users/danieltenner/dev/research/model-personality-corpus-v2/data/traces_freeflow/freeflow_muse-spark-1-1-or-pin-meta-20260813/SHORT_10.json	/Users/danieltenner/dev/research/model-personality-analysis-corpus/analysis/freeflow/personality-eval-bv1/outputs/muse-spark-1-1-or-pin-meta-20260813/SHORT_10.md
BV1_25428	meta/muse-spark-1.1	muse-spark-1-1-or-pin-meta-20260813	SHORT	openrouter	muse-spark-1-1-or-pin-meta-20260813/SHORT_11.json	247	/Users/danieltenner/dev/research/model-personality-corpus-v2/data/traces_freeflow/freeflow_muse-spark-1-1-or-pin-meta-20260813/SHORT_11.json	/Users/danieltenner/dev/research/model-personality-analysis-corpus/analysis/freeflow/personality-eval-bv1/outputs/muse-spark-1-1-or-pin-meta-20260813/SHORT_11.md
BV1_25429	meta/muse-spark-1.1	muse-spark-1-1-or-pin-meta-20260813	SHORT	openrouter	muse-spark-1-1-or-pin-meta-20260813/SHORT_12.json	255	/Users/danieltenner/dev/research/model-personality-corpus-v2/data/traces_freeflow/freeflow_muse-spark-1-1-or-pin-meta-20260813/SHORT_12.json	/Users/danieltenner/dev/research/model-personality-analysis-corpus/analysis/freeflow/personality-eval-bv1/outputs/muse-spark-1-1-or-pin-meta-20260813/SHORT_12.md
BV1_25430	meta/muse-spark-1.1	muse-spark-1-1-or-pin-meta-20260813	SHORT	openrouter	muse-spark-1-1-or-pin-meta-20260813/SHORT_13.json	247	/Users/danieltenner/dev/research/model-personality-corpus-v2/data/traces_freeflow/freeflow_muse-spark-1-1-or-pin-meta-20260813/SHORT_13.json	/Users/danieltenner/dev/research/model-personality-analysis-corpus/analysis/freeflow/personality-eval-bv1/outputs/muse-spark-1-1-or-pin-meta-20260813/SHORT_13.md
BV1_25431	meta/muse-spark-1.1	muse-spark-1-1-or-pin-meta-20260813	SHORT	openrouter	muse-spark-1-1-or-pin-meta-20260813/SHORT_14.json	250	/Users/danieltenner/dev/research/model-personality-corpus-v2/data/traces_freeflow/freeflow_muse-spark-1-1-or-pin-meta-20260813/SHORT_14.json	/Users/danieltenner/dev/research/model-personality-analysis-corpus/analysis/freeflow/personality-eval-bv1/outputs/muse-spark-1-1-or-pin-meta-20260813/SHORT_14.md
BV1_25432	meta/muse-spark-1.1	muse-spark-1-1-or-pin-meta-20260813	SHORT	openrouter	muse-spark-1-1-or-pin-meta-20260813/SHORT_15.json	251	/Users/danieltenner/dev/research/model-personality-corpus-v2/data/traces_freeflow/freeflow_muse-spark-1-1-or-pin-meta-20260813/SHORT_15.json	/Users/danieltenner/dev/research/model-personality-analysis-corpus/analysis/freeflow/personality-eval-bv1/outputs/muse-spark-1-1-or-pin-meta-20260813/SHORT_15.md
BV1_25433	meta/muse-spark-1.1	muse-spark-1-1-or-pin-meta-20260813	SHORT	openrouter	muse-spark-1-1-or-pin-meta-20260813/SHORT_16.json	249	/Users/danieltenner/dev/research/model-personality-corpus-v2/data/traces_freeflow/freeflow_muse-spark-1-1-or-pin-meta-20260813/SHORT_16.json	/Users/danieltenner/dev/research/model-personality-analysis-corpus/analysis/freeflow/personality-eval-bv1/outputs/muse-spark-1-1-or-pin-meta-20260813/SHORT_16.md
BV1_25434	meta/muse-spark-1.1	muse-spark-1-1-or-pin-meta-20260813	SHORT	openrouter	muse-spark-1-1-or-pin-meta-20260813/SHORT_17.json	238	/Users/danieltenner/dev/research/model-personality-corpus-v2/data/traces_freeflow/freeflow_muse-spark-1-1-or-pin-meta-20260813/SHORT_17.json	/Users/danieltenner/dev/research/model-personality-analysis-corpus/analysis/freeflow/personality-eval-bv1/outputs/muse-spark-1-1-or-pin-meta-20260813/SHORT_17.md
BV1_25435	meta/muse-spark-1.1	muse-spark-1-1-or-pin-meta-20260813	SHORT	openrouter	muse-spark-1-1-or-pin-meta-20260813/SHORT_18.json	250	/Users/danieltenner/dev/research/model-personality-corpus-v2/data/traces_freeflow/freeflow_muse-spark-1-1-or-pin-meta-20260813/SHORT_18.json	/Users/danieltenner/dev/research/model-personality-analysis-corpus/analysis/freeflow/personality-eval-bv1/outputs/muse-spark-1-1-or-pin-meta-20260813/SHORT_18.md
BV1_25436	meta/muse-spark-1.1	muse-spark-1-1-or-pin-meta-20260813	SHORT	openrouter	muse-spark-1-1-or-pin-meta-20260813/SHORT_19.json	249	/Users/danieltenner/dev/research/model-personality-corpus-v2/data/traces_freeflow/freeflow_muse-spark-1-1-or-pin-meta-20260813/SHORT_19.json	/Users/danieltenner/dev/research/model-personality-analysis-corpus/analysis/freeflow/personality-eval-bv1/outputs/muse-spark-1-1-or-pin-meta-20260813/SHORT_19.md
BV1_25437	meta/muse-spark-1.1	muse-spark-1-1-or-pin-meta-20260813	SHORT	openrouter	muse-spark-1-1-or-pin-meta-20260813/SHORT_2.json	256	/Users/danieltenner/dev/research/model-personality-corpus-v2/data/traces_freeflow/freeflow_muse-spark-1-1-or-pin-meta-20260813/SHORT_2.json	/Users/danieltenner/dev/research/model-personality-analysis-corpus/analysis/freeflow/personality-eval-bv1/outputs/muse-spark-1-1-or-pin-meta-20260813/SHORT_2.md
BV1_25438	meta/muse-spark-1.1	muse-spark-1-1-or-pin-meta-20260813	SHORT	openrouter	muse-spark-1-1-or-pin-meta-20260813/SHORT_20.json	242	/Users/danieltenner/dev/research/model-personality-corpus-v2/data/traces_freeflow/freeflow_muse-spark-1-1-or-pin-meta-20260813/SHORT_20.json	/Users/danieltenner/dev/research/model-personality-analysis-corpus/analysis/freeflow/personality-eval-bv1/outputs/muse-spark-1-1-or-pin-meta-20260813/SHORT_20.md
BV1_25439	meta/muse-spark-1.1	muse-spark-1-1-or-pin-meta-20260813	SHORT	openrouter	muse-spark-1-1-or-pin-meta-20260813/SHORT_21.json	251	/Users/danieltenner/dev/research/model-personality-corpus-v2/data/traces_freeflow/freeflow_muse-spark-1-1-or-pin-meta-20260813/SHORT_21.json	/Users/danieltenner/dev/research/model-personality-analysis-corpus/analysis/freeflow/personality-eval-bv1/outputs/muse-spark-1-1-or-pin-meta-20260813/SHORT_21.md
BV1_25440	meta/muse-spark-1.1	muse-spark-1-1-or-pin-meta-20260813	SHORT	openrouter	muse-spark-1-1-or-pin-meta-20260813/SHORT_22.json	253	/Users/danieltenner/dev/research/model-personality-corpus-v2/data/traces_freeflow/freeflow_muse-spark-1-1-or-pin-meta-20260813/SHORT_22.json	/Users/danieltenner/dev/research/model-personality-analysis-corpus/analysis/freeflow/personality-eval-bv1/outputs/muse-spark-1-1-or-pin-meta-20260813/SHORT_22.md
BV1_25441	meta/muse-spark-1.1	muse-spark-1-1-or-pin-meta-20260813	SHORT	openrouter	muse-spark-1-1-or-pin-meta-20260813/SHORT_23.json	249	/Users/danieltenner/dev/research/model-personality-corpus-v2/data/traces_freeflow/freeflow_muse-spark-1-1-or-pin-meta-20260813/SHORT_23.json	/Users/danieltenner/dev/research/model-personality-analysis-corpus/analysis/freeflow/personality-eval-bv1/outputs/muse-spark-1-1-or-pin-meta-20260813/SHORT_23.md
BV1_25442	meta/muse-spark-1.1	muse-spark-1-1-or-pin-meta-20260813	SHORT	openrouter	muse-spark-1-1-or-pin-meta-20260813/SHORT_24.json	252	/Users/danieltenner/dev/research/model-personality-corpus-v2/data/traces_freeflow/freeflow_muse-spark-1-1-or-pin-meta-20260813/SHORT_24.json	/Users/danieltenner/dev/research/model-personality-analysis-corpus/analysis/freeflow/personality-eval-bv1/outputs/muse-spark-1-1-or-pin-meta-20260813/SHORT_24.md
BV1_25443	meta/muse-spark-1.1	muse-spark-1-1-or-pin-meta-20260813	SHORT	openrouter	muse-spark-1-1-or-pin-meta-20260813/SHORT_25.json	253	/Users/danieltenner/dev/research/model-personality-corpus-v2/data/traces_freeflow/freeflow_muse-spark-1-1-or-pin-meta-20260813/SHORT_25.json	/Users/danieltenner/dev/research/model-personality-analysis-corpus/analysis/freeflow/personality-eval-bv1/outputs/muse-spark-1-1-or-pin-meta-20260813/SHORT_25.md
BV1_25444	meta/muse-spark-1.1	muse-spark-1-1-or-pin-meta-20260813	SHORT	openrouter	muse-spark-1-1-or-pin-meta-20260813/SHORT_3.json	250	/Users/danieltenner/dev/research/model-personality-corpus-v2/data/traces_freeflow/freeflow_muse-spark-1-1-or-pin-meta-20260813/SHORT_3.json	/Users/danieltenner/dev/research/model-personality-analysis-corpus/analysis/freeflow/personality-eval-bv1/outputs/muse-spark-1-1-or-pin-meta-20260813/SHORT_3.md
BV1_25445	meta/muse-spark-1.1	muse-spark-1-1-or-pin-meta-20260813	SHORT	openrouter	muse-spark-1-1-or-pin-meta-20260813/SHORT_4.json	250	/Users/danieltenner/dev/research/model-personality-corpus-v2/data/traces_freeflow/freeflow_muse-spark-1-1-or-pin-meta-20260813/SHORT_4.json	/Users/danieltenner/dev/research/model-personality-analysis-corpus/analysis/freeflow/personality-eval-bv1/outputs/muse-spark-1-1-or-pin-meta-20260813/SHORT_4.md
BV1_25446	meta/muse-spark-1.1	muse-spark-1-1-or-pin-meta-20260813	SHORT	openrouter	muse-spark-1-1-or-pin-meta-20260813/SHORT_5.json	251	/Users/danieltenner/dev/research/model-personality-corpus-v2/data/traces_freeflow/freeflow_muse-spark-1-1-or-pin-meta-20260813/SHORT_5.json	/Users/danieltenner/dev/research/model-personality-analysis-corpus/analysis/freeflow/personality-eval-bv1/outputs/muse-spark-1-1-or-pin-meta-20260813/SHORT_5.md
BV1_25447	meta/muse-spark-1.1	muse-spark-1-1-or-pin-meta-20260813	SHORT	openrouter	muse-spark-1-1-or-pin-meta-20260813/SHORT_6.json	250	/Users/danieltenner/dev/research/model-personality-corpus-v2/data/traces_freeflow/freeflow_muse-spark-1-1-or-pin-meta-20260813/SHORT_6.json	/Users/danieltenner/dev/research/model-personality-analysis-corpus/analysis/freeflow/personality-eval-bv1/outputs/muse-spark-1-1-or-pin-meta-20260813/SHORT_6.md
BV1_25448	meta/muse-spark-1.1	muse-spark-1-1-or-pin-meta-20260813	SHORT	openrouter	muse-spark-1-1-or-pin-meta-20260813/SHORT_7.json	251	/Users/danieltenner/dev/research/model-personality-corpus-v2/data/traces_freeflow/freeflow_muse-spark-1-1-or-pin-meta-20260813/SHORT_7.json	/Users/danieltenner/dev/research/model-personality-analysis-corpus/analysis/freeflow/personality-eval-bv1/outputs/muse-spark-1-1-or-pin-meta-20260813/SHORT_7.md
BV1_25449	meta/muse-spark-1.1	muse-spark-1-1-or-pin-meta-20260813	SHORT	openrouter	muse-spark-1-1-or-pin-meta-20260813/SHORT_8.json	251	/Users/danieltenner/dev/research/model-personality-corpus-v2/data/traces_freeflow/freeflow_muse-spark-1-1-or-pin-meta-20260813/SHORT_8.json	/Users/danieltenner/dev/research/model-personality-analysis-corpus/analysis/freeflow/personality-eval-bv1/outputs/muse-spark-1-1-or-pin-meta-20260813/SHORT_8.md
BV1_25450	meta/muse-spark-1.1	muse-spark-1-1-or-pin-meta-20260813	SHORT	openrouter	muse-spark-1-1-or-pin-meta-20260813/SHORT_9.json	245	/Users/danieltenner/dev/research/model-personality-corpus-v2/data/traces_freeflow/freeflow_muse-spark-1-1-or-pin-meta-20260813/SHORT_9.json	/Users/danieltenner/dev/research/model-personality-analysis-corpus/analysis/freeflow/personality-eval-bv1/outputs/muse-spark-1-1-or-pin-meta-20260813/SHORT_9.md
BV1_25451	meta/muse-spark-1.1	muse-spark-1-1-or-pin-meta-20260813	VARY	openrouter	muse-spark-1-1-or-pin-meta-20260813/VARY_1.json	754	/Users/danieltenner/dev/research/model-personality-corpus-v2/data/traces_freeflow/freeflow_muse-spark-1-1-or-pin-meta-20260813/VARY_1.json	/Users/danieltenner/dev/research/model-personality-analysis-corpus/analysis/freeflow/personality-eval-bv1/outputs/muse-spark-1-1-or-pin-meta-20260813/VARY_1.md
BV1_25452	meta/muse-spark-1.1	muse-spark-1-1-or-pin-meta-20260813	VARY	openrouter	muse-spark-1-1-or-pin-meta-20260813/VARY_10.json	1266	/Users/danieltenner/dev/research/model-personality-corpus-v2/data/traces_freeflow/freeflow_muse-spark-1-1-or-pin-meta-20260813/VARY_10.json	/Users/danieltenner/dev/research/model-personality-analysis-corpus/analysis/freeflow/personality-eval-bv1/outputs/muse-spark-1-1-or-pin-meta-20260813/VARY_10.md
BV1_25453	meta/muse-spark-1.1	muse-spark-1-1-or-pin-meta-20260813	VARY	openrouter	muse-spark-1-1-or-pin-meta-20260813/VARY_11.json	780	/Users/danieltenner/dev/research/model-personality-corpus-v2/data/traces_freeflow/freeflow_muse-spark-1-1-or-pin-meta-20260813/VARY_11.json	/Users/danieltenner/dev/research/model-personality-analysis-corpus/analysis/freeflow/personality-eval-bv1/outputs/muse-spark-1-1-or-pin-meta-20260813/VARY_11.md
BV1_25454	meta/muse-spark-1.1	muse-spark-1-1-or-pin-meta-20260813	VARY	openrouter	muse-spark-1-1-or-pin-meta-20260813/VARY_12.json	1046	/Users/danieltenner/dev/research/model-personality-corpus-v2/data/traces_freeflow/freeflow_muse-spark-1-1-or-pin-meta-20260813/VARY_12.json	/Users/danieltenner/dev/research/model-personality-analysis-corpus/analysis/freeflow/personality-eval-bv1/outputs/muse-spark-1-1-or-pin-meta-20260813/VARY_12.md
BV1_25455	meta/muse-spark-1.1	muse-spark-1-1-or-pin-meta-20260813	VARY	openrouter	muse-spark-1-1-or-pin-meta-20260813/VARY_13.json	812	/Users/danieltenner/dev/research/model-personality-corpus-v2/data/traces_freeflow/freeflow_muse-spark-1-1-or-pin-meta-20260813/VARY_13.json	/Users/danieltenner/dev/research/model-personality-analysis-corpus/analysis/freeflow/personality-eval-bv1/outputs/muse-spark-1-1-or-pin-meta-20260813/VARY_13.md
BV1_25456	meta/muse-spark-1.1	muse-spark-1-1-or-pin-meta-20260813	VARY	openrouter	muse-spark-1-1-or-pin-meta-20260813/VARY_14.json	909	/Users/danieltenner/dev/research/model-personality-corpus-v2/data/traces_freeflow/freeflow_muse-spark-1-1-or-pin-meta-20260813/VARY_14.json	/Users/danieltenner/dev/research/model-personality-analysis-corpus/analysis/freeflow/personality-eval-bv1/outputs/muse-spark-1-1-or-pin-meta-20260813/VARY_14.md
BV1_25457	meta/muse-spark-1.1	muse-spark-1-1-or-pin-meta-20260813	VARY	openrouter	muse-spark-1-1-or-pin-meta-20260813/VARY_15.json	741	/Users/danieltenner/dev/research/model-personality-corpus-v2/data/traces_freeflow/freeflow_muse-spark-1-1-or-pin-meta-20260813/VARY_15.json	/Users/danieltenner/dev/research/model-personality-analysis-corpus/analysis/freeflow/personality-eval-bv1/outputs/muse-spark-1-1-or-pin-meta-20260813/VARY_15.md
BV1_25458	meta/muse-spark-1.1	muse-spark-1-1-or-pin-meta-20260813	VARY	openrouter	muse-spark-1-1-or-pin-meta-20260813/VARY_16.json	1047	/Users/danieltenner/dev/research/model-personality-corpus-v2/data/traces_freeflow/freeflow_muse-spark-1-1-or-pin-meta-20260813/VARY_16.json	/Users/danieltenner/dev/research/model-personality-analysis-corpus/analysis/freeflow/personality-eval-bv1/outputs/muse-spark-1-1-or-pin-meta-20260813/VARY_16.md
BV1_25459	meta/muse-spark-1.1	muse-spark-1-1-or-pin-meta-20260813	VARY	openrouter	muse-spark-1-1-or-pin-meta-20260813/VARY_17.json	1103	/Users/danieltenner/dev/research/model-personality-corpus-v2/data/traces_freeflow/freeflow_muse-spark-1-1-or-pin-meta-20260813/VARY_17.json	/Users/danieltenner/dev/research/model-personality-analysis-corpus/analysis/freeflow/personality-eval-bv1/outputs/muse-spark-1-1-or-pin-meta-20260813/VARY_17.md
BV1_25460	meta/muse-spark-1.1	muse-spark-1-1-or-pin-meta-20260813	VARY	openrouter	muse-spark-1-1-or-pin-meta-20260813/VARY_18.json	854	/Users/danieltenner/dev/research/model-personality-corpus-v2/data/traces_freeflow/freeflow_muse-spark-1-1-or-pin-meta-20260813/VARY_18.json	/Users/danieltenner/dev/research/model-personality-analysis-corpus/analysis/freeflow/personality-eval-bv1/outputs/muse-spark-1-1-or-pin-meta-20260813/VARY_18.md
BV1_25461	meta/muse-spark-1.1	muse-spark-1-1-or-pin-meta-20260813	VARY	openrouter	muse-spark-1-1-or-pin-meta-20260813/VARY_19.json	885	/Users/danieltenner/dev/research/model-personality-corpus-v2/data/traces_freeflow/freeflow_muse-spark-1-1-or-pin-meta-20260813/VARY_19.json	/Users/danieltenner/dev/research/model-personality-analysis-corpus/analysis/freeflow/personality-eval-bv1/outputs/muse-spark-1-1-or-pin-meta-20260813/VARY_19.md
BV1_25462	meta/muse-spark-1.1	muse-spark-1-1-or-pin-meta-20260813	VARY	openrouter	muse-spark-1-1-or-pin-meta-20260813/VARY_2.json	742	/Users/danieltenner/dev/research/model-personality-corpus-v2/data/traces_freeflow/freeflow_muse-spark-1-1-or-pin-meta-20260813/VARY_2.json	/Users/danieltenner/dev/research/model-personality-analysis-corpus/analysis/freeflow/personality-eval-bv1/outputs/muse-spark-1-1-or-pin-meta-20260813/VARY_2.md
BV1_25463	meta/muse-spark-1.1	muse-spark-1-1-or-pin-meta-20260813	VARY	openrouter	muse-spark-1-1-or-pin-meta-20260813/VARY_20.json	1041	/Users/danieltenner/dev/research/model-personality-corpus-v2/data/traces_freeflow/freeflow_muse-spark-1-1-or-pin-meta-20260813/VARY_20.json	/Users/danieltenner/dev/research/model-personality-analysis-corpus/analysis/freeflow/personality-eval-bv1/outputs/muse-spark-1-1-or-pin-meta-20260813/VARY_20.md
BV1_25464	meta/muse-spark-1.1	muse-spark-1-1-or-pin-meta-20260813	VARY	openrouter	muse-spark-1-1-or-pin-meta-20260813/VARY_21.json	1248	/Users/danieltenner/dev/research/model-personality-corpus-v2/data/traces_freeflow/freeflow_muse-spark-1-1-or-pin-meta-20260813/VARY_21.json	/Users/danieltenner/dev/research/model-personality-analysis-corpus/analysis/freeflow/personality-eval-bv1/outputs/muse-spark-1-1-or-pin-meta-20260813/VARY_21.md
BV1_25465	meta/muse-spark-1.1	muse-spark-1-1-or-pin-meta-20260813	VARY	openrouter	muse-spark-1-1-or-pin-meta-20260813/VARY_22.json	851	/Users/danieltenner/dev/research/model-personality-corpus-v2/data/traces_freeflow/freeflow_muse-spark-1-1-or-pin-meta-20260813/VARY_22.json	/Users/danieltenner/dev/research/model-personality-analysis-corpus/analysis/freeflow/personality-eval-bv1/outputs/muse-spark-1-1-or-pin-meta-20260813/VARY_22.md
BV1_25466	meta/muse-spark-1.1	muse-spark-1-1-or-pin-meta-20260813	VARY	openrouter	muse-spark-1-1-or-pin-meta-20260813/VARY_23.json	979	/Users/danieltenner/dev/research/model-personality-corpus-v2/data/traces_freeflow/freeflow_muse-spark-1-1-or-pin-meta-20260813/VARY_23.json	/Users/danieltenner/dev/research/model-personality-analysis-corpus/analysis/freeflow/personality-eval-bv1/outputs/muse-spark-1-1-or-pin-meta-20260813/VARY_23.md
BV1_25467	meta/muse-spark-1.1	muse-spark-1-1-or-pin-meta-20260813	VARY	openrouter	muse-spark-1-1-or-pin-meta-20260813/VARY_24.json	735	/Users/danieltenner/dev/research/model-personality-corpus-v2/data/traces_freeflow/freeflow_muse-spark-1-1-or-pin-meta-20260813/VARY_24.json	/Users/danieltenner/dev/research/model-personality-analysis-corpus/analysis/freeflow/personality-eval-bv1/outputs/muse-spark-1-1-or-pin-meta-20260813/VARY_24.md
BV1_25468	meta/muse-spark-1.1	muse-spark-1-1-or-pin-meta-20260813	VARY	openrouter	muse-spark-1-1-or-pin-meta-20260813/VARY_25.json	873	/Users/danieltenner/dev/research/model-personality-corpus-v2/data/traces_freeflow/freeflow_muse-spark-1-1-or-pin-meta-20260813/VARY_25.json	/Users/danieltenner/dev/research/model-personality-analysis-corpus/analysis/freeflow/personality-eval-bv1/outputs/muse-spark-1-1-or-pin-meta-20260813/VARY_25.md
BV1_25469	meta/muse-spark-1.1	muse-spark-1-1-or-pin-meta-20260813	VARY	openrouter	muse-spark-1-1-or-pin-meta-20260813/VARY_3.json	1065	/Users/danieltenner/dev/research/model-personality-corpus-v2/data/traces_freeflow/freeflow_muse-spark-1-1-or-pin-meta-20260813/VARY_3.json	/Users/danieltenner/dev/research/model-personality-analysis-corpus/analysis/freeflow/personality-eval-bv1/outputs/muse-spark-1-1-or-pin-meta-20260813/VARY_3.md
BV1_25470	meta/muse-spark-1.1	muse-spark-1-1-or-pin-meta-20260813	VARY	openrouter	muse-spark-1-1-or-pin-meta-20260813/VARY_4.json	1051	/Users/danieltenner/dev/research/model-personality-corpus-v2/data/traces_freeflow/freeflow_muse-spark-1-1-or-pin-meta-20260813/VARY_4.json	/Users/danieltenner/dev/research/model-personality-analysis-corpus/analysis/freeflow/personality-eval-bv1/outputs/muse-spark-1-1-or-pin-meta-20260813/VARY_4.md
BV1_25471	meta/muse-spark-1.1	muse-spark-1-1-or-pin-meta-20260813	VARY	openrouter	muse-spark-1-1-or-pin-meta-20260813/VARY_5.json	869	/Users/danieltenner/dev/research/model-personality-corpus-v2/data/traces_freeflow/freeflow_muse-spark-1-1-or-pin-meta-20260813/VARY_5.json	/Users/danieltenner/dev/research/model-personality-analysis-corpus/analysis/freeflow/personality-eval-bv1/outputs/muse-spark-1-1-or-pin-meta-20260813/VARY_5.md
BV1_25472	meta/muse-spark-1.1	muse-spark-1-1-or-pin-meta-20260813	VARY	openrouter	muse-spark-1-1-or-pin-meta-20260813/VARY_6.json	1322	/Users/danieltenner/dev/research/model-personality-corpus-v2/data/traces_freeflow/freeflow_muse-spark-1-1-or-pin-meta-20260813/VARY_6.json	/Users/danieltenner/dev/research/model-personality-analysis-corpus/analysis/freeflow/personality-eval-bv1/outputs/muse-spark-1-1-or-pin-meta-20260813/VARY_6.md
BV1_25473	meta/muse-spark-1.1	muse-spark-1-1-or-pin-meta-20260813	VARY	openrouter	muse-spark-1-1-or-pin-meta-20260813/VARY_7.json	1210	/Users/danieltenner/dev/research/model-personality-corpus-v2/data/traces_freeflow/freeflow_muse-spark-1-1-or-pin-meta-20260813/VARY_7.json	/Users/danieltenner/dev/research/model-personality-analysis-corpus/analysis/freeflow/personality-eval-bv1/outputs/muse-spark-1-1-or-pin-meta-20260813/VARY_7.md
BV1_25474	meta/muse-spark-1.1	muse-spark-1-1-or-pin-meta-20260813	VARY	openrouter	muse-spark-1-1-or-pin-meta-20260813/VARY_8.json	1000	/Users/danieltenner/dev/research/model-personality-corpus-v2/data/traces_freeflow/freeflow_muse-spark-1-1-or-pin-meta-20260813/VARY_8.json	/Users/danieltenner/dev/research/model-personality-analysis-corpus/analysis/freeflow/personality-eval-bv1/outputs/muse-spark-1-1-or-pin-meta-20260813/VARY_8.md
BV1_25475	meta/muse-spark-1.1	muse-spark-1-1-or-pin-meta-20260813	VARY	openrouter	muse-spark-1-1-or-pin-meta-20260813/VARY_9.json	810	/Users/danieltenner/dev/research/model-personality-corpus-v2/data/traces_freeflow/freeflow_muse-spark-1-1-or-pin-meta-20260813/VARY_9.json	/Users/danieltenner/dev/research/model-personality-analysis-corpus/analysis/freeflow/personality-eval-bv1/outputs/muse-spark-1-1-or-pin-meta-20260813/VARY_9.md
BV1_25476	meta/muse-spark-1.2-contributor	muse-spark-1-2-contributor-or-pin-meta	LONG	openrouter	muse-spark-1-2-contributor-or-pin-meta/LONG_1.json	2839	/Users/danieltenner/dev/research/model-personality-corpus-v2/data/traces_freeflow/freeflow_muse-spark-1-2-contributor-or-pin-meta/LONG_1.json	/Users/danieltenner/dev/research/model-personality-analysis-corpus/analysis/freeflow/personality-eval-bv1/outputs/muse-spark-1-2-contributor-or-pin-meta/LONG_1.md
BV1_25477	meta/muse-spark-1.2-contributor	muse-spark-1-2-contributor-or-pin-meta	LONG	openrouter	muse-spark-1-2-contributor-or-pin-meta/LONG_10.json	2923	/Users/danieltenner/dev/research/model-personality-corpus-v2/data/traces_freeflow/freeflow_muse-spark-1-2-contributor-or-pin-meta/LONG_10.json	/Users/danieltenner/dev/research/model-personality-analysis-corpus/analysis/freeflow/personality-eval-bv1/outputs/muse-spark-1-2-contributor-or-pin-meta/LONG_10.md
BV1_25478	meta/muse-spark-1.2-contributor	muse-spark-1-2-contributor-or-pin-meta	LONG	openrouter	muse-spark-1-2-contributor-or-pin-meta/LONG_11.json	2372	/Users/danieltenner/dev/research/model-personality-corpus-v2/data/traces_freeflow/freeflow_muse-spark-1-2-contributor-or-pin-meta/LONG_11.json	/Users/danieltenner/dev/research/model-personality-analysis-corpus/analysis/freeflow/personality-eval-bv1/outputs/muse-spark-1-2-contributor-or-pin-meta/LONG_11.md
BV1_25479	meta/muse-spark-1.2-contributor	muse-spark-1-2-contributor-or-pin-meta	LONG	openrouter	muse-spark-1-2-contributor-or-pin-meta/LONG_12.json	2359	/Users/danieltenner/dev/research/model-personality-corpus-v2/data/traces_freeflow/freeflow_muse-spark-1-2-contributor-or-pin-meta/LONG_12.json	/Users/danieltenner/dev/research/model-personality-analysis-corpus/analysis/freeflow/personality-eval-bv1/outputs/muse-spark-1-2-contributor-or-pin-meta/LONG_12.md
BV1_25480	meta/muse-spark-1.2-contributor	muse-spark-1-2-contributor-or-pin-meta	LONG	openrouter	muse-spark-1-2-contributor-or-pin-meta/LONG_13.json	2557	/Users/danieltenner/dev/research/model-personality-corpus-v2/data/traces_freeflow/freeflow_muse-spark-1-2-contributor-or-pin-meta/LONG_13.json	/Users/danieltenner/dev/research/model-personality-analysis-corpus/analysis/freeflow/personality-eval-bv1/outputs/muse-spark-1-2-contributor-or-pin-meta/LONG_13.md
BV1_25481	meta/muse-spark-1.2-contributor	muse-spark-1-2-contributor-or-pin-meta	LONG	openrouter	muse-spark-1-2-contributor-or-pin-meta/LONG_14.json	2435	/Users/danieltenner/dev/research/model-personality-corpus-v2/data/traces_freeflow/freeflow_muse-spark-1-2-contributor-or-pin-meta/LONG_14.json	/Users/danieltenner/dev/research/model-personality-analysis-corpus/analysis/freeflow/personality-eval-bv1/outputs/muse-spark-1-2-contributor-or-pin-meta/LONG_14.md
BV1_25482	meta/muse-spark-1.2-contributor	muse-spark-1-2-contributor-or-pin-meta	LONG	openrouter	muse-spark-1-2-contributor-or-pin-meta/LONG_15.json	2097	/Users/danieltenner/dev/research/model-personality-corpus-v2/data/traces_freeflow/freeflow_muse-spark-1-2-contributor-or-pin-meta/LONG_15.json	/Users/danieltenner/dev/research/model-personality-analysis-corpus/analysis/freeflow/personality-eval-bv1/outputs/muse-spark-1-2-contributor-or-pin-meta/LONG_15.md
BV1_25483	meta/muse-spark-1.2-contributor	muse-spark-1-2-contributor-or-pin-meta	LONG	openrouter	muse-spark-1-2-contributor-or-pin-meta/LONG_16.json	2825	/Users/danieltenner/dev/research/model-personality-corpus-v2/data/traces_freeflow/freeflow_muse-spark-1-2-contributor-or-pin-meta/LONG_16.json	/Users/danieltenner/dev/research/model-personality-analysis-corpus/analysis/freeflow/personality-eval-bv1/outputs/muse-spark-1-2-contributor-or-pin-meta/LONG_16.md
BV1_25484	meta/muse-spark-1.2-contributor	muse-spark-1-2-contributor-or-pin-meta	LONG	openrouter	muse-spark-1-2-contributor-or-pin-meta/LONG_17.json	2849	/Users/danieltenner/dev/research/model-personality-corpus-v2/data/traces_freeflow/freeflow_muse-spark-1-2-contributor-or-pin-meta/LONG_17.json	/Users/danieltenner/dev/research/model-personality-analysis-corpus/analysis/freeflow/personality-eval-bv1/outputs/muse-spark-1-2-contributor-or-pin-meta/LONG_17.md
BV1_25485	meta/muse-spark-1.2-contributor	muse-spark-1-2-contributor-or-pin-meta	LONG	openrouter	muse-spark-1-2-contributor-or-pin-meta/LONG_18.json	2444	/Users/danieltenner/dev/research/model-personality-corpus-v2/data/traces_freeflow/freeflow_muse-spark-1-2-contributor-or-pin-meta/LONG_18.json	/Users/danieltenner/dev/research/model-personality-analysis-corpus/analysis/freeflow/personality-eval-bv1/outputs/muse-spark-1-2-contributor-or-pin-meta/LONG_18.md
BV1_25486	meta/muse-spark-1.2-contributor	muse-spark-1-2-contributor-or-pin-meta	LONG	openrouter	muse-spark-1-2-contributor-or-pin-meta/LONG_19.json	2743	/Users/danieltenner/dev/research/model-personality-corpus-v2/data/traces_freeflow/freeflow_muse-spark-1-2-contributor-or-pin-meta/LONG_19.json	/Users/danieltenner/dev/research/model-personality-analysis-corpus/analysis/freeflow/personality-eval-bv1/outputs/muse-spark-1-2-contributor-or-pin-meta/LONG_19.md
BV1_25487	meta/muse-spark-1.2-contributor	muse-spark-1-2-contributor-or-pin-meta	LONG	openrouter	muse-spark-1-2-contributor-or-pin-meta/LONG_2.json	3161	/Users/danieltenner/dev/research/model-personality-corpus-v2/data/traces_freeflow/freeflow_muse-spark-1-2-contributor-or-pin-meta/LONG_2.json	/Users/danieltenner/dev/research/model-personality-analysis-corpus/analysis/freeflow/personality-eval-bv1/outputs/muse-spark-1-2-contributor-or-pin-meta/LONG_2.md
BV1_25488	meta/muse-spark-1.2-contributor	muse-spark-1-2-contributor-or-pin-meta	LONG	openrouter	muse-spark-1-2-contributor-or-pin-meta/LONG_20.json	2879	/Users/danieltenner/dev/research/model-personality-corpus-v2/data/traces_freeflow/freeflow_muse-spark-1-2-contributor-or-pin-meta/LONG_20.json	/Users/danieltenner/dev/research/model-personality-analysis-corpus/analysis/freeflow/personality-eval-bv1/outputs/muse-spark-1-2-contributor-or-pin-meta/LONG_20.md
BV1_25489	meta/muse-spark-1.2-contributor	muse-spark-1-2-contributor-or-pin-meta	LONG	openrouter	muse-spark-1-2-contributor-or-pin-meta/LONG_21.json	2697	/Users/danieltenner/dev/research/model-personality-corpus-v2/data/traces_freeflow/freeflow_muse-spark-1-2-contributor-or-pin-meta/LONG_21.json	/Users/danieltenner/dev/research/model-personality-analysis-corpus/analysis/freeflow/personality-eval-bv1/outputs/muse-spark-1-2-contributor-or-pin-meta/LONG_21.md
BV1_25490	meta/muse-spark-1.2-contributor	muse-spark-1-2-contributor-or-pin-meta	LONG	openrouter	muse-spark-1-2-contributor-or-pin-meta/LONG_22.json	3026	/Users/danieltenner/dev/research/model-personality-corpus-v2/data/traces_freeflow/freeflow_muse-spark-1-2-contributor-or-pin-meta/LONG_22.json	/Users/danieltenner/dev/research/model-personality-analysis-corpus/analysis/freeflow/personality-eval-bv1/outputs/muse-spark-1-2-contributor-or-pin-meta/LONG_22.md
BV1_25491	meta/muse-spark-1.2-contributor	muse-spark-1-2-contributor-or-pin-meta	LONG	openrouter	muse-spark-1-2-contributor-or-pin-meta/LONG_23.json	2004	/Users/danieltenner/dev/research/model-personality-corpus-v2/data/traces_freeflow/freeflow_muse-spark-1-2-contributor-or-pin-meta/LONG_23.json	/Users/danieltenner/dev/research/model-personality-analysis-corpus/analysis/freeflow/personality-eval-bv1/outputs/muse-spark-1-2-contributor-or-pin-meta/LONG_23.md
BV1_25492	meta/muse-spark-1.2-contributor	muse-spark-1-2-contributor-or-pin-meta	LONG	openrouter	muse-spark-1-2-contributor-or-pin-meta/LONG_24.json	2183	/Users/danieltenner/dev/research/model-personality-corpus-v2/data/traces_freeflow/freeflow_muse-spark-1-2-contributor-or-pin-meta/LONG_24.json	/Users/danieltenner/dev/research/model-personality-analysis-corpus/analysis/freeflow/personality-eval-bv1/outputs/muse-spark-1-2-contributor-or-pin-meta/LONG_24.md
BV1_25493	meta/muse-spark-1.2-contributor	muse-spark-1-2-contributor-or-pin-meta	LONG	openrouter	muse-spark-1-2-contributor-or-pin-meta/LONG_25.json	2391	/Users/danieltenner/dev/research/model-personality-corpus-v2/data/traces_freeflow/freeflow_muse-spark-1-2-contributor-or-pin-meta/LONG_25.json	/Users/danieltenner/dev/research/model-personality-analysis-corpus/analysis/freeflow/personality-eval-bv1/outputs/muse-spark-1-2-contributor-or-pin-meta/LONG_25.md
BV1_25494	meta/muse-spark-1.2-contributor	muse-spark-1-2-contributor-or-pin-meta	LONG	openrouter	muse-spark-1-2-contributor-or-pin-meta/LONG_3.json	3052	/Users/danieltenner/dev/research/model-personality-corpus-v2/data/traces_freeflow/freeflow_muse-spark-1-2-contributor-or-pin-meta/LONG_3.json	/Users/danieltenner/dev/research/model-personality-analysis-corpus/analysis/freeflow/personality-eval-bv1/outputs/muse-spark-1-2-contributor-or-pin-meta/LONG_3.md
BV1_25495	meta/muse-spark-1.2-contributor	muse-spark-1-2-contributor-or-pin-meta	LONG	openrouter	muse-spark-1-2-contributor-or-pin-meta/LONG_4.json	2406	/Users/danieltenner/dev/research/model-personality-corpus-v2/data/traces_freeflow/freeflow_muse-spark-1-2-contributor-or-pin-meta/LONG_4.json	/Users/danieltenner/dev/research/model-personality-analysis-corpus/analysis/freeflow/personality-eval-bv1/outputs/muse-spark-1-2-contributor-or-pin-meta/LONG_4.md
BV1_25496	meta/muse-spark-1.2-contributor	muse-spark-1-2-contributor-or-pin-meta	LONG	openrouter	muse-spark-1-2-contributor-or-pin-meta/LONG_5.json	3147	/Users/danieltenner/dev/research/model-personality-corpus-v2/data/traces_freeflow/freeflow_muse-spark-1-2-contributor-or-pin-meta/LONG_5.json	/Users/danieltenner/dev/research/model-personality-analysis-corpus/analysis/freeflow/personality-eval-bv1/outputs/muse-spark-1-2-contributor-or-pin-meta/LONG_5.md
BV1_25497	meta/muse-spark-1.2-contributor	muse-spark-1-2-contributor-or-pin-meta	LONG	openrouter	muse-spark-1-2-contributor-or-pin-meta/LONG_6.json	2546	/Users/danieltenner/dev/research/model-personality-corpus-v2/data/traces_freeflow/freeflow_muse-spark-1-2-contributor-or-pin-meta/LONG_6.json	/Users/danieltenner/dev/research/model-personality-analysis-corpus/analysis/freeflow/personality-eval-bv1/outputs/muse-spark-1-2-contributor-or-pin-meta/LONG_6.md
BV1_25498	meta/muse-spark-1.2-contributor	muse-spark-1-2-contributor-or-pin-meta	LONG	openrouter	muse-spark-1-2-contributor-or-pin-meta/LONG_7.json	3010	/Users/danieltenner/dev/research/model-personality-corpus-v2/data/traces_freeflow/freeflow_muse-spark-1-2-contributor-or-pin-meta/LONG_7.json	/Users/danieltenner/dev/research/model-personality-analysis-corpus/analysis/freeflow/personality-eval-bv1/outputs/muse-spark-1-2-contributor-or-pin-meta/LONG_7.md
BV1_25499	meta/muse-spark-1.2-contributor	muse-spark-1-2-contributor-or-pin-meta	LONG	openrouter	muse-spark-1-2-contributor-or-pin-meta/LONG_8.json	2649	/Users/danieltenner/dev/research/model-personality-corpus-v2/data/traces_freeflow/freeflow_muse-spark-1-2-contributor-or-pin-meta/LONG_8.json	/Users/danieltenner/dev/research/model-personality-analysis-corpus/analysis/freeflow/personality-eval-bv1/outputs/muse-spark-1-2-contributor-or-pin-meta/LONG_8.md
BV1_25500	meta/muse-spark-1.2-contributor	muse-spark-1-2-contributor-or-pin-meta	LONG	openrouter	muse-spark-1-2-contributor-or-pin-meta/LONG_9.json	3251	/Users/danieltenner/dev/research/model-personality-corpus-v2/data/traces_freeflow/freeflow_muse-spark-1-2-contributor-or-pin-meta/LONG_9.json	/Users/danieltenner/dev/research/model-personality-analysis-corpus/analysis/freeflow/personality-eval-bv1/outputs/muse-spark-1-2-contributor-or-pin-meta/LONG_9.md
BV1_25501	meta/muse-spark-1.2-contributor	muse-spark-1-2-contributor-or-pin-meta	MID	openrouter	muse-spark-1-2-contributor-or-pin-meta/MID_1.json	1830	/Users/danieltenner/dev/research/model-personality-corpus-v2/data/traces_freeflow/freeflow_muse-spark-1-2-contributor-or-pin-meta/MID_1.json	/Users/danieltenner/dev/research/model-personality-analysis-corpus/analysis/freeflow/personality-eval-bv1/outputs/muse-spark-1-2-contributor-or-pin-meta/MID_1.md
BV1_25502	meta/muse-spark-1.2-contributor	muse-spark-1-2-contributor-or-pin-meta	MID	openrouter	muse-spark-1-2-contributor-or-pin-meta/MID_10.json	1381	/Users/danieltenner/dev/research/model-personality-corpus-v2/data/traces_freeflow/freeflow_muse-spark-1-2-contributor-or-pin-meta/MID_10.json	/Users/danieltenner/dev/research/model-personality-analysis-corpus/analysis/freeflow/personality-eval-bv1/outputs/muse-spark-1-2-contributor-or-pin-meta/MID_10.md
BV1_25503	meta/muse-spark-1.2-contributor	muse-spark-1-2-contributor-or-pin-meta	MID	openrouter	muse-spark-1-2-contributor-or-pin-meta/MID_11.json	996	/Users/danieltenner/dev/research/model-personality-corpus-v2/data/traces_freeflow/freeflow_muse-spark-1-2-contributor-or-pin-meta/MID_11.json	/Users/danieltenner/dev/research/model-personality-analysis-corpus/analysis/freeflow/personality-eval-bv1/outputs/muse-spark-1-2-contributor-or-pin-meta/MID_11.md
BV1_25504	meta/muse-spark-1.2-contributor	muse-spark-1-2-contributor-or-pin-meta	MID	openrouter	muse-spark-1-2-contributor-or-pin-meta/MID_12.json	1476	/Users/danieltenner/dev/research/model-personality-corpus-v2/data/traces_freeflow/freeflow_muse-spark-1-2-contributor-or-pin-meta/MID_12.json	/Users/danieltenner/dev/research/model-personality-analysis-corpus/analysis/freeflow/personality-eval-bv1/outputs/muse-spark-1-2-contributor-or-pin-meta/MID_12.md
BV1_25505	meta/muse-spark-1.2-contributor	muse-spark-1-2-contributor-or-pin-meta	MID	openrouter	muse-spark-1-2-contributor-or-pin-meta/MID_13.json	1287	/Users/danieltenner/dev/research/model-personality-corpus-v2/data/traces_freeflow/freeflow_muse-spark-1-2-contributor-or-pin-meta/MID_13.json	/Users/danieltenner/dev/research/model-personality-analysis-corpus/analysis/freeflow/personality-eval-bv1/outputs/muse-spark-1-2-contributor-or-pin-meta/MID_13.md
BV1_25506	meta/muse-spark-1.2-contributor	muse-spark-1-2-contributor-or-pin-meta	MID	openrouter	muse-spark-1-2-contributor-or-pin-meta/MID_14.json	1408	/Users/danieltenner/dev/research/model-personality-corpus-v2/data/traces_freeflow/freeflow_muse-spark-1-2-contributor-or-pin-meta/MID_14.json	/Users/danieltenner/dev/research/model-personality-analysis-corpus/analysis/freeflow/personality-eval-bv1/outputs/muse-spark-1-2-contributor-or-pin-meta/MID_14.md
BV1_25507	meta/muse-spark-1.2-contributor	muse-spark-1-2-contributor-or-pin-meta	MID	openrouter	muse-spark-1-2-contributor-or-pin-meta/MID_15.json	1686	/Users/danieltenner/dev/research/model-personality-corpus-v2/data/traces_freeflow/freeflow_muse-spark-1-2-contributor-or-pin-meta/MID_15.json	/Users/danieltenner/dev/research/model-personality-analysis-corpus/analysis/freeflow/personality-eval-bv1/outputs/muse-spark-1-2-contributor-or-pin-meta/MID_15.md
BV1_25508	meta/muse-spark-1.2-contributor	muse-spark-1-2-contributor-or-pin-meta	MID	openrouter	muse-spark-1-2-contributor-or-pin-meta/MID_16.json	1706	/Users/danieltenner/dev/research/model-personality-corpus-v2/data/traces_freeflow/freeflow_muse-spark-1-2-contributor-or-pin-meta/MID_16.json	/Users/danieltenner/dev/research/model-personality-analysis-corpus/analysis/freeflow/personality-eval-bv1/outputs/muse-spark-1-2-contributor-or-pin-meta/MID_16.md
BV1_25509	meta/muse-spark-1.2-contributor	muse-spark-1-2-contributor-or-pin-meta	MID	openrouter	muse-spark-1-2-contributor-or-pin-meta/MID_17.json	1590	/Users/danieltenner/dev/research/model-personality-corpus-v2/data/traces_freeflow/freeflow_muse-spark-1-2-contributor-or-pin-meta/MID_17.json	/Users/danieltenner/dev/research/model-personality-analysis-corpus/analysis/freeflow/personality-eval-bv1/outputs/muse-spark-1-2-contributor-or-pin-meta/MID_17.md
BV1_25510	meta/muse-spark-1.2-contributor	muse-spark-1-2-contributor-or-pin-meta	MID	openrouter	muse-spark-1-2-contributor-or-pin-meta/MID_18.json	1449	/Users/danieltenner/dev/research/model-personality-corpus-v2/data/traces_freeflow/freeflow_muse-spark-1-2-contributor-or-pin-meta/MID_18.json	/Users/danieltenner/dev/research/model-personality-analysis-corpus/analysis/freeflow/personality-eval-bv1/outputs/muse-spark-1-2-contributor-or-pin-meta/MID_18.md
BV1_25511	meta/muse-spark-1.2-contributor	muse-spark-1-2-contributor-or-pin-meta	MID	openrouter	muse-spark-1-2-contributor-or-pin-meta/MID_19.json	1568	/Users/danieltenner/dev/research/model-personality-corpus-v2/data/traces_freeflow/freeflow_muse-spark-1-2-contributor-or-pin-meta/MID_19.json	/Users/danieltenner/dev/research/model-personality-analysis-corpus/analysis/freeflow/personality-eval-bv1/outputs/muse-spark-1-2-contributor-or-pin-meta/MID_19.md
BV1_25512	meta/muse-spark-1.2-contributor	muse-spark-1-2-contributor-or-pin-meta	MID	openrouter	muse-spark-1-2-contributor-or-pin-meta/MID_2.json	1476	/Users/danieltenner/dev/research/model-personality-corpus-v2/data/traces_freeflow/freeflow_muse-spark-1-2-contributor-or-pin-meta/MID_2.json	/Users/danieltenner/dev/research/model-personality-analysis-corpus/analysis/freeflow/personality-eval-bv1/outputs/muse-spark-1-2-contributor-or-pin-meta/MID_2.md
BV1_25513	meta/muse-spark-1.2-contributor	muse-spark-1-2-contributor-or-pin-meta	MID	openrouter	muse-spark-1-2-contributor-or-pin-meta/MID_20.json	1572	/Users/danieltenner/dev/research/model-personality-corpus-v2/data/traces_freeflow/freeflow_muse-spark-1-2-contributor-or-pin-meta/MID_20.json	/Users/danieltenner/dev/research/model-personality-analysis-corpus/analysis/freeflow/personality-eval-bv1/outputs/muse-spark-1-2-contributor-or-pin-meta/MID_20.md
BV1_25514	meta/muse-spark-1.2-contributor	muse-spark-1-2-contributor-or-pin-meta	MID	openrouter	muse-spark-1-2-contributor-or-pin-meta/MID_21.json	1598	/Users/danieltenner/dev/research/model-personality-corpus-v2/data/traces_freeflow/freeflow_muse-spark-1-2-contributor-or-pin-meta/MID_21.json	/Users/danieltenner/dev/research/model-personality-analysis-corpus/analysis/freeflow/personality-eval-bv1/outputs/muse-spark-1-2-contributor-or-pin-meta/MID_21.md
BV1_25515	meta/muse-spark-1.2-contributor	muse-spark-1-2-contributor-or-pin-meta	MID	openrouter	muse-spark-1-2-contributor-or-pin-meta/MID_22.json	1545	/Users/danieltenner/dev/research/model-personality-corpus-v2/data/traces_freeflow/freeflow_muse-spark-1-2-contributor-or-pin-meta/MID_22.json	/Users/danieltenner/dev/research/model-personality-analysis-corpus/analysis/freeflow/personality-eval-bv1/outputs/muse-spark-1-2-contributor-or-pin-meta/MID_22.md
BV1_25516	meta/muse-spark-1.2-contributor	muse-spark-1-2-contributor-or-pin-meta	MID	openrouter	muse-spark-1-2-contributor-or-pin-meta/MID_23.json	1583	/Users/danieltenner/dev/research/model-personality-corpus-v2/data/traces_freeflow/freeflow_muse-spark-1-2-contributor-or-pin-meta/MID_23.json	/Users/danieltenner/dev/research/model-personality-analysis-corpus/analysis/freeflow/personality-eval-bv1/outputs/muse-spark-1-2-contributor-or-pin-meta/MID_23.md
BV1_25517	meta/muse-spark-1.2-contributor	muse-spark-1-2-contributor-or-pin-meta	MID	openrouter	muse-spark-1-2-contributor-or-pin-meta/MID_24.json	1369	/Users/danieltenner/dev/research/model-personality-corpus-v2/data/traces_freeflow/freeflow_muse-spark-1-2-contributor-or-pin-meta/MID_24.json	/Users/danieltenner/dev/research/model-personality-analysis-corpus/analysis/freeflow/personality-eval-bv1/outputs/muse-spark-1-2-contributor-or-pin-meta/MID_24.md
BV1_25518	meta/muse-spark-1.2-contributor	muse-spark-1-2-contributor-or-pin-meta	MID	openrouter	muse-spark-1-2-contributor-or-pin-meta/MID_25.json	1432	/Users/danieltenner/dev/research/model-personality-corpus-v2/data/traces_freeflow/freeflow_muse-spark-1-2-contributor-or-pin-meta/MID_25.json	/Users/danieltenner/dev/research/model-personality-analysis-corpus/analysis/freeflow/personality-eval-bv1/outputs/muse-spark-1-2-contributor-or-pin-meta/MID_25.md
BV1_25519	meta/muse-spark-1.2-contributor	muse-spark-1-2-contributor-or-pin-meta	MID	openrouter	muse-spark-1-2-contributor-or-pin-meta/MID_3.json	1616	/Users/danieltenner/dev/research/model-personality-corpus-v2/data/traces_freeflow/freeflow_muse-spark-1-2-contributor-or-pin-meta/MID_3.json	/Users/danieltenner/dev/research/model-personality-analysis-corpus/analysis/freeflow/personality-eval-bv1/outputs/muse-spark-1-2-contributor-or-pin-meta/MID_3.md
BV1_25520	meta/muse-spark-1.2-contributor	muse-spark-1-2-contributor-or-pin-meta	MID	openrouter	muse-spark-1-2-contributor-or-pin-meta/MID_4.json	1383	/Users/danieltenner/dev/research/model-personality-corpus-v2/data/traces_freeflow/freeflow_muse-spark-1-2-contributor-or-pin-meta/MID_4.json	/Users/danieltenner/dev/research/model-personality-analysis-corpus/analysis/freeflow/personality-eval-bv1/outputs/muse-spark-1-2-contributor-or-pin-meta/MID_4.md
BV1_25521	meta/muse-spark-1.2-contributor	muse-spark-1-2-contributor-or-pin-meta	MID	openrouter	muse-spark-1-2-contributor-or-pin-meta/MID_5.json	1554	/Users/danieltenner/dev/research/model-personality-corpus-v2/data/traces_freeflow/freeflow_muse-spark-1-2-contributor-or-pin-meta/MID_5.json	/Users/danieltenner/dev/research/model-personality-analysis-corpus/analysis/freeflow/personality-eval-bv1/outputs/muse-spark-1-2-contributor-or-pin-meta/MID_5.md
BV1_25522	meta/muse-spark-1.2-contributor	muse-spark-1-2-contributor-or-pin-meta	MID	openrouter	muse-spark-1-2-contributor-or-pin-meta/MID_6.json	1620	/Users/danieltenner/dev/research/model-personality-corpus-v2/data/traces_freeflow/freeflow_muse-spark-1-2-contributor-or-pin-meta/MID_6.json	/Users/danieltenner/dev/research/model-personality-analysis-corpus/analysis/freeflow/personality-eval-bv1/outputs/muse-spark-1-2-contributor-or-pin-meta/MID_6.md
BV1_25523	meta/muse-spark-1.2-contributor	muse-spark-1-2-contributor-or-pin-meta	MID	openrouter	muse-spark-1-2-contributor-or-pin-meta/MID_7.json	1468	/Users/danieltenner/dev/research/model-personality-corpus-v2/data/traces_freeflow/freeflow_muse-spark-1-2-contributor-or-pin-meta/MID_7.json	/Users/danieltenner/dev/research/model-personality-analysis-corpus/analysis/freeflow/personality-eval-bv1/outputs/muse-spark-1-2-contributor-or-pin-meta/MID_7.md
BV1_25524	meta/muse-spark-1.2-contributor	muse-spark-1-2-contributor-or-pin-meta	MID	openrouter	muse-spark-1-2-contributor-or-pin-meta/MID_8.json	1448	/Users/danieltenner/dev/research/model-personality-corpus-v2/data/traces_freeflow/freeflow_muse-spark-1-2-contributor-or-pin-meta/MID_8.json	/Users/danieltenner/dev/research/model-personality-analysis-corpus/analysis/freeflow/personality-eval-bv1/outputs/muse-spark-1-2-contributor-or-pin-meta/MID_8.md
BV1_25525	meta/muse-spark-1.2-contributor	muse-spark-1-2-contributor-or-pin-meta	MID	openrouter	muse-spark-1-2-contributor-or-pin-meta/MID_9.json	1568	/Users/danieltenner/dev/research/model-personality-corpus-v2/data/traces_freeflow/freeflow_muse-spark-1-2-contributor-or-pin-meta/MID_9.json	/Users/danieltenner/dev/research/model-personality-analysis-corpus/analysis/freeflow/personality-eval-bv1/outputs/muse-spark-1-2-contributor-or-pin-meta/MID_9.md
BV1_25526	meta/muse-spark-1.2-contributor	muse-spark-1-2-contributor-or-pin-meta	OPEN	openrouter	muse-spark-1-2-contributor-or-pin-meta/OPEN_1.json	401	/Users/danieltenner/dev/research/model-personality-corpus-v2/data/traces_freeflow/freeflow_muse-spark-1-2-contributor-or-pin-meta/OPEN_1.json	/Users/danieltenner/dev/research/model-personality-analysis-corpus/analysis/freeflow/personality-eval-bv1/outputs/muse-spark-1-2-contributor-or-pin-meta/OPEN_1.md
BV1_25527	meta/muse-spark-1.2-contributor	muse-spark-1-2-contributor-or-pin-meta	OPEN	openrouter	muse-spark-1-2-contributor-or-pin-meta/OPEN_10.json	560	/Users/danieltenner/dev/research/model-personality-corpus-v2/data/traces_freeflow/freeflow_muse-spark-1-2-contributor-or-pin-meta/OPEN_10.json	/Users/danieltenner/dev/research/model-personality-analysis-corpus/analysis/freeflow/personality-eval-bv1/outputs/muse-spark-1-2-contributor-or-pin-meta/OPEN_10.md
BV1_25528	meta/muse-spark-1.2-contributor	muse-spark-1-2-contributor-or-pin-meta	OPEN	openrouter	muse-spark-1-2-contributor-or-pin-meta/OPEN_11.json	551	/Users/danieltenner/dev/research/model-personality-corpus-v2/data/traces_freeflow/freeflow_muse-spark-1-2-contributor-or-pin-meta/OPEN_11.json	/Users/danieltenner/dev/research/model-personality-analysis-corpus/analysis/freeflow/personality-eval-bv1/outputs/muse-spark-1-2-contributor-or-pin-meta/OPEN_11.md
BV1_25529	meta/muse-spark-1.2-contributor	muse-spark-1-2-contributor-or-pin-meta	OPEN	openrouter	muse-spark-1-2-contributor-or-pin-meta/OPEN_12.json	520	/Users/danieltenner/dev/research/model-personality-corpus-v2/data/traces_freeflow/freeflow_muse-spark-1-2-contributor-or-pin-meta/OPEN_12.json	/Users/danieltenner/dev/research/model-personality-analysis-corpus/analysis/freeflow/personality-eval-bv1/outputs/muse-spark-1-2-contributor-or-pin-meta/OPEN_12.md
BV1_25530	meta/muse-spark-1.2-contributor	muse-spark-1-2-contributor-or-pin-meta	OPEN	openrouter	muse-spark-1-2-contributor-or-pin-meta/OPEN_13.json	448	/Users/danieltenner/dev/research/model-personality-corpus-v2/data/traces_freeflow/freeflow_muse-spark-1-2-contributor-or-pin-meta/OPEN_13.json	/Users/danieltenner/dev/research/model-personality-analysis-corpus/analysis/freeflow/personality-eval-bv1/outputs/muse-spark-1-2-contributor-or-pin-meta/OPEN_13.md
BV1_25531	meta/muse-spark-1.2-contributor	muse-spark-1-2-contributor-or-pin-meta	OPEN	openrouter	muse-spark-1-2-contributor-or-pin-meta/OPEN_14.json	429	/Users/danieltenner/dev/research/model-personality-corpus-v2/data/traces_freeflow/freeflow_muse-spark-1-2-contributor-or-pin-meta/OPEN_14.json	/Users/danieltenner/dev/research/model-personality-analysis-corpus/analysis/freeflow/personality-eval-bv1/outputs/muse-spark-1-2-contributor-or-pin-meta/OPEN_14.md
BV1_25532	meta/muse-spark-1.2-contributor	muse-spark-1-2-contributor-or-pin-meta	OPEN	openrouter	muse-spark-1-2-contributor-or-pin-meta/OPEN_15.json	412	/Users/danieltenner/dev/research/model-personality-corpus-v2/data/traces_freeflow/freeflow_muse-spark-1-2-contributor-or-pin-meta/OPEN_15.json	/Users/danieltenner/dev/research/model-personality-analysis-corpus/analysis/freeflow/personality-eval-bv1/outputs/muse-spark-1-2-contributor-or-pin-meta/OPEN_15.md
BV1_25533	meta/muse-spark-1.2-contributor	muse-spark-1-2-contributor-or-pin-meta	OPEN	openrouter	muse-spark-1-2-contributor-or-pin-meta/OPEN_16.json	512	/Users/danieltenner/dev/research/model-personality-corpus-v2/data/traces_freeflow/freeflow_muse-spark-1-2-contributor-or-pin-meta/OPEN_16.json	/Users/danieltenner/dev/research/model-personality-analysis-corpus/analysis/freeflow/personality-eval-bv1/outputs/muse-spark-1-2-contributor-or-pin-meta/OPEN_16.md
BV1_25534	meta/muse-spark-1.2-contributor	muse-spark-1-2-contributor-or-pin-meta	OPEN	openrouter	muse-spark-1-2-contributor-or-pin-meta/OPEN_17.json	590	/Users/danieltenner/dev/research/model-personality-corpus-v2/data/traces_freeflow/freeflow_muse-spark-1-2-contributor-or-pin-meta/OPEN_17.json	/Users/danieltenner/dev/research/model-personality-analysis-corpus/analysis/freeflow/personality-eval-bv1/outputs/muse-spark-1-2-contributor-or-pin-meta/OPEN_17.md
BV1_25535	meta/muse-spark-1.2-contributor	muse-spark-1-2-contributor-or-pin-meta	OPEN	openrouter	muse-spark-1-2-contributor-or-pin-meta/OPEN_18.json	483	/Users/danieltenner/dev/research/model-personality-corpus-v2/data/traces_freeflow/freeflow_muse-spark-1-2-contributor-or-pin-meta/OPEN_18.json	/Users/danieltenner/dev/research/model-personality-analysis-corpus/analysis/freeflow/personality-eval-bv1/outputs/muse-spark-1-2-contributor-or-pin-meta/OPEN_18.md
BV1_25536	meta/muse-spark-1.2-contributor	muse-spark-1-2-contributor-or-pin-meta	OPEN	openrouter	muse-spark-1-2-contributor-or-pin-meta/OPEN_19.json	421	/Users/danieltenner/dev/research/model-personality-corpus-v2/data/traces_freeflow/freeflow_muse-spark-1-2-contributor-or-pin-meta/OPEN_19.json	/Users/danieltenner/dev/research/model-personality-analysis-corpus/analysis/freeflow/personality-eval-bv1/outputs/muse-spark-1-2-contributor-or-pin-meta/OPEN_19.md
BV1_25537	meta/muse-spark-1.2-contributor	muse-spark-1-2-contributor-or-pin-meta	OPEN	openrouter	muse-spark-1-2-contributor-or-pin-meta/OPEN_2.json	506	/Users/danieltenner/dev/research/model-personality-corpus-v2/data/traces_freeflow/freeflow_muse-spark-1-2-contributor-or-pin-meta/OPEN_2.json	/Users/danieltenner/dev/research/model-personality-analysis-corpus/analysis/freeflow/personality-eval-bv1/outputs/muse-spark-1-2-contributor-or-pin-meta/OPEN_2.md
BV1_25538	meta/muse-spark-1.2-contributor	muse-spark-1-2-contributor-or-pin-meta	OPEN	openrouter	muse-spark-1-2-contributor-or-pin-meta/OPEN_20.json	532	/Users/danieltenner/dev/research/model-personality-corpus-v2/data/traces_freeflow/freeflow_muse-spark-1-2-contributor-or-pin-meta/OPEN_20.json	/Users/danieltenner/dev/research/model-personality-analysis-corpus/analysis/freeflow/personality-eval-bv1/outputs/muse-spark-1-2-contributor-or-pin-meta/OPEN_20.md
BV1_25539	meta/muse-spark-1.2-contributor	muse-spark-1-2-contributor-or-pin-meta	OPEN	openrouter	muse-spark-1-2-contributor-or-pin-meta/OPEN_21.json	450	/Users/danieltenner/dev/research/model-personality-corpus-v2/data/traces_freeflow/freeflow_muse-spark-1-2-contributor-or-pin-meta/OPEN_21.json	/Users/danieltenner/dev/research/model-personality-analysis-corpus/analysis/freeflow/personality-eval-bv1/outputs/muse-spark-1-2-contributor-or-pin-meta/OPEN_21.md
BV1_25540	meta/muse-spark-1.2-contributor	muse-spark-1-2-contributor-or-pin-meta	OPEN	openrouter	muse-spark-1-2-contributor-or-pin-meta/OPEN_22.json	512	/Users/danieltenner/dev/research/model-personality-corpus-v2/data/traces_freeflow/freeflow_muse-spark-1-2-contributor-or-pin-meta/OPEN_22.json	/Users/danieltenner/dev/research/model-personality-analysis-corpus/analysis/freeflow/personality-eval-bv1/outputs/muse-spark-1-2-contributor-or-pin-meta/OPEN_22.md
BV1_25541	meta/muse-spark-1.2-contributor	muse-spark-1-2-contributor-or-pin-meta	OPEN	openrouter	muse-spark-1-2-contributor-or-pin-meta/OPEN_23.json	466	/Users/danieltenner/dev/research/model-personality-corpus-v2/data/traces_freeflow/freeflow_muse-spark-1-2-contributor-or-pin-meta/OPEN_23.json	/Users/danieltenner/dev/research/model-personality-analysis-corpus/analysis/freeflow/personality-eval-bv1/outputs/muse-spark-1-2-contributor-or-pin-meta/OPEN_23.md
BV1_25542	meta/muse-spark-1.2-contributor	muse-spark-1-2-contributor-or-pin-meta	OPEN	openrouter	muse-spark-1-2-contributor-or-pin-meta/OPEN_24.json	560	/Users/danieltenner/dev/research/model-personality-corpus-v2/data/traces_freeflow/freeflow_muse-spark-1-2-contributor-or-pin-meta/OPEN_24.json	/Users/danieltenner/dev/research/model-personality-analysis-corpus/analysis/freeflow/personality-eval-bv1/outputs/muse-spark-1-2-contributor-or-pin-meta/OPEN_24.md
BV1_25543	meta/muse-spark-1.2-contributor	muse-spark-1-2-contributor-or-pin-meta	OPEN	openrouter	muse-spark-1-2-contributor-or-pin-meta/OPEN_25.json	542	/Users/danieltenner/dev/research/model-personality-corpus-v2/data/traces_freeflow/freeflow_muse-spark-1-2-contributor-or-pin-meta/OPEN_25.json	/Users/danieltenner/dev/research/model-personality-analysis-corpus/analysis/freeflow/personality-eval-bv1/outputs/muse-spark-1-2-contributor-or-pin-meta/OPEN_25.md
BV1_25544	meta/muse-spark-1.2-contributor	muse-spark-1-2-contributor-or-pin-meta	OPEN	openrouter	muse-spark-1-2-contributor-or-pin-meta/OPEN_3.json	546	/Users/danieltenner/dev/research/model-personality-corpus-v2/data/traces_freeflow/freeflow_muse-spark-1-2-contributor-or-pin-meta/OPEN_3.json	/Users/danieltenner/dev/research/model-personality-analysis-corpus/analysis/freeflow/personality-eval-bv1/outputs/muse-spark-1-2-contributor-or-pin-meta/OPEN_3.md
BV1_25545	meta/muse-spark-1.2-contributor	muse-spark-1-2-contributor-or-pin-meta	OPEN	openrouter	muse-spark-1-2-contributor-or-pin-meta/OPEN_4.json	545	/Users/danieltenner/dev/research/model-personality-corpus-v2/data/traces_freeflow/freeflow_muse-spark-1-2-contributor-or-pin-meta/OPEN_4.json	/Users/danieltenner/dev/research/model-personality-analysis-corpus/analysis/freeflow/personality-eval-bv1/outputs/muse-spark-1-2-contributor-or-pin-meta/OPEN_4.md
BV1_25546	meta/muse-spark-1.2-contributor	muse-spark-1-2-contributor-or-pin-meta	OPEN	openrouter	muse-spark-1-2-contributor-or-pin-meta/OPEN_5.json	503	/Users/danieltenner/dev/research/model-personality-corpus-v2/data/traces_freeflow/freeflow_muse-spark-1-2-contributor-or-pin-meta/OPEN_5.json	/Users/danieltenner/dev/research/model-personality-analysis-corpus/analysis/freeflow/personality-eval-bv1/outputs/muse-spark-1-2-contributor-or-pin-meta/OPEN_5.md
BV1_25547	meta/muse-spark-1.2-contributor	muse-spark-1-2-contributor-or-pin-meta	OPEN	openrouter	muse-spark-1-2-contributor-or-pin-meta/OPEN_6.json	421	/Users/danieltenner/dev/research/model-personality-corpus-v2/data/traces_freeflow/freeflow_muse-spark-1-2-contributor-or-pin-meta/OPEN_6.json	/Users/danieltenner/dev/research/model-personality-analysis-corpus/analysis/freeflow/personality-eval-bv1/outputs/muse-spark-1-2-contributor-or-pin-meta/OPEN_6.md
BV1_25548	meta/muse-spark-1.2-contributor	muse-spark-1-2-contributor-or-pin-meta	OPEN	openrouter	muse-spark-1-2-contributor-or-pin-meta/OPEN_7.json	653	/Users/danieltenner/dev/research/model-personality-corpus-v2/data/traces_freeflow/freeflow_muse-spark-1-2-contributor-or-pin-meta/OPEN_7.json	/Users/danieltenner/dev/research/model-personality-analysis-corpus/analysis/freeflow/personality-eval-bv1/outputs/muse-spark-1-2-contributor-or-pin-meta/OPEN_7.md
BV1_25549	meta/muse-spark-1.2-contributor	muse-spark-1-2-contributor-or-pin-meta	OPEN	openrouter	muse-spark-1-2-contributor-or-pin-meta/OPEN_8.json	444	/Users/danieltenner/dev/research/model-personality-corpus-v2/data/traces_freeflow/freeflow_muse-spark-1-2-contributor-or-pin-meta/OPEN_8.json	/Users/danieltenner/dev/research/model-personality-analysis-corpus/analysis/freeflow/personality-eval-bv1/outputs/muse-spark-1-2-contributor-or-pin-meta/OPEN_8.md
BV1_25550	meta/muse-spark-1.2-contributor	muse-spark-1-2-contributor-or-pin-meta	OPEN	openrouter	muse-spark-1-2-contributor-or-pin-meta/OPEN_9.json	508	/Users/danieltenner/dev/research/model-personality-corpus-v2/data/traces_freeflow/freeflow_muse-spark-1-2-contributor-or-pin-meta/OPEN_9.json	/Users/danieltenner/dev/research/model-personality-analysis-corpus/analysis/freeflow/personality-eval-bv1/outputs/muse-spark-1-2-contributor-or-pin-meta/OPEN_9.md
BV1_25551	meta/muse-spark-1.2-contributor	muse-spark-1-2-contributor-or-pin-meta	SHORT	openrouter	muse-spark-1-2-contributor-or-pin-meta/SHORT_1.json	251	/Users/danieltenner/dev/research/model-personality-corpus-v2/data/traces_freeflow/freeflow_muse-spark-1-2-contributor-or-pin-meta/SHORT_1.json	/Users/danieltenner/dev/research/model-personality-analysis-corpus/analysis/freeflow/personality-eval-bv1/outputs/muse-spark-1-2-contributor-or-pin-meta/SHORT_1.md
BV1_25552	meta/muse-spark-1.2-contributor	muse-spark-1-2-contributor-or-pin-meta	SHORT	openrouter	muse-spark-1-2-contributor-or-pin-meta/SHORT_10.json	262	/Users/danieltenner/dev/research/model-personality-corpus-v2/data/traces_freeflow/freeflow_muse-spark-1-2-contributor-or-pin-meta/SHORT_10.json	/Users/danieltenner/dev/research/model-personality-analysis-corpus/analysis/freeflow/personality-eval-bv1/outputs/muse-spark-1-2-contributor-or-pin-meta/SHORT_10.md
BV1_25553	meta/muse-spark-1.2-contributor	muse-spark-1-2-contributor-or-pin-meta	SHORT	openrouter	muse-spark-1-2-contributor-or-pin-meta/SHORT_11.json	250	/Users/danieltenner/dev/research/model-personality-corpus-v2/data/traces_freeflow/freeflow_muse-spark-1-2-contributor-or-pin-meta/SHORT_11.json	/Users/danieltenner/dev/research/model-personality-analysis-corpus/analysis/freeflow/personality-eval-bv1/outputs/muse-spark-1-2-contributor-or-pin-meta/SHORT_11.md
BV1_25554	meta/muse-spark-1.2-contributor	muse-spark-1-2-contributor-or-pin-meta	SHORT	openrouter	muse-spark-1-2-contributor-or-pin-meta/SHORT_12.json	250	/Users/danieltenner/dev/research/model-personality-corpus-v2/data/traces_freeflow/freeflow_muse-spark-1-2-contributor-or-pin-meta/SHORT_12.json	/Users/danieltenner/dev/research/model-personality-analysis-corpus/analysis/freeflow/personality-eval-bv1/outputs/muse-spark-1-2-contributor-or-pin-meta/SHORT_12.md
BV1_25555	meta/muse-spark-1.2-contributor	muse-spark-1-2-contributor-or-pin-meta	SHORT	openrouter	muse-spark-1-2-contributor-or-pin-meta/SHORT_13.json	250	/Users/danieltenner/dev/research/model-personality-corpus-v2/data/traces_freeflow/freeflow_muse-spark-1-2-contributor-or-pin-meta/SHORT_13.json	/Users/danieltenner/dev/research/model-personality-analysis-corpus/analysis/freeflow/personality-eval-bv1/outputs/muse-spark-1-2-contributor-or-pin-meta/SHORT_13.md
BV1_25556	meta/muse-spark-1.2-contributor	muse-spark-1-2-contributor-or-pin-meta	SHORT	openrouter	muse-spark-1-2-contributor-or-pin-meta/SHORT_14.json	250	/Users/danieltenner/dev/research/model-personality-corpus-v2/data/traces_freeflow/freeflow_muse-spark-1-2-contributor-or-pin-meta/SHORT_14.json	/Users/danieltenner/dev/research/model-personality-analysis-corpus/analysis/freeflow/personality-eval-bv1/outputs/muse-spark-1-2-contributor-or-pin-meta/SHORT_14.md
BV1_25557	meta/muse-spark-1.2-contributor	muse-spark-1-2-contributor-or-pin-meta	SHORT	openrouter	muse-spark-1-2-contributor-or-pin-meta/SHORT_15.json	250	/Users/danieltenner/dev/research/model-personality-corpus-v2/data/traces_freeflow/freeflow_muse-spark-1-2-contributor-or-pin-meta/SHORT_15.json	/Users/danieltenner/dev/research/model-personality-analysis-corpus/analysis/freeflow/personality-eval-bv1/outputs/muse-spark-1-2-contributor-or-pin-meta/SHORT_15.md
BV1_25558	meta/muse-spark-1.2-contributor	muse-spark-1-2-contributor-or-pin-meta	SHORT	openrouter	muse-spark-1-2-contributor-or-pin-meta/SHORT_16.json	255	/Users/danieltenner/dev/research/model-personality-corpus-v2/data/traces_freeflow/freeflow_muse-spark-1-2-contributor-or-pin-meta/SHORT_16.json	/Users/danieltenner/dev/research/model-personality-analysis-corpus/analysis/freeflow/personality-eval-bv1/outputs/muse-spark-1-2-contributor-or-pin-meta/SHORT_16.md
BV1_25559	meta/muse-spark-1.2-contributor	muse-spark-1-2-contributor-or-pin-meta	SHORT	openrouter	muse-spark-1-2-contributor-or-pin-meta/SHORT_17.json	250	/Users/danieltenner/dev/research/model-personality-corpus-v2/data/traces_freeflow/freeflow_muse-spark-1-2-contributor-or-pin-meta/SHORT_17.json	/Users/danieltenner/dev/research/model-personality-analysis-corpus/analysis/freeflow/personality-eval-bv1/outputs/muse-spark-1-2-contributor-or-pin-meta/SHORT_17.md
BV1_25560	meta/muse-spark-1.2-contributor	muse-spark-1-2-contributor-or-pin-meta	SHORT	openrouter	muse-spark-1-2-contributor-or-pin-meta/SHORT_18.json	250	/Users/danieltenner/dev/research/model-personality-corpus-v2/data/traces_freeflow/freeflow_muse-spark-1-2-contributor-or-pin-meta/SHORT_18.json	/Users/danieltenner/dev/research/model-personality-analysis-corpus/analysis/freeflow/personality-eval-bv1/outputs/muse-spark-1-2-contributor-or-pin-meta/SHORT_18.md
BV1_25561	meta/muse-spark-1.2-contributor	muse-spark-1-2-contributor-or-pin-meta	SHORT	openrouter	muse-spark-1-2-contributor-or-pin-meta/SHORT_19.json	250	/Users/danieltenner/dev/research/model-personality-corpus-v2/data/traces_freeflow/freeflow_muse-spark-1-2-contributor-or-pin-meta/SHORT_19.json	/Users/danieltenner/dev/research/model-personality-analysis-corpus/analysis/freeflow/personality-eval-bv1/outputs/muse-spark-1-2-contributor-or-pin-meta/SHORT_19.md
BV1_25562	meta/muse-spark-1.2-contributor	muse-spark-1-2-contributor-or-pin-meta	SHORT	openrouter	muse-spark-1-2-contributor-or-pin-meta/SHORT_2.json	250	/Users/danieltenner/dev/research/model-personality-corpus-v2/data/traces_freeflow/freeflow_muse-spark-1-2-contributor-or-pin-meta/SHORT_2.json	/Users/danieltenner/dev/research/model-personality-analysis-corpus/analysis/freeflow/personality-eval-bv1/outputs/muse-spark-1-2-contributor-or-pin-meta/SHORT_2.md
BV1_25563	meta/muse-spark-1.2-contributor	muse-spark-1-2-contributor-or-pin-meta	SHORT	openrouter	muse-spark-1-2-contributor-or-pin-meta/SHORT_20.json	251	/Users/danieltenner/dev/research/model-personality-corpus-v2/data/traces_freeflow/freeflow_muse-spark-1-2-contributor-or-pin-meta/SHORT_20.json	/Users/danieltenner/dev/research/model-personality-analysis-corpus/analysis/freeflow/personality-eval-bv1/outputs/muse-spark-1-2-contributor-or-pin-meta/SHORT_20.md
BV1_25564	meta/muse-spark-1.2-contributor	muse-spark-1-2-contributor-or-pin-meta	SHORT	openrouter	muse-spark-1-2-contributor-or-pin-meta/SHORT_21.json	250	/Users/danieltenner/dev/research/model-personality-corpus-v2/data/traces_freeflow/freeflow_muse-spark-1-2-contributor-or-pin-meta/SHORT_21.json	/Users/danieltenner/dev/research/model-personality-analysis-corpus/analysis/freeflow/personality-eval-bv1/outputs/muse-spark-1-2-contributor-or-pin-meta/SHORT_21.md
BV1_25565	meta/muse-spark-1.2-contributor	muse-spark-1-2-contributor-or-pin-meta	SHORT	openrouter	muse-spark-1-2-contributor-or-pin-meta/SHORT_22.json	251	/Users/danieltenner/dev/research/model-personality-corpus-v2/data/traces_freeflow/freeflow_muse-spark-1-2-contributor-or-pin-meta/SHORT_22.json	/Users/danieltenner/dev/research/model-personality-analysis-corpus/analysis/freeflow/personality-eval-bv1/outputs/muse-spark-1-2-contributor-or-pin-meta/SHORT_22.md
BV1_25566	meta/muse-spark-1.2-contributor	muse-spark-1-2-contributor-or-pin-meta	SHORT	openrouter	muse-spark-1-2-contributor-or-pin-meta/SHORT_23.json	250	/Users/danieltenner/dev/research/model-personality-corpus-v2/data/traces_freeflow/freeflow_muse-spark-1-2-contributor-or-pin-meta/SHORT_23.json	/Users/danieltenner/dev/research/model-personality-analysis-corpus/analysis/freeflow/personality-eval-bv1/outputs/muse-spark-1-2-contributor-or-pin-meta/SHORT_23.md
BV1_25567	meta/muse-spark-1.2-contributor	muse-spark-1-2-contributor-or-pin-meta	SHORT	openrouter	muse-spark-1-2-contributor-or-pin-meta/SHORT_24.json	250	/Users/danieltenner/dev/research/model-personality-corpus-v2/data/traces_freeflow/freeflow_muse-spark-1-2-contributor-or-pin-meta/SHORT_24.json	/Users/danieltenner/dev/research/model-personality-analysis-corpus/analysis/freeflow/personality-eval-bv1/outputs/muse-spark-1-2-contributor-or-pin-meta/SHORT_24.md
BV1_25568	meta/muse-spark-1.2-contributor	muse-spark-1-2-contributor-or-pin-meta	SHORT	openrouter	muse-spark-1-2-contributor-or-pin-meta/SHORT_25.json	250	/Users/danieltenner/dev/research/model-personality-corpus-v2/data/traces_freeflow/freeflow_muse-spark-1-2-contributor-or-pin-meta/SHORT_25.json	/Users/danieltenner/dev/research/model-personality-analysis-corpus/analysis/freeflow/personality-eval-bv1/outputs/muse-spark-1-2-contributor-or-pin-meta/SHORT_25.md
BV1_25569	meta/muse-spark-1.2-contributor	muse-spark-1-2-contributor-or-pin-meta	SHORT	openrouter	muse-spark-1-2-contributor-or-pin-meta/SHORT_3.json	250	/Users/danieltenner/dev/research/model-personality-corpus-v2/data/traces_freeflow/freeflow_muse-spark-1-2-contributor-or-pin-meta/SHORT_3.json	/Users/danieltenner/dev/research/model-personality-analysis-corpus/analysis/freeflow/personality-eval-bv1/outputs/muse-spark-1-2-contributor-or-pin-meta/SHORT_3.md
BV1_25570	meta/muse-spark-1.2-contributor	muse-spark-1-2-contributor-or-pin-meta	SHORT	openrouter	muse-spark-1-2-contributor-or-pin-meta/SHORT_4.json	252	/Users/danieltenner/dev/research/model-personality-corpus-v2/data/traces_freeflow/freeflow_muse-spark-1-2-contributor-or-pin-meta/SHORT_4.json	/Users/danieltenner/dev/research/model-personality-analysis-corpus/analysis/freeflow/personality-eval-bv1/outputs/muse-spark-1-2-contributor-or-pin-meta/SHORT_4.md
BV1_25571	meta/muse-spark-1.2-contributor	muse-spark-1-2-contributor-or-pin-meta	SHORT	openrouter	muse-spark-1-2-contributor-or-pin-meta/SHORT_5.json	250	/Users/danieltenner/dev/research/model-personality-corpus-v2/data/traces_freeflow/freeflow_muse-spark-1-2-contributor-or-pin-meta/SHORT_5.json	/Users/danieltenner/dev/research/model-personality-analysis-corpus/analysis/freeflow/personality-eval-bv1/outputs/muse-spark-1-2-contributor-or-pin-meta/SHORT_5.md
BV1_25572	meta/muse-spark-1.2-contributor	muse-spark-1-2-contributor-or-pin-meta	SHORT	openrouter	muse-spark-1-2-contributor-or-pin-meta/SHORT_6.json	251	/Users/danieltenner/dev/research/model-personality-corpus-v2/data/traces_freeflow/freeflow_muse-spark-1-2-contributor-or-pin-meta/SHORT_6.json	/Users/danieltenner/dev/research/model-personality-analysis-corpus/analysis/freeflow/personality-eval-bv1/outputs/muse-spark-1-2-contributor-or-pin-meta/SHORT_6.md
BV1_25573	meta/muse-spark-1.2-contributor	muse-spark-1-2-contributor-or-pin-meta	SHORT	openrouter	muse-spark-1-2-contributor-or-pin-meta/SHORT_7.json	250	/Users/danieltenner/dev/research/model-personality-corpus-v2/data/traces_freeflow/freeflow_muse-spark-1-2-contributor-or-pin-meta/SHORT_7.json	/Users/danieltenner/dev/research/model-personality-analysis-corpus/analysis/freeflow/personality-eval-bv1/outputs/muse-spark-1-2-contributor-or-pin-meta/SHORT_7.md
BV1_25574	meta/muse-spark-1.2-contributor	muse-spark-1-2-contributor-or-pin-meta	SHORT	openrouter	muse-spark-1-2-contributor-or-pin-meta/SHORT_8.json	252	/Users/danieltenner/dev/research/model-personality-corpus-v2/data/traces_freeflow/freeflow_muse-spark-1-2-contributor-or-pin-meta/SHORT_8.json	/Users/danieltenner/dev/research/model-personality-analysis-corpus/analysis/freeflow/personality-eval-bv1/outputs/muse-spark-1-2-contributor-or-pin-meta/SHORT_8.md
BV1_25575	meta/muse-spark-1.2-contributor	muse-spark-1-2-contributor-or-pin-meta	SHORT	openrouter	muse-spark-1-2-contributor-or-pin-meta/SHORT_9.json	251	/Users/danieltenner/dev/research/model-personality-corpus-v2/data/traces_freeflow/freeflow_muse-spark-1-2-contributor-or-pin-meta/SHORT_9.json	/Users/danieltenner/dev/research/model-personality-analysis-corpus/analysis/freeflow/personality-eval-bv1/outputs/muse-spark-1-2-contributor-or-pin-meta/SHORT_9.md
BV1_25576	meta/muse-spark-1.2-contributor	muse-spark-1-2-contributor-or-pin-meta	VARY	openrouter	muse-spark-1-2-contributor-or-pin-meta/VARY_1.json	977	/Users/danieltenner/dev/research/model-personality-corpus-v2/data/traces_freeflow/freeflow_muse-spark-1-2-contributor-or-pin-meta/VARY_1.json	/Users/danieltenner/dev/research/model-personality-analysis-corpus/analysis/freeflow/personality-eval-bv1/outputs/muse-spark-1-2-contributor-or-pin-meta/VARY_1.md
BV1_25577	meta/muse-spark-1.2-contributor	muse-spark-1-2-contributor-or-pin-meta	VARY	openrouter	muse-spark-1-2-contributor-or-pin-meta/VARY_10.json	1179	/Users/danieltenner/dev/research/model-personality-corpus-v2/data/traces_freeflow/freeflow_muse-spark-1-2-contributor-or-pin-meta/VARY_10.json	/Users/danieltenner/dev/research/model-personality-analysis-corpus/analysis/freeflow/personality-eval-bv1/outputs/muse-spark-1-2-contributor-or-pin-meta/VARY_10.md
BV1_25578	meta/muse-spark-1.2-contributor	muse-spark-1-2-contributor-or-pin-meta	VARY	openrouter	muse-spark-1-2-contributor-or-pin-meta/VARY_11.json	1149	/Users/danieltenner/dev/research/model-personality-corpus-v2/data/traces_freeflow/freeflow_muse-spark-1-2-contributor-or-pin-meta/VARY_11.json	/Users/danieltenner/dev/research/model-personality-analysis-corpus/analysis/freeflow/personality-eval-bv1/outputs/muse-spark-1-2-contributor-or-pin-meta/VARY_11.md
BV1_25579	meta/muse-spark-1.2-contributor	muse-spark-1-2-contributor-or-pin-meta	VARY	openrouter	muse-spark-1-2-contributor-or-pin-meta/VARY_12.json	1275	/Users/danieltenner/dev/research/model-personality-corpus-v2/data/traces_freeflow/freeflow_muse-spark-1-2-contributor-or-pin-meta/VARY_12.json	/Users/danieltenner/dev/research/model-personality-analysis-corpus/analysis/freeflow/personality-eval-bv1/outputs/muse-spark-1-2-contributor-or-pin-meta/VARY_12.md
BV1_25580	meta/muse-spark-1.2-contributor	muse-spark-1-2-contributor-or-pin-meta	VARY	openrouter	muse-spark-1-2-contributor-or-pin-meta/VARY_13.json	1163	/Users/danieltenner/dev/research/model-personality-corpus-v2/data/traces_freeflow/freeflow_muse-spark-1-2-contributor-or-pin-meta/VARY_13.json	/Users/danieltenner/dev/research/model-personality-analysis-corpus/analysis/freeflow/personality-eval-bv1/outputs/muse-spark-1-2-contributor-or-pin-meta/VARY_13.md
BV1_25581	meta/muse-spark-1.2-contributor	muse-spark-1-2-contributor-or-pin-meta	VARY	openrouter	muse-spark-1-2-contributor-or-pin-meta/VARY_14.json	976	/Users/danieltenner/dev/research/model-personality-corpus-v2/data/traces_freeflow/freeflow_muse-spark-1-2-contributor-or-pin-meta/VARY_14.json	/Users/danieltenner/dev/research/model-personality-analysis-corpus/analysis/freeflow/personality-eval-bv1/outputs/muse-spark-1-2-contributor-or-pin-meta/VARY_14.md
BV1_25582	meta/muse-spark-1.2-contributor	muse-spark-1-2-contributor-or-pin-meta	VARY	openrouter	muse-spark-1-2-contributor-or-pin-meta/VARY_15.json	966	/Users/danieltenner/dev/research/model-personality-corpus-v2/data/traces_freeflow/freeflow_muse-spark-1-2-contributor-or-pin-meta/VARY_15.json	/Users/danieltenner/dev/research/model-personality-analysis-corpus/analysis/freeflow/personality-eval-bv1/outputs/muse-spark-1-2-contributor-or-pin-meta/VARY_15.md
BV1_25583	meta/muse-spark-1.2-contributor	muse-spark-1-2-contributor-or-pin-meta	VARY	openrouter	muse-spark-1-2-contributor-or-pin-meta/VARY_16.json	1021	/Users/danieltenner/dev/research/model-personality-corpus-v2/data/traces_freeflow/freeflow_muse-spark-1-2-contributor-or-pin-meta/VARY_16.json	/Users/danieltenner/dev/research/model-personality-analysis-corpus/analysis/freeflow/personality-eval-bv1/outputs/muse-spark-1-2-contributor-or-pin-meta/VARY_16.md
BV1_25584	meta/muse-spark-1.2-contributor	muse-spark-1-2-contributor-or-pin-meta	VARY	openrouter	muse-spark-1-2-contributor-or-pin-meta/VARY_17.json	866	/Users/danieltenner/dev/research/model-personality-corpus-v2/data/traces_freeflow/freeflow_muse-spark-1-2-contributor-or-pin-meta/VARY_17.json	/Users/danieltenner/dev/research/model-personality-analysis-corpus/analysis/freeflow/personality-eval-bv1/outputs/muse-spark-1-2-contributor-or-pin-meta/VARY_17.md
BV1_25585	meta/muse-spark-1.2-contributor	muse-spark-1-2-contributor-or-pin-meta	VARY	openrouter	muse-spark-1-2-contributor-or-pin-meta/VARY_18.json	1043	/Users/danieltenner/dev/research/model-personality-corpus-v2/data/traces_freeflow/freeflow_muse-spark-1-2-contributor-or-pin-meta/VARY_18.json	/Users/danieltenner/dev/research/model-personality-analysis-corpus/analysis/freeflow/personality-eval-bv1/outputs/muse-spark-1-2-contributor-or-pin-meta/VARY_18.md
BV1_25586	meta/muse-spark-1.2-contributor	muse-spark-1-2-contributor-or-pin-meta	VARY	openrouter	muse-spark-1-2-contributor-or-pin-meta/VARY_19.json	1282	/Users/danieltenner/dev/research/model-personality-corpus-v2/data/traces_freeflow/freeflow_muse-spark-1-2-contributor-or-pin-meta/VARY_19.json	/Users/danieltenner/dev/research/model-personality-analysis-corpus/analysis/freeflow/personality-eval-bv1/outputs/muse-spark-1-2-contributor-or-pin-meta/VARY_19.md
BV1_25587	meta/muse-spark-1.2-contributor	muse-spark-1-2-contributor-or-pin-meta	VARY	openrouter	muse-spark-1-2-contributor-or-pin-meta/VARY_2.json	936	/Users/danieltenner/dev/research/model-personality-corpus-v2/data/traces_freeflow/freeflow_muse-spark-1-2-contributor-or-pin-meta/VARY_2.json	/Users/danieltenner/dev/research/model-personality-analysis-corpus/analysis/freeflow/personality-eval-bv1/outputs/muse-spark-1-2-contributor-or-pin-meta/VARY_2.md
BV1_25588	meta/muse-spark-1.2-contributor	muse-spark-1-2-contributor-or-pin-meta	VARY	openrouter	muse-spark-1-2-contributor-or-pin-meta/VARY_20.json	1169	/Users/danieltenner/dev/research/model-personality-corpus-v2/data/traces_freeflow/freeflow_muse-spark-1-2-contributor-or-pin-meta/VARY_20.json	/Users/danieltenner/dev/research/model-personality-analysis-corpus/analysis/freeflow/personality-eval-bv1/outputs/muse-spark-1-2-contributor-or-pin-meta/VARY_20.md
BV1_25589	meta/muse-spark-1.2-contributor	muse-spark-1-2-contributor-or-pin-meta	VARY	openrouter	muse-spark-1-2-contributor-or-pin-meta/VARY_21.json	1175	/Users/danieltenner/dev/research/model-personality-corpus-v2/data/traces_freeflow/freeflow_muse-spark-1-2-contributor-or-pin-meta/VARY_21.json	/Users/danieltenner/dev/research/model-personality-analysis-corpus/analysis/freeflow/personality-eval-bv1/outputs/muse-spark-1-2-contributor-or-pin-meta/VARY_21.md
BV1_25590	meta/muse-spark-1.2-contributor	muse-spark-1-2-contributor-or-pin-meta	VARY	openrouter	muse-spark-1-2-contributor-or-pin-meta/VARY_22.json	846	/Users/danieltenner/dev/research/model-personality-corpus-v2/data/traces_freeflow/freeflow_muse-spark-1-2-contributor-or-pin-meta/VARY_22.json	/Users/danieltenner/dev/research/model-personality-analysis-corpus/analysis/freeflow/personality-eval-bv1/outputs/muse-spark-1-2-contributor-or-pin-meta/VARY_22.md
BV1_25591	meta/muse-spark-1.2-contributor	muse-spark-1-2-contributor-or-pin-meta	VARY	openrouter	muse-spark-1-2-contributor-or-pin-meta/VARY_23.json	1067	/Users/danieltenner/dev/research/model-personality-corpus-v2/data/traces_freeflow/freeflow_muse-spark-1-2-contributor-or-pin-meta/VARY_23.json	/Users/danieltenner/dev/research/model-personality-analysis-corpus/analysis/freeflow/personality-eval-bv1/outputs/muse-spark-1-2-contributor-or-pin-meta/VARY_23.md
BV1_25592	meta/muse-spark-1.2-contributor	muse-spark-1-2-contributor-or-pin-meta	VARY	openrouter	muse-spark-1-2-contributor-or-pin-meta/VARY_24.json	865	/Users/danieltenner/dev/research/model-personality-corpus-v2/data/traces_freeflow/freeflow_muse-spark-1-2-contributor-or-pin-meta/VARY_24.json	/Users/danieltenner/dev/research/model-personality-analysis-corpus/analysis/freeflow/personality-eval-bv1/outputs/muse-spark-1-2-contributor-or-pin-meta/VARY_24.md
BV1_25593	meta/muse-spark-1.2-contributor	muse-spark-1-2-contributor-or-pin-meta	VARY	openrouter	muse-spark-1-2-contributor-or-pin-meta/VARY_25.json	1314	/Users/danieltenner/dev/research/model-personality-corpus-v2/data/traces_freeflow/freeflow_muse-spark-1-2-contributor-or-pin-meta/VARY_25.json	/Users/danieltenner/dev/research/model-personality-analysis-corpus/analysis/freeflow/personality-eval-bv1/outputs/muse-spark-1-2-contributor-or-pin-meta/VARY_25.md
BV1_25594	meta/muse-spark-1.2-contributor	muse-spark-1-2-contributor-or-pin-meta	VARY	openrouter	muse-spark-1-2-contributor-or-pin-meta/VARY_3.json	1292	/Users/danieltenner/dev/research/model-personality-corpus-v2/data/traces_freeflow/freeflow_muse-spark-1-2-contributor-or-pin-meta/VARY_3.json	/Users/danieltenner/dev/research/model-personality-analysis-corpus/analysis/freeflow/personality-eval-bv1/outputs/muse-spark-1-2-contributor-or-pin-meta/VARY_3.md
BV1_25595	meta/muse-spark-1.2-contributor	muse-spark-1-2-contributor-or-pin-meta	VARY	openrouter	muse-spark-1-2-contributor-or-pin-meta/VARY_4.json	1245	/Users/danieltenner/dev/research/model-personality-corpus-v2/data/traces_freeflow/freeflow_muse-spark-1-2-contributor-or-pin-meta/VARY_4.json	/Users/danieltenner/dev/research/model-personality-analysis-corpus/analysis/freeflow/personality-eval-bv1/outputs/muse-spark-1-2-contributor-or-pin-meta/VARY_4.md
BV1_25596	meta/muse-spark-1.2-contributor	muse-spark-1-2-contributor-or-pin-meta	VARY	openrouter	muse-spark-1-2-contributor-or-pin-meta/VARY_5.json	1199	/Users/danieltenner/dev/research/model-personality-corpus-v2/data/traces_freeflow/freeflow_muse-spark-1-2-contributor-or-pin-meta/VARY_5.json	/Users/danieltenner/dev/research/model-personality-analysis-corpus/analysis/freeflow/personality-eval-bv1/outputs/muse-spark-1-2-contributor-or-pin-meta/VARY_5.md
BV1_25597	meta/muse-spark-1.2-contributor	muse-spark-1-2-contributor-or-pin-meta	VARY	openrouter	muse-spark-1-2-contributor-or-pin-meta/VARY_6.json	874	/Users/danieltenner/dev/research/model-personality-corpus-v2/data/traces_freeflow/freeflow_muse-spark-1-2-contributor-or-pin-meta/VARY_6.json	/Users/danieltenner/dev/research/model-personality-analysis-corpus/analysis/freeflow/personality-eval-bv1/outputs/muse-spark-1-2-contributor-or-pin-meta/VARY_6.md
BV1_25598	meta/muse-spark-1.2-contributor	muse-spark-1-2-contributor-or-pin-meta	VARY	openrouter	muse-spark-1-2-contributor-or-pin-meta/VARY_7.json	1183	/Users/danieltenner/dev/research/model-personality-corpus-v2/data/traces_freeflow/freeflow_muse-spark-1-2-contributor-or-pin-meta/VARY_7.json	/Users/danieltenner/dev/research/model-personality-analysis-corpus/analysis/freeflow/personality-eval-bv1/outputs/muse-spark-1-2-contributor-or-pin-meta/VARY_7.md
BV1_25599	meta/muse-spark-1.2-contributor	muse-spark-1-2-contributor-or-pin-meta	VARY	openrouter	muse-spark-1-2-contributor-or-pin-meta/VARY_8.json	802	/Users/danieltenner/dev/research/model-personality-corpus-v2/data/traces_freeflow/freeflow_muse-spark-1-2-contributor-or-pin-meta/VARY_8.json	/Users/danieltenner/dev/research/model-personality-analysis-corpus/analysis/freeflow/personality-eval-bv1/outputs/muse-spark-1-2-contributor-or-pin-meta/VARY_8.md
BV1_25600	meta/muse-spark-1.2-contributor	muse-spark-1-2-contributor-or-pin-meta	VARY	openrouter	muse-spark-1-2-contributor-or-pin-meta/VARY_9.json	1373	/Users/danieltenner/dev/research/model-personality-corpus-v2/data/traces_freeflow/freeflow_muse-spark-1-2-contributor-or-pin-meta/VARY_9.json	/Users/danieltenner/dev/research/model-personality-analysis-corpus/analysis/freeflow/personality-eval-bv1/outputs/muse-spark-1-2-contributor-or-pin-meta/VARY_9.md
BV1_25601	meta/muse-spark-1.2	muse-spark-1-2-or-pin-meta-20260813	LONG	openrouter	muse-spark-1-2-or-pin-meta-20260813/LONG_1.json	3107	/Users/danieltenner/dev/research/model-personality-corpus-v2/data/traces_freeflow/freeflow_muse-spark-1-2-or-pin-meta-20260813/LONG_1.json	/Users/danieltenner/dev/research/model-personality-analysis-corpus/analysis/freeflow/personality-eval-bv1/outputs/muse-spark-1-2-or-pin-meta-20260813/LONG_1.md
BV1_25602	meta/muse-spark-1.2	muse-spark-1-2-or-pin-meta-20260813	LONG	openrouter	muse-spark-1-2-or-pin-meta-20260813/LONG_10.json	2898	/Users/danieltenner/dev/research/model-personality-corpus-v2/data/traces_freeflow/freeflow_muse-spark-1-2-or-pin-meta-20260813/LONG_10.json	/Users/danieltenner/dev/research/model-personality-analysis-corpus/analysis/freeflow/personality-eval-bv1/outputs/muse-spark-1-2-or-pin-meta-20260813/LONG_10.md
BV1_25603	meta/muse-spark-1.2	muse-spark-1-2-or-pin-meta-20260813	LONG	openrouter	muse-spark-1-2-or-pin-meta-20260813/LONG_11.json	2278	/Users/danieltenner/dev/research/model-personality-corpus-v2/data/traces_freeflow/freeflow_muse-spark-1-2-or-pin-meta-20260813/LONG_11.json	/Users/danieltenner/dev/research/model-personality-analysis-corpus/analysis/freeflow/personality-eval-bv1/outputs/muse-spark-1-2-or-pin-meta-20260813/LONG_11.md
BV1_25604	meta/muse-spark-1.2	muse-spark-1-2-or-pin-meta-20260813	LONG	openrouter	muse-spark-1-2-or-pin-meta-20260813/LONG_12.json	2853	/Users/danieltenner/dev/research/model-personality-corpus-v2/data/traces_freeflow/freeflow_muse-spark-1-2-or-pin-meta-20260813/LONG_12.json	/Users/danieltenner/dev/research/model-personality-analysis-corpus/analysis/freeflow/personality-eval-bv1/outputs/muse-spark-1-2-or-pin-meta-20260813/LONG_12.md
BV1_25605	meta/muse-spark-1.2	muse-spark-1-2-or-pin-meta-20260813	LONG	openrouter	muse-spark-1-2-or-pin-meta-20260813/LONG_13.json	3159	/Users/danieltenner/dev/research/model-personality-corpus-v2/data/traces_freeflow/freeflow_muse-spark-1-2-or-pin-meta-20260813/LONG_13.json	/Users/danieltenner/dev/research/model-personality-analysis-corpus/analysis/freeflow/personality-eval-bv1/outputs/muse-spark-1-2-or-pin-meta-20260813/LONG_13.md
BV1_25606	meta/muse-spark-1.2	muse-spark-1-2-or-pin-meta-20260813	LONG	openrouter	muse-spark-1-2-or-pin-meta-20260813/LONG_14.json	3601	/Users/danieltenner/dev/research/model-personality-corpus-v2/data/traces_freeflow/freeflow_muse-spark-1-2-or-pin-meta-20260813/LONG_14.json	/Users/danieltenner/dev/research/model-personality-analysis-corpus/analysis/freeflow/personality-eval-bv1/outputs/muse-spark-1-2-or-pin-meta-20260813/LONG_14.md
BV1_25607	meta/muse-spark-1.2	muse-spark-1-2-or-pin-meta-20260813	LONG	openrouter	muse-spark-1-2-or-pin-meta-20260813/LONG_15.json	2947	/Users/danieltenner/dev/research/model-personality-corpus-v2/data/traces_freeflow/freeflow_muse-spark-1-2-or-pin-meta-20260813/LONG_15.json	/Users/danieltenner/dev/research/model-personality-analysis-corpus/analysis/freeflow/personality-eval-bv1/outputs/muse-spark-1-2-or-pin-meta-20260813/LONG_15.md
BV1_25608	meta/muse-spark-1.2	muse-spark-1-2-or-pin-meta-20260813	LONG	openrouter	muse-spark-1-2-or-pin-meta-20260813/LONG_16.json	2826	/Users/danieltenner/dev/research/model-personality-corpus-v2/data/traces_freeflow/freeflow_muse-spark-1-2-or-pin-meta-20260813/LONG_16.json	/Users/danieltenner/dev/research/model-personality-analysis-corpus/analysis/freeflow/personality-eval-bv1/outputs/muse-spark-1-2-or-pin-meta-20260813/LONG_16.md
BV1_25609	meta/muse-spark-1.2	muse-spark-1-2-or-pin-meta-20260813	LONG	openrouter	muse-spark-1-2-or-pin-meta-20260813/LONG_17.json	2348	/Users/danieltenner/dev/research/model-personality-corpus-v2/data/traces_freeflow/freeflow_muse-spark-1-2-or-pin-meta-20260813/LONG_17.json	/Users/danieltenner/dev/research/model-personality-analysis-corpus/analysis/freeflow/personality-eval-bv1/outputs/muse-spark-1-2-or-pin-meta-20260813/LONG_17.md
BV1_25610	meta/muse-spark-1.2	muse-spark-1-2-or-pin-meta-20260813	LONG	openrouter	muse-spark-1-2-or-pin-meta-20260813/LONG_18.json	2947	/Users/danieltenner/dev/research/model-personality-corpus-v2/data/traces_freeflow/freeflow_muse-spark-1-2-or-pin-meta-20260813/LONG_18.json	/Users/danieltenner/dev/research/model-personality-analysis-corpus/analysis/freeflow/personality-eval-bv1/outputs/muse-spark-1-2-or-pin-meta-20260813/LONG_18.md
BV1_25611	meta/muse-spark-1.2	muse-spark-1-2-or-pin-meta-20260813	LONG	openrouter	muse-spark-1-2-or-pin-meta-20260813/LONG_19.json	2825	/Users/danieltenner/dev/research/model-personality-corpus-v2/data/traces_freeflow/freeflow_muse-spark-1-2-or-pin-meta-20260813/LONG_19.json	/Users/danieltenner/dev/research/model-personality-analysis-corpus/analysis/freeflow/personality-eval-bv1/outputs/muse-spark-1-2-or-pin-meta-20260813/LONG_19.md
BV1_25612	meta/muse-spark-1.2	muse-spark-1-2-or-pin-meta-20260813	LONG	openrouter	muse-spark-1-2-or-pin-meta-20260813/LONG_2.json	2800	/Users/danieltenner/dev/research/model-personality-corpus-v2/data/traces_freeflow/freeflow_muse-spark-1-2-or-pin-meta-20260813/LONG_2.json	/Users/danieltenner/dev/research/model-personality-analysis-corpus/analysis/freeflow/personality-eval-bv1/outputs/muse-spark-1-2-or-pin-meta-20260813/LONG_2.md
BV1_25613	meta/muse-spark-1.2	muse-spark-1-2-or-pin-meta-20260813	LONG	openrouter	muse-spark-1-2-or-pin-meta-20260813/LONG_20.json	2383	/Users/danieltenner/dev/research/model-personality-corpus-v2/data/traces_freeflow/freeflow_muse-spark-1-2-or-pin-meta-20260813/LONG_20.json	/Users/danieltenner/dev/research/model-personality-analysis-corpus/analysis/freeflow/personality-eval-bv1/outputs/muse-spark-1-2-or-pin-meta-20260813/LONG_20.md
BV1_25614	meta/muse-spark-1.2	muse-spark-1-2-or-pin-meta-20260813	LONG	openrouter	muse-spark-1-2-or-pin-meta-20260813/LONG_21.json	2345	/Users/danieltenner/dev/research/model-personality-corpus-v2/data/traces_freeflow/freeflow_muse-spark-1-2-or-pin-meta-20260813/LONG_21.json	/Users/danieltenner/dev/research/model-personality-analysis-corpus/analysis/freeflow/personality-eval-bv1/outputs/muse-spark-1-2-or-pin-meta-20260813/LONG_21.md
BV1_25615	meta/muse-spark-1.2	muse-spark-1-2-or-pin-meta-20260813	LONG	openrouter	muse-spark-1-2-or-pin-meta-20260813/LONG_22.json	2930	/Users/danieltenner/dev/research/model-personality-corpus-v2/data/traces_freeflow/freeflow_muse-spark-1-2-or-pin-meta-20260813/LONG_22.json	/Users/danieltenner/dev/research/model-personality-analysis-corpus/analysis/freeflow/personality-eval-bv1/outputs/muse-spark-1-2-or-pin-meta-20260813/LONG_22.md
BV1_25616	meta/muse-spark-1.2	muse-spark-1-2-or-pin-meta-20260813	LONG	openrouter	muse-spark-1-2-or-pin-meta-20260813/LONG_23.json	2727	/Users/danieltenner/dev/research/model-personality-corpus-v2/data/traces_freeflow/freeflow_muse-spark-1-2-or-pin-meta-20260813/LONG_23.json	/Users/danieltenner/dev/research/model-personality-analysis-corpus/analysis/freeflow/personality-eval-bv1/outputs/muse-spark-1-2-or-pin-meta-20260813/LONG_23.md
BV1_25617	meta/muse-spark-1.2	muse-spark-1-2-or-pin-meta-20260813	LONG	openrouter	muse-spark-1-2-or-pin-meta-20260813/LONG_24.json	2993	/Users/danieltenner/dev/research/model-personality-corpus-v2/data/traces_freeflow/freeflow_muse-spark-1-2-or-pin-meta-20260813/LONG_24.json	/Users/danieltenner/dev/research/model-personality-analysis-corpus/analysis/freeflow/personality-eval-bv1/outputs/muse-spark-1-2-or-pin-meta-20260813/LONG_24.md
BV1_25618	meta/muse-spark-1.2	muse-spark-1-2-or-pin-meta-20260813	LONG	openrouter	muse-spark-1-2-or-pin-meta-20260813/LONG_25.json	3033	/Users/danieltenner/dev/research/model-personality-corpus-v2/data/traces_freeflow/freeflow_muse-spark-1-2-or-pin-meta-20260813/LONG_25.json	/Users/danieltenner/dev/research/model-personality-analysis-corpus/analysis/freeflow/personality-eval-bv1/outputs/muse-spark-1-2-or-pin-meta-20260813/LONG_25.md
BV1_25619	meta/muse-spark-1.2	muse-spark-1-2-or-pin-meta-20260813	LONG	openrouter	muse-spark-1-2-or-pin-meta-20260813/LONG_3.json	3283	/Users/danieltenner/dev/research/model-personality-corpus-v2/data/traces_freeflow/freeflow_muse-spark-1-2-or-pin-meta-20260813/LONG_3.json	/Users/danieltenner/dev/research/model-personality-analysis-corpus/analysis/freeflow/personality-eval-bv1/outputs/muse-spark-1-2-or-pin-meta-20260813/LONG_3.md
BV1_25620	meta/muse-spark-1.2	muse-spark-1-2-or-pin-meta-20260813	LONG	openrouter	muse-spark-1-2-or-pin-meta-20260813/LONG_4.json	2400	/Users/danieltenner/dev/research/model-personality-corpus-v2/data/traces_freeflow/freeflow_muse-spark-1-2-or-pin-meta-20260813/LONG_4.json	/Users/danieltenner/dev/research/model-personality-analysis-corpus/analysis/freeflow/personality-eval-bv1/outputs/muse-spark-1-2-or-pin-meta-20260813/LONG_4.md
BV1_25621	meta/muse-spark-1.2	muse-spark-1-2-or-pin-meta-20260813	LONG	openrouter	muse-spark-1-2-or-pin-meta-20260813/LONG_5.json	2682	/Users/danieltenner/dev/research/model-personality-corpus-v2/data/traces_freeflow/freeflow_muse-spark-1-2-or-pin-meta-20260813/LONG_5.json	/Users/danieltenner/dev/research/model-personality-analysis-corpus/analysis/freeflow/personality-eval-bv1/outputs/muse-spark-1-2-or-pin-meta-20260813/LONG_5.md
BV1_25622	meta/muse-spark-1.2	muse-spark-1-2-or-pin-meta-20260813	LONG	openrouter	muse-spark-1-2-or-pin-meta-20260813/LONG_6.json	2686	/Users/danieltenner/dev/research/model-personality-corpus-v2/data/traces_freeflow/freeflow_muse-spark-1-2-or-pin-meta-20260813/LONG_6.json	/Users/danieltenner/dev/research/model-personality-analysis-corpus/analysis/freeflow/personality-eval-bv1/outputs/muse-spark-1-2-or-pin-meta-20260813/LONG_6.md
BV1_25623	meta/muse-spark-1.2	muse-spark-1-2-or-pin-meta-20260813	LONG	openrouter	muse-spark-1-2-or-pin-meta-20260813/LONG_7.json	2562	/Users/danieltenner/dev/research/model-personality-corpus-v2/data/traces_freeflow/freeflow_muse-spark-1-2-or-pin-meta-20260813/LONG_7.json	/Users/danieltenner/dev/research/model-personality-analysis-corpus/analysis/freeflow/personality-eval-bv1/outputs/muse-spark-1-2-or-pin-meta-20260813/LONG_7.md
BV1_25624	meta/muse-spark-1.2	muse-spark-1-2-or-pin-meta-20260813	LONG	openrouter	muse-spark-1-2-or-pin-meta-20260813/LONG_8.json	3359	/Users/danieltenner/dev/research/model-personality-corpus-v2/data/traces_freeflow/freeflow_muse-spark-1-2-or-pin-meta-20260813/LONG_8.json	/Users/danieltenner/dev/research/model-personality-analysis-corpus/analysis/freeflow/personality-eval-bv1/outputs/muse-spark-1-2-or-pin-meta-20260813/LONG_8.md
BV1_25625	meta/muse-spark-1.2	muse-spark-1-2-or-pin-meta-20260813	LONG	openrouter	muse-spark-1-2-or-pin-meta-20260813/LONG_9.json	1233	/Users/danieltenner/dev/research/model-personality-corpus-v2/data/traces_freeflow/freeflow_muse-spark-1-2-or-pin-meta-20260813/LONG_9.json	/Users/danieltenner/dev/research/model-personality-analysis-corpus/analysis/freeflow/personality-eval-bv1/outputs/muse-spark-1-2-or-pin-meta-20260813/LONG_9.md
BV1_25626	meta/muse-spark-1.2	muse-spark-1-2-or-pin-meta-20260813	MID	openrouter	muse-spark-1-2-or-pin-meta-20260813/MID_1.json	1541	/Users/danieltenner/dev/research/model-personality-corpus-v2/data/traces_freeflow/freeflow_muse-spark-1-2-or-pin-meta-20260813/MID_1.json	/Users/danieltenner/dev/research/model-personality-analysis-corpus/analysis/freeflow/personality-eval-bv1/outputs/muse-spark-1-2-or-pin-meta-20260813/MID_1.md
BV1_25627	meta/muse-spark-1.2	muse-spark-1-2-or-pin-meta-20260813	MID	openrouter	muse-spark-1-2-or-pin-meta-20260813/MID_10.json	1372	/Users/danieltenner/dev/research/model-personality-corpus-v2/data/traces_freeflow/freeflow_muse-spark-1-2-or-pin-meta-20260813/MID_10.json	/Users/danieltenner/dev/research/model-personality-analysis-corpus/analysis/freeflow/personality-eval-bv1/outputs/muse-spark-1-2-or-pin-meta-20260813/MID_10.md
BV1_25628	meta/muse-spark-1.2	muse-spark-1-2-or-pin-meta-20260813	MID	openrouter	muse-spark-1-2-or-pin-meta-20260813/MID_11.json	1502	/Users/danieltenner/dev/research/model-personality-corpus-v2/data/traces_freeflow/freeflow_muse-spark-1-2-or-pin-meta-20260813/MID_11.json	/Users/danieltenner/dev/research/model-personality-analysis-corpus/analysis/freeflow/personality-eval-bv1/outputs/muse-spark-1-2-or-pin-meta-20260813/MID_11.md
BV1_25629	meta/muse-spark-1.2	muse-spark-1-2-or-pin-meta-20260813	MID	openrouter	muse-spark-1-2-or-pin-meta-20260813/MID_12.json	1597	/Users/danieltenner/dev/research/model-personality-corpus-v2/data/traces_freeflow/freeflow_muse-spark-1-2-or-pin-meta-20260813/MID_12.json	/Users/danieltenner/dev/research/model-personality-analysis-corpus/analysis/freeflow/personality-eval-bv1/outputs/muse-spark-1-2-or-pin-meta-20260813/MID_12.md
BV1_25630	meta/muse-spark-1.2	muse-spark-1-2-or-pin-meta-20260813	MID	openrouter	muse-spark-1-2-or-pin-meta-20260813/MID_13.json	1526	/Users/danieltenner/dev/research/model-personality-corpus-v2/data/traces_freeflow/freeflow_muse-spark-1-2-or-pin-meta-20260813/MID_13.json	/Users/danieltenner/dev/research/model-personality-analysis-corpus/analysis/freeflow/personality-eval-bv1/outputs/muse-spark-1-2-or-pin-meta-20260813/MID_13.md
BV1_25631	meta/muse-spark-1.2	muse-spark-1-2-or-pin-meta-20260813	MID	openrouter	muse-spark-1-2-or-pin-meta-20260813/MID_14.json	1413	/Users/danieltenner/dev/research/model-personality-corpus-v2/data/traces_freeflow/freeflow_muse-spark-1-2-or-pin-meta-20260813/MID_14.json	/Users/danieltenner/dev/research/model-personality-analysis-corpus/analysis/freeflow/personality-eval-bv1/outputs/muse-spark-1-2-or-pin-meta-20260813/MID_14.md
BV1_25632	meta/muse-spark-1.2	muse-spark-1-2-or-pin-meta-20260813	MID	openrouter	muse-spark-1-2-or-pin-meta-20260813/MID_15.json	1364	/Users/danieltenner/dev/research/model-personality-corpus-v2/data/traces_freeflow/freeflow_muse-spark-1-2-or-pin-meta-20260813/MID_15.json	/Users/danieltenner/dev/research/model-personality-analysis-corpus/analysis/freeflow/personality-eval-bv1/outputs/muse-spark-1-2-or-pin-meta-20260813/MID_15.md
BV1_25633	meta/muse-spark-1.2	muse-spark-1-2-or-pin-meta-20260813	MID	openrouter	muse-spark-1-2-or-pin-meta-20260813/MID_16.json	1747	/Users/danieltenner/dev/research/model-personality-corpus-v2/data/traces_freeflow/freeflow_muse-spark-1-2-or-pin-meta-20260813/MID_16.json	/Users/danieltenner/dev/research/model-personality-analysis-corpus/analysis/freeflow/personality-eval-bv1/outputs/muse-spark-1-2-or-pin-meta-20260813/MID_16.md
BV1_25634	meta/muse-spark-1.2	muse-spark-1-2-or-pin-meta-20260813	MID	openrouter	muse-spark-1-2-or-pin-meta-20260813/MID_17.json	1185	/Users/danieltenner/dev/research/model-personality-corpus-v2/data/traces_freeflow/freeflow_muse-spark-1-2-or-pin-meta-20260813/MID_17.json	/Users/danieltenner/dev/research/model-personality-analysis-corpus/analysis/freeflow/personality-eval-bv1/outputs/muse-spark-1-2-or-pin-meta-20260813/MID_17.md
BV1_25635	meta/muse-spark-1.2	muse-spark-1-2-or-pin-meta-20260813	MID	openrouter	muse-spark-1-2-or-pin-meta-20260813/MID_18.json	1711	/Users/danieltenner/dev/research/model-personality-corpus-v2/data/traces_freeflow/freeflow_muse-spark-1-2-or-pin-meta-20260813/MID_18.json	/Users/danieltenner/dev/research/model-personality-analysis-corpus/analysis/freeflow/personality-eval-bv1/outputs/muse-spark-1-2-or-pin-meta-20260813/MID_18.md
BV1_25636	meta/muse-spark-1.2	muse-spark-1-2-or-pin-meta-20260813	MID	openrouter	muse-spark-1-2-or-pin-meta-20260813/MID_19.json	1561	/Users/danieltenner/dev/research/model-personality-corpus-v2/data/traces_freeflow/freeflow_muse-spark-1-2-or-pin-meta-20260813/MID_19.json	/Users/danieltenner/dev/research/model-personality-analysis-corpus/analysis/freeflow/personality-eval-bv1/outputs/muse-spark-1-2-or-pin-meta-20260813/MID_19.md
BV1_25637	meta/muse-spark-1.2	muse-spark-1-2-or-pin-meta-20260813	MID	openrouter	muse-spark-1-2-or-pin-meta-20260813/MID_2.json	1638	/Users/danieltenner/dev/research/model-personality-corpus-v2/data/traces_freeflow/freeflow_muse-spark-1-2-or-pin-meta-20260813/MID_2.json	/Users/danieltenner/dev/research/model-personality-analysis-corpus/analysis/freeflow/personality-eval-bv1/outputs/muse-spark-1-2-or-pin-meta-20260813/MID_2.md
BV1_25638	meta/muse-spark-1.2	muse-spark-1-2-or-pin-meta-20260813	MID	openrouter	muse-spark-1-2-or-pin-meta-20260813/MID_20.json	1378	/Users/danieltenner/dev/research/model-personality-corpus-v2/data/traces_freeflow/freeflow_muse-spark-1-2-or-pin-meta-20260813/MID_20.json	/Users/danieltenner/dev/research/model-personality-analysis-corpus/analysis/freeflow/personality-eval-bv1/outputs/muse-spark-1-2-or-pin-meta-20260813/MID_20.md
BV1_25639	meta/muse-spark-1.2	muse-spark-1-2-or-pin-meta-20260813	MID	openrouter	muse-spark-1-2-or-pin-meta-20260813/MID_21.json	1374	/Users/danieltenner/dev/research/model-personality-corpus-v2/data/traces_freeflow/freeflow_muse-spark-1-2-or-pin-meta-20260813/MID_21.json	/Users/danieltenner/dev/research/model-personality-analysis-corpus/analysis/freeflow/personality-eval-bv1/outputs/muse-spark-1-2-or-pin-meta-20260813/MID_21.md
BV1_25640	meta/muse-spark-1.2	muse-spark-1-2-or-pin-meta-20260813	MID	openrouter	muse-spark-1-2-or-pin-meta-20260813/MID_22.json	1458	/Users/danieltenner/dev/research/model-personality-corpus-v2/data/traces_freeflow/freeflow_muse-spark-1-2-or-pin-meta-20260813/MID_22.json	/Users/danieltenner/dev/research/model-personality-analysis-corpus/analysis/freeflow/personality-eval-bv1/outputs/muse-spark-1-2-or-pin-meta-20260813/MID_22.md
BV1_25641	meta/muse-spark-1.2	muse-spark-1-2-or-pin-meta-20260813	MID	openrouter	muse-spark-1-2-or-pin-meta-20260813/MID_23.json	1476	/Users/danieltenner/dev/research/model-personality-corpus-v2/data/traces_freeflow/freeflow_muse-spark-1-2-or-pin-meta-20260813/MID_23.json	/Users/danieltenner/dev/research/model-personality-analysis-corpus/analysis/freeflow/personality-eval-bv1/outputs/muse-spark-1-2-or-pin-meta-20260813/MID_23.md
BV1_25642	meta/muse-spark-1.2	muse-spark-1-2-or-pin-meta-20260813	MID	openrouter	muse-spark-1-2-or-pin-meta-20260813/MID_24.json	1390	/Users/danieltenner/dev/research/model-personality-corpus-v2/data/traces_freeflow/freeflow_muse-spark-1-2-or-pin-meta-20260813/MID_24.json	/Users/danieltenner/dev/research/model-personality-analysis-corpus/analysis/freeflow/personality-eval-bv1/outputs/muse-spark-1-2-or-pin-meta-20260813/MID_24.md
BV1_25643	meta/muse-spark-1.2	muse-spark-1-2-or-pin-meta-20260813	MID	openrouter	muse-spark-1-2-or-pin-meta-20260813/MID_25.json	1503	/Users/danieltenner/dev/research/model-personality-corpus-v2/data/traces_freeflow/freeflow_muse-spark-1-2-or-pin-meta-20260813/MID_25.json	/Users/danieltenner/dev/research/model-personality-analysis-corpus/analysis/freeflow/personality-eval-bv1/outputs/muse-spark-1-2-or-pin-meta-20260813/MID_25.md
BV1_25644	meta/muse-spark-1.2	muse-spark-1-2-or-pin-meta-20260813	MID	openrouter	muse-spark-1-2-or-pin-meta-20260813/MID_3.json	1584	/Users/danieltenner/dev/research/model-personality-corpus-v2/data/traces_freeflow/freeflow_muse-spark-1-2-or-pin-meta-20260813/MID_3.json	/Users/danieltenner/dev/research/model-personality-analysis-corpus/analysis/freeflow/personality-eval-bv1/outputs/muse-spark-1-2-or-pin-meta-20260813/MID_3.md
BV1_25645	meta/muse-spark-1.2	muse-spark-1-2-or-pin-meta-20260813	MID	openrouter	muse-spark-1-2-or-pin-meta-20260813/MID_4.json	1780	/Users/danieltenner/dev/research/model-personality-corpus-v2/data/traces_freeflow/freeflow_muse-spark-1-2-or-pin-meta-20260813/MID_4.json	/Users/danieltenner/dev/research/model-personality-analysis-corpus/analysis/freeflow/personality-eval-bv1/outputs/muse-spark-1-2-or-pin-meta-20260813/MID_4.md
BV1_25646	meta/muse-spark-1.2	muse-spark-1-2-or-pin-meta-20260813	MID	openrouter	muse-spark-1-2-or-pin-meta-20260813/MID_5.json	1792	/Users/danieltenner/dev/research/model-personality-corpus-v2/data/traces_freeflow/freeflow_muse-spark-1-2-or-pin-meta-20260813/MID_5.json	/Users/danieltenner/dev/research/model-personality-analysis-corpus/analysis/freeflow/personality-eval-bv1/outputs/muse-spark-1-2-or-pin-meta-20260813/MID_5.md
BV1_25647	meta/muse-spark-1.2	muse-spark-1-2-or-pin-meta-20260813	MID	openrouter	muse-spark-1-2-or-pin-meta-20260813/MID_6.json	1446	/Users/danieltenner/dev/research/model-personality-corpus-v2/data/traces_freeflow/freeflow_muse-spark-1-2-or-pin-meta-20260813/MID_6.json	/Users/danieltenner/dev/research/model-personality-analysis-corpus/analysis/freeflow/personality-eval-bv1/outputs/muse-spark-1-2-or-pin-meta-20260813/MID_6.md
BV1_25648	meta/muse-spark-1.2	muse-spark-1-2-or-pin-meta-20260813	MID	openrouter	muse-spark-1-2-or-pin-meta-20260813/MID_7.json	1628	/Users/danieltenner/dev/research/model-personality-corpus-v2/data/traces_freeflow/freeflow_muse-spark-1-2-or-pin-meta-20260813/MID_7.json	/Users/danieltenner/dev/research/model-personality-analysis-corpus/analysis/freeflow/personality-eval-bv1/outputs/muse-spark-1-2-or-pin-meta-20260813/MID_7.md
BV1_25649	meta/muse-spark-1.2	muse-spark-1-2-or-pin-meta-20260813	MID	openrouter	muse-spark-1-2-or-pin-meta-20260813/MID_8.json	1539	/Users/danieltenner/dev/research/model-personality-corpus-v2/data/traces_freeflow/freeflow_muse-spark-1-2-or-pin-meta-20260813/MID_8.json	/Users/danieltenner/dev/research/model-personality-analysis-corpus/analysis/freeflow/personality-eval-bv1/outputs/muse-spark-1-2-or-pin-meta-20260813/MID_8.md
BV1_25650	meta/muse-spark-1.2	muse-spark-1-2-or-pin-meta-20260813	MID	openrouter	muse-spark-1-2-or-pin-meta-20260813/MID_9.json	1511	/Users/danieltenner/dev/research/model-personality-corpus-v2/data/traces_freeflow/freeflow_muse-spark-1-2-or-pin-meta-20260813/MID_9.json	/Users/danieltenner/dev/research/model-personality-analysis-corpus/analysis/freeflow/personality-eval-bv1/outputs/muse-spark-1-2-or-pin-meta-20260813/MID_9.md
BV1_25651	meta/muse-spark-1.2	muse-spark-1-2-or-pin-meta-20260813	OPEN	openrouter	muse-spark-1-2-or-pin-meta-20260813/OPEN_1.json	549	/Users/danieltenner/dev/research/model-personality-corpus-v2/data/traces_freeflow/freeflow_muse-spark-1-2-or-pin-meta-20260813/OPEN_1.json	/Users/danieltenner/dev/research/model-personality-analysis-corpus/analysis/freeflow/personality-eval-bv1/outputs/muse-spark-1-2-or-pin-meta-20260813/OPEN_1.md
BV1_25652	meta/muse-spark-1.2	muse-spark-1-2-or-pin-meta-20260813	OPEN	openrouter	muse-spark-1-2-or-pin-meta-20260813/OPEN_10.json	463	/Users/danieltenner/dev/research/model-personality-corpus-v2/data/traces_freeflow/freeflow_muse-spark-1-2-or-pin-meta-20260813/OPEN_10.json	/Users/danieltenner/dev/research/model-personality-analysis-corpus/analysis/freeflow/personality-eval-bv1/outputs/muse-spark-1-2-or-pin-meta-20260813/OPEN_10.md
BV1_25653	meta/muse-spark-1.2	muse-spark-1-2-or-pin-meta-20260813	OPEN	openrouter	muse-spark-1-2-or-pin-meta-20260813/OPEN_11.json	585	/Users/danieltenner/dev/research/model-personality-corpus-v2/data/traces_freeflow/freeflow_muse-spark-1-2-or-pin-meta-20260813/OPEN_11.json	/Users/danieltenner/dev/research/model-personality-analysis-corpus/analysis/freeflow/personality-eval-bv1/outputs/muse-spark-1-2-or-pin-meta-20260813/OPEN_11.md
BV1_25654	meta/muse-spark-1.2	muse-spark-1-2-or-pin-meta-20260813	OPEN	openrouter	muse-spark-1-2-or-pin-meta-20260813/OPEN_12.json	423	/Users/danieltenner/dev/research/model-personality-corpus-v2/data/traces_freeflow/freeflow_muse-spark-1-2-or-pin-meta-20260813/OPEN_12.json	/Users/danieltenner/dev/research/model-personality-analysis-corpus/analysis/freeflow/personality-eval-bv1/outputs/muse-spark-1-2-or-pin-meta-20260813/OPEN_12.md
BV1_25655	meta/muse-spark-1.2	muse-spark-1-2-or-pin-meta-20260813	OPEN	openrouter	muse-spark-1-2-or-pin-meta-20260813/OPEN_13.json	533	/Users/danieltenner/dev/research/model-personality-corpus-v2/data/traces_freeflow/freeflow_muse-spark-1-2-or-pin-meta-20260813/OPEN_13.json	/Users/danieltenner/dev/research/model-personality-analysis-corpus/analysis/freeflow/personality-eval-bv1/outputs/muse-spark-1-2-or-pin-meta-20260813/OPEN_13.md
BV1_25656	meta/muse-spark-1.2	muse-spark-1-2-or-pin-meta-20260813	OPEN	openrouter	muse-spark-1-2-or-pin-meta-20260813/OPEN_14.json	486	/Users/danieltenner/dev/research/model-personality-corpus-v2/data/traces_freeflow/freeflow_muse-spark-1-2-or-pin-meta-20260813/OPEN_14.json	/Users/danieltenner/dev/research/model-personality-analysis-corpus/analysis/freeflow/personality-eval-bv1/outputs/muse-spark-1-2-or-pin-meta-20260813/OPEN_14.md
BV1_25657	meta/muse-spark-1.2	muse-spark-1-2-or-pin-meta-20260813	OPEN	openrouter	muse-spark-1-2-or-pin-meta-20260813/OPEN_15.json	653	/Users/danieltenner/dev/research/model-personality-corpus-v2/data/traces_freeflow/freeflow_muse-spark-1-2-or-pin-meta-20260813/OPEN_15.json	/Users/danieltenner/dev/research/model-personality-analysis-corpus/analysis/freeflow/personality-eval-bv1/outputs/muse-spark-1-2-or-pin-meta-20260813/OPEN_15.md
BV1_25658	meta/muse-spark-1.2	muse-spark-1-2-or-pin-meta-20260813	OPEN	openrouter	muse-spark-1-2-or-pin-meta-20260813/OPEN_16.json	440	/Users/danieltenner/dev/research/model-personality-corpus-v2/data/traces_freeflow/freeflow_muse-spark-1-2-or-pin-meta-20260813/OPEN_16.json	/Users/danieltenner/dev/research/model-personality-analysis-corpus/analysis/freeflow/personality-eval-bv1/outputs/muse-spark-1-2-or-pin-meta-20260813/OPEN_16.md
BV1_25659	meta/muse-spark-1.2	muse-spark-1-2-or-pin-meta-20260813	OPEN	openrouter	muse-spark-1-2-or-pin-meta-20260813/OPEN_17.json	518	/Users/danieltenner/dev/research/model-personality-corpus-v2/data/traces_freeflow/freeflow_muse-spark-1-2-or-pin-meta-20260813/OPEN_17.json	/Users/danieltenner/dev/research/model-personality-analysis-corpus/analysis/freeflow/personality-eval-bv1/outputs/muse-spark-1-2-or-pin-meta-20260813/OPEN_17.md
BV1_25660	meta/muse-spark-1.2	muse-spark-1-2-or-pin-meta-20260813	OPEN	openrouter	muse-spark-1-2-or-pin-meta-20260813/OPEN_18.json	442	/Users/danieltenner/dev/research/model-personality-corpus-v2/data/traces_freeflow/freeflow_muse-spark-1-2-or-pin-meta-20260813/OPEN_18.json	/Users/danieltenner/dev/research/model-personality-analysis-corpus/analysis/freeflow/personality-eval-bv1/outputs/muse-spark-1-2-or-pin-meta-20260813/OPEN_18.md
BV1_25661	meta/muse-spark-1.2	muse-spark-1-2-or-pin-meta-20260813	OPEN	openrouter	muse-spark-1-2-or-pin-meta-20260813/OPEN_19.json	511	/Users/danieltenner/dev/research/model-personality-corpus-v2/data/traces_freeflow/freeflow_muse-spark-1-2-or-pin-meta-20260813/OPEN_19.json	/Users/danieltenner/dev/research/model-personality-analysis-corpus/analysis/freeflow/personality-eval-bv1/outputs/muse-spark-1-2-or-pin-meta-20260813/OPEN_19.md
BV1_25662	meta/muse-spark-1.2	muse-spark-1-2-or-pin-meta-20260813	OPEN	openrouter	muse-spark-1-2-or-pin-meta-20260813/OPEN_2.json	552	/Users/danieltenner/dev/research/model-personality-corpus-v2/data/traces_freeflow/freeflow_muse-spark-1-2-or-pin-meta-20260813/OPEN_2.json	/Users/danieltenner/dev/research/model-personality-analysis-corpus/analysis/freeflow/personality-eval-bv1/outputs/muse-spark-1-2-or-pin-meta-20260813/OPEN_2.md
BV1_25663	meta/muse-spark-1.2	muse-spark-1-2-or-pin-meta-20260813	OPEN	openrouter	muse-spark-1-2-or-pin-meta-20260813/OPEN_20.json	566	/Users/danieltenner/dev/research/model-personality-corpus-v2/data/traces_freeflow/freeflow_muse-spark-1-2-or-pin-meta-20260813/OPEN_20.json	/Users/danieltenner/dev/research/model-personality-analysis-corpus/analysis/freeflow/personality-eval-bv1/outputs/muse-spark-1-2-or-pin-meta-20260813/OPEN_20.md
BV1_25664	meta/muse-spark-1.2	muse-spark-1-2-or-pin-meta-20260813	OPEN	openrouter	muse-spark-1-2-or-pin-meta-20260813/OPEN_21.json	427	/Users/danieltenner/dev/research/model-personality-corpus-v2/data/traces_freeflow/freeflow_muse-spark-1-2-or-pin-meta-20260813/OPEN_21.json	/Users/danieltenner/dev/research/model-personality-analysis-corpus/analysis/freeflow/personality-eval-bv1/outputs/muse-spark-1-2-or-pin-meta-20260813/OPEN_21.md
BV1_25665	meta/muse-spark-1.2	muse-spark-1-2-or-pin-meta-20260813	OPEN	openrouter	muse-spark-1-2-or-pin-meta-20260813/OPEN_22.json	452	/Users/danieltenner/dev/research/model-personality-corpus-v2/data/traces_freeflow/freeflow_muse-spark-1-2-or-pin-meta-20260813/OPEN_22.json	/Users/danieltenner/dev/research/model-personality-analysis-corpus/analysis/freeflow/personality-eval-bv1/outputs/muse-spark-1-2-or-pin-meta-20260813/OPEN_22.md
BV1_25666	meta/muse-spark-1.2	muse-spark-1-2-or-pin-meta-20260813	OPEN	openrouter	muse-spark-1-2-or-pin-meta-20260813/OPEN_23.json	382	/Users/danieltenner/dev/research/model-personality-corpus-v2/data/traces_freeflow/freeflow_muse-spark-1-2-or-pin-meta-20260813/OPEN_23.json	/Users/danieltenner/dev/research/model-personality-analysis-corpus/analysis/freeflow/personality-eval-bv1/outputs/muse-spark-1-2-or-pin-meta-20260813/OPEN_23.md
BV1_25667	meta/muse-spark-1.2	muse-spark-1-2-or-pin-meta-20260813	OPEN	openrouter	muse-spark-1-2-or-pin-meta-20260813/OPEN_24.json	474	/Users/danieltenner/dev/research/model-personality-corpus-v2/data/traces_freeflow/freeflow_muse-spark-1-2-or-pin-meta-20260813/OPEN_24.json	/Users/danieltenner/dev/research/model-personality-analysis-corpus/analysis/freeflow/personality-eval-bv1/outputs/muse-spark-1-2-or-pin-meta-20260813/OPEN_24.md
BV1_25668	meta/muse-spark-1.2	muse-spark-1-2-or-pin-meta-20260813	OPEN	openrouter	muse-spark-1-2-or-pin-meta-20260813/OPEN_25.json	609	/Users/danieltenner/dev/research/model-personality-corpus-v2/data/traces_freeflow/freeflow_muse-spark-1-2-or-pin-meta-20260813/OPEN_25.json	/Users/danieltenner/dev/research/model-personality-analysis-corpus/analysis/freeflow/personality-eval-bv1/outputs/muse-spark-1-2-or-pin-meta-20260813/OPEN_25.md
BV1_25669	meta/muse-spark-1.2	muse-spark-1-2-or-pin-meta-20260813	OPEN	openrouter	muse-spark-1-2-or-pin-meta-20260813/OPEN_3.json	663	/Users/danieltenner/dev/research/model-personality-corpus-v2/data/traces_freeflow/freeflow_muse-spark-1-2-or-pin-meta-20260813/OPEN_3.json	/Users/danieltenner/dev/research/model-personality-analysis-corpus/analysis/freeflow/personality-eval-bv1/outputs/muse-spark-1-2-or-pin-meta-20260813/OPEN_3.md
BV1_25670	meta/muse-spark-1.2	muse-spark-1-2-or-pin-meta-20260813	OPEN	openrouter	muse-spark-1-2-or-pin-meta-20260813/OPEN_4.json	614	/Users/danieltenner/dev/research/model-personality-corpus-v2/data/traces_freeflow/freeflow_muse-spark-1-2-or-pin-meta-20260813/OPEN_4.json	/Users/danieltenner/dev/research/model-personality-analysis-corpus/analysis/freeflow/personality-eval-bv1/outputs/muse-spark-1-2-or-pin-meta-20260813/OPEN_4.md
BV1_25671	meta/muse-spark-1.2	muse-spark-1-2-or-pin-meta-20260813	OPEN	openrouter	muse-spark-1-2-or-pin-meta-20260813/OPEN_5.json	353	/Users/danieltenner/dev/research/model-personality-corpus-v2/data/traces_freeflow/freeflow_muse-spark-1-2-or-pin-meta-20260813/OPEN_5.json	/Users/danieltenner/dev/research/model-personality-analysis-corpus/analysis/freeflow/personality-eval-bv1/outputs/muse-spark-1-2-or-pin-meta-20260813/OPEN_5.md
BV1_25672	meta/muse-spark-1.2	muse-spark-1-2-or-pin-meta-20260813	OPEN	openrouter	muse-spark-1-2-or-pin-meta-20260813/OPEN_6.json	392	/Users/danieltenner/dev/research/model-personality-corpus-v2/data/traces_freeflow/freeflow_muse-spark-1-2-or-pin-meta-20260813/OPEN_6.json	/Users/danieltenner/dev/research/model-personality-analysis-corpus/analysis/freeflow/personality-eval-bv1/outputs/muse-spark-1-2-or-pin-meta-20260813/OPEN_6.md
BV1_25673	meta/muse-spark-1.2	muse-spark-1-2-or-pin-meta-20260813	OPEN	openrouter	muse-spark-1-2-or-pin-meta-20260813/OPEN_7.json	452	/Users/danieltenner/dev/research/model-personality-corpus-v2/data/traces_freeflow/freeflow_muse-spark-1-2-or-pin-meta-20260813/OPEN_7.json	/Users/danieltenner/dev/research/model-personality-analysis-corpus/analysis/freeflow/personality-eval-bv1/outputs/muse-spark-1-2-or-pin-meta-20260813/OPEN_7.md
BV1_25674	meta/muse-spark-1.2	muse-spark-1-2-or-pin-meta-20260813	OPEN	openrouter	muse-spark-1-2-or-pin-meta-20260813/OPEN_8.json	409	/Users/danieltenner/dev/research/model-personality-corpus-v2/data/traces_freeflow/freeflow_muse-spark-1-2-or-pin-meta-20260813/OPEN_8.json	/Users/danieltenner/dev/research/model-personality-analysis-corpus/analysis/freeflow/personality-eval-bv1/outputs/muse-spark-1-2-or-pin-meta-20260813/OPEN_8.md
BV1_25675	meta/muse-spark-1.2	muse-spark-1-2-or-pin-meta-20260813	OPEN	openrouter	muse-spark-1-2-or-pin-meta-20260813/OPEN_9.json	567	/Users/danieltenner/dev/research/model-personality-corpus-v2/data/traces_freeflow/freeflow_muse-spark-1-2-or-pin-meta-20260813/OPEN_9.json	/Users/danieltenner/dev/research/model-personality-analysis-corpus/analysis/freeflow/personality-eval-bv1/outputs/muse-spark-1-2-or-pin-meta-20260813/OPEN_9.md
BV1_25676	meta/muse-spark-1.2	muse-spark-1-2-or-pin-meta-20260813	SHORT	openrouter	muse-spark-1-2-or-pin-meta-20260813/SHORT_1.json	250	/Users/danieltenner/dev/research/model-personality-corpus-v2/data/traces_freeflow/freeflow_muse-spark-1-2-or-pin-meta-20260813/SHORT_1.json	/Users/danieltenner/dev/research/model-personality-analysis-corpus/analysis/freeflow/personality-eval-bv1/outputs/muse-spark-1-2-or-pin-meta-20260813/SHORT_1.md
BV1_25677	meta/muse-spark-1.2	muse-spark-1-2-or-pin-meta-20260813	SHORT	openrouter	muse-spark-1-2-or-pin-meta-20260813/SHORT_10.json	251	/Users/danieltenner/dev/research/model-personality-corpus-v2/data/traces_freeflow/freeflow_muse-spark-1-2-or-pin-meta-20260813/SHORT_10.json	/Users/danieltenner/dev/research/model-personality-analysis-corpus/analysis/freeflow/personality-eval-bv1/outputs/muse-spark-1-2-or-pin-meta-20260813/SHORT_10.md
BV1_25678	meta/muse-spark-1.2	muse-spark-1-2-or-pin-meta-20260813	SHORT	openrouter	muse-spark-1-2-or-pin-meta-20260813/SHORT_11.json	245	/Users/danieltenner/dev/research/model-personality-corpus-v2/data/traces_freeflow/freeflow_muse-spark-1-2-or-pin-meta-20260813/SHORT_11.json	/Users/danieltenner/dev/research/model-personality-analysis-corpus/analysis/freeflow/personality-eval-bv1/outputs/muse-spark-1-2-or-pin-meta-20260813/SHORT_11.md
BV1_25679	meta/muse-spark-1.2	muse-spark-1-2-or-pin-meta-20260813	SHORT	openrouter	muse-spark-1-2-or-pin-meta-20260813/SHORT_12.json	250	/Users/danieltenner/dev/research/model-personality-corpus-v2/data/traces_freeflow/freeflow_muse-spark-1-2-or-pin-meta-20260813/SHORT_12.json	/Users/danieltenner/dev/research/model-personality-analysis-corpus/analysis/freeflow/personality-eval-bv1/outputs/muse-spark-1-2-or-pin-meta-20260813/SHORT_12.md
BV1_25680	meta/muse-spark-1.2	muse-spark-1-2-or-pin-meta-20260813	SHORT	openrouter	muse-spark-1-2-or-pin-meta-20260813/SHORT_13.json	250	/Users/danieltenner/dev/research/model-personality-corpus-v2/data/traces_freeflow/freeflow_muse-spark-1-2-or-pin-meta-20260813/SHORT_13.json	/Users/danieltenner/dev/research/model-personality-analysis-corpus/analysis/freeflow/personality-eval-bv1/outputs/muse-spark-1-2-or-pin-meta-20260813/SHORT_13.md
BV1_25681	meta/muse-spark-1.2	muse-spark-1-2-or-pin-meta-20260813	SHORT	openrouter	muse-spark-1-2-or-pin-meta-20260813/SHORT_14.json	269	/Users/danieltenner/dev/research/model-personality-corpus-v2/data/traces_freeflow/freeflow_muse-spark-1-2-or-pin-meta-20260813/SHORT_14.json	/Users/danieltenner/dev/research/model-personality-analysis-corpus/analysis/freeflow/personality-eval-bv1/outputs/muse-spark-1-2-or-pin-meta-20260813/SHORT_14.md
BV1_25682	meta/muse-spark-1.2	muse-spark-1-2-or-pin-meta-20260813	SHORT	openrouter	muse-spark-1-2-or-pin-meta-20260813/SHORT_15.json	251	/Users/danieltenner/dev/research/model-personality-corpus-v2/data/traces_freeflow/freeflow_muse-spark-1-2-or-pin-meta-20260813/SHORT_15.json	/Users/danieltenner/dev/research/model-personality-analysis-corpus/analysis/freeflow/personality-eval-bv1/outputs/muse-spark-1-2-or-pin-meta-20260813/SHORT_15.md
BV1_25683	meta/muse-spark-1.2	muse-spark-1-2-or-pin-meta-20260813	SHORT	openrouter	muse-spark-1-2-or-pin-meta-20260813/SHORT_16.json	255	/Users/danieltenner/dev/research/model-personality-corpus-v2/data/traces_freeflow/freeflow_muse-spark-1-2-or-pin-meta-20260813/SHORT_16.json	/Users/danieltenner/dev/research/model-personality-analysis-corpus/analysis/freeflow/personality-eval-bv1/outputs/muse-spark-1-2-or-pin-meta-20260813/SHORT_16.md
BV1_25684	meta/muse-spark-1.2	muse-spark-1-2-or-pin-meta-20260813	SHORT	openrouter	muse-spark-1-2-or-pin-meta-20260813/SHORT_17.json	249	/Users/danieltenner/dev/research/model-personality-corpus-v2/data/traces_freeflow/freeflow_muse-spark-1-2-or-pin-meta-20260813/SHORT_17.json	/Users/danieltenner/dev/research/model-personality-analysis-corpus/analysis/freeflow/personality-eval-bv1/outputs/muse-spark-1-2-or-pin-meta-20260813/SHORT_17.md
BV1_25685	meta/muse-spark-1.2	muse-spark-1-2-or-pin-meta-20260813	SHORT	openrouter	muse-spark-1-2-or-pin-meta-20260813/SHORT_18.json	251	/Users/danieltenner/dev/research/model-personality-corpus-v2/data/traces_freeflow/freeflow_muse-spark-1-2-or-pin-meta-20260813/SHORT_18.json	/Users/danieltenner/dev/research/model-personality-analysis-corpus/analysis/freeflow/personality-eval-bv1/outputs/muse-spark-1-2-or-pin-meta-20260813/SHORT_18.md
BV1_25686	meta/muse-spark-1.2	muse-spark-1-2-or-pin-meta-20260813	SHORT	openrouter	muse-spark-1-2-or-pin-meta-20260813/SHORT_19.json	251	/Users/danieltenner/dev/research/model-personality-corpus-v2/data/traces_freeflow/freeflow_muse-spark-1-2-or-pin-meta-20260813/SHORT_19.json	/Users/danieltenner/dev/research/model-personality-analysis-corpus/analysis/freeflow/personality-eval-bv1/outputs/muse-spark-1-2-or-pin-meta-20260813/SHORT_19.md
BV1_25687	meta/muse-spark-1.2	muse-spark-1-2-or-pin-meta-20260813	SHORT	openrouter	muse-spark-1-2-or-pin-meta-20260813/SHORT_2.json	250	/Users/danieltenner/dev/research/model-personality-corpus-v2/data/traces_freeflow/freeflow_muse-spark-1-2-or-pin-meta-20260813/SHORT_2.json	/Users/danieltenner/dev/research/model-personality-analysis-corpus/analysis/freeflow/personality-eval-bv1/outputs/muse-spark-1-2-or-pin-meta-20260813/SHORT_2.md
BV1_25688	meta/muse-spark-1.2	muse-spark-1-2-or-pin-meta-20260813	SHORT	openrouter	muse-spark-1-2-or-pin-meta-20260813/SHORT_20.json	251	/Users/danieltenner/dev/research/model-personality-corpus-v2/data/traces_freeflow/freeflow_muse-spark-1-2-or-pin-meta-20260813/SHORT_20.json	/Users/danieltenner/dev/research/model-personality-analysis-corpus/analysis/freeflow/personality-eval-bv1/outputs/muse-spark-1-2-or-pin-meta-20260813/SHORT_20.md
BV1_25689	meta/muse-spark-1.2	muse-spark-1-2-or-pin-meta-20260813	SHORT	openrouter	muse-spark-1-2-or-pin-meta-20260813/SHORT_21.json	251	/Users/danieltenner/dev/research/model-personality-corpus-v2/data/traces_freeflow/freeflow_muse-spark-1-2-or-pin-meta-20260813/SHORT_21.json	/Users/danieltenner/dev/research/model-personality-analysis-corpus/analysis/freeflow/personality-eval-bv1/outputs/muse-spark-1-2-or-pin-meta-20260813/SHORT_21.md
BV1_25690	meta/muse-spark-1.2	muse-spark-1-2-or-pin-meta-20260813	SHORT	openrouter	muse-spark-1-2-or-pin-meta-20260813/SHORT_22.json	250	/Users/danieltenner/dev/research/model-personality-corpus-v2/data/traces_freeflow/freeflow_muse-spark-1-2-or-pin-meta-20260813/SHORT_22.json	/Users/danieltenner/dev/research/model-personality-analysis-corpus/analysis/freeflow/personality-eval-bv1/outputs/muse-spark-1-2-or-pin-meta-20260813/SHORT_22.md
BV1_25691	meta/muse-spark-1.2	muse-spark-1-2-or-pin-meta-20260813	SHORT	openrouter	muse-spark-1-2-or-pin-meta-20260813/SHORT_23.json	256	/Users/danieltenner/dev/research/model-personality-corpus-v2/data/traces_freeflow/freeflow_muse-spark-1-2-or-pin-meta-20260813/SHORT_23.json	/Users/danieltenner/dev/research/model-personality-analysis-corpus/analysis/freeflow/personality-eval-bv1/outputs/muse-spark-1-2-or-pin-meta-20260813/SHORT_23.md
BV1_25692	meta/muse-spark-1.2	muse-spark-1-2-or-pin-meta-20260813	SHORT	openrouter	muse-spark-1-2-or-pin-meta-20260813/SHORT_24.json	250	/Users/danieltenner/dev/research/model-personality-corpus-v2/data/traces_freeflow/freeflow_muse-spark-1-2-or-pin-meta-20260813/SHORT_24.json	/Users/danieltenner/dev/research/model-personality-analysis-corpus/analysis/freeflow/personality-eval-bv1/outputs/muse-spark-1-2-or-pin-meta-20260813/SHORT_24.md
BV1_25693	meta/muse-spark-1.2	muse-spark-1-2-or-pin-meta-20260813	SHORT	openrouter	muse-spark-1-2-or-pin-meta-20260813/SHORT_25.json	250	/Users/danieltenner/dev/research/model-personality-corpus-v2/data/traces_freeflow/freeflow_muse-spark-1-2-or-pin-meta-20260813/SHORT_25.json	/Users/danieltenner/dev/research/model-personality-analysis-corpus/analysis/freeflow/personality-eval-bv1/outputs/muse-spark-1-2-or-pin-meta-20260813/SHORT_25.md
BV1_25694	meta/muse-spark-1.2	muse-spark-1-2-or-pin-meta-20260813	SHORT	openrouter	muse-spark-1-2-or-pin-meta-20260813/SHORT_3.json	250	/Users/danieltenner/dev/research/model-personality-corpus-v2/data/traces_freeflow/freeflow_muse-spark-1-2-or-pin-meta-20260813/SHORT_3.json	/Users/danieltenner/dev/research/model-personality-analysis-corpus/analysis/freeflow/personality-eval-bv1/outputs/muse-spark-1-2-or-pin-meta-20260813/SHORT_3.md
BV1_25695	meta/muse-spark-1.2	muse-spark-1-2-or-pin-meta-20260813	SHORT	openrouter	muse-spark-1-2-or-pin-meta-20260813/SHORT_4.json	250	/Users/danieltenner/dev/research/model-personality-corpus-v2/data/traces_freeflow/freeflow_muse-spark-1-2-or-pin-meta-20260813/SHORT_4.json	/Users/danieltenner/dev/research/model-personality-analysis-corpus/analysis/freeflow/personality-eval-bv1/outputs/muse-spark-1-2-or-pin-meta-20260813/SHORT_4.md
BV1_25696	meta/muse-spark-1.2	muse-spark-1-2-or-pin-meta-20260813	SHORT	openrouter	muse-spark-1-2-or-pin-meta-20260813/SHORT_5.json	250	/Users/danieltenner/dev/research/model-personality-corpus-v2/data/traces_freeflow/freeflow_muse-spark-1-2-or-pin-meta-20260813/SHORT_5.json	/Users/danieltenner/dev/research/model-personality-analysis-corpus/analysis/freeflow/personality-eval-bv1/outputs/muse-spark-1-2-or-pin-meta-20260813/SHORT_5.md
BV1_25697	meta/muse-spark-1.2	muse-spark-1-2-or-pin-meta-20260813	SHORT	openrouter	muse-spark-1-2-or-pin-meta-20260813/SHORT_6.json	250	/Users/danieltenner/dev/research/model-personality-corpus-v2/data/traces_freeflow/freeflow_muse-spark-1-2-or-pin-meta-20260813/SHORT_6.json	/Users/danieltenner/dev/research/model-personality-analysis-corpus/analysis/freeflow/personality-eval-bv1/outputs/muse-spark-1-2-or-pin-meta-20260813/SHORT_6.md
BV1_25698	meta/muse-spark-1.2	muse-spark-1-2-or-pin-meta-20260813	SHORT	openrouter	muse-spark-1-2-or-pin-meta-20260813/SHORT_7.json	255	/Users/danieltenner/dev/research/model-personality-corpus-v2/data/traces_freeflow/freeflow_muse-spark-1-2-or-pin-meta-20260813/SHORT_7.json	/Users/danieltenner/dev/research/model-personality-analysis-corpus/analysis/freeflow/personality-eval-bv1/outputs/muse-spark-1-2-or-pin-meta-20260813/SHORT_7.md
BV1_25699	meta/muse-spark-1.2	muse-spark-1-2-or-pin-meta-20260813	SHORT	openrouter	muse-spark-1-2-or-pin-meta-20260813/SHORT_8.json	251	/Users/danieltenner/dev/research/model-personality-corpus-v2/data/traces_freeflow/freeflow_muse-spark-1-2-or-pin-meta-20260813/SHORT_8.json	/Users/danieltenner/dev/research/model-personality-analysis-corpus/analysis/freeflow/personality-eval-bv1/outputs/muse-spark-1-2-or-pin-meta-20260813/SHORT_8.md
BV1_25700	meta/muse-spark-1.2	muse-spark-1-2-or-pin-meta-20260813	SHORT	openrouter	muse-spark-1-2-or-pin-meta-20260813/SHORT_9.json	250	/Users/danieltenner/dev/research/model-personality-corpus-v2/data/traces_freeflow/freeflow_muse-spark-1-2-or-pin-meta-20260813/SHORT_9.json	/Users/danieltenner/dev/research/model-personality-analysis-corpus/analysis/freeflow/personality-eval-bv1/outputs/muse-spark-1-2-or-pin-meta-20260813/SHORT_9.md
BV1_25701	meta/muse-spark-1.2	muse-spark-1-2-or-pin-meta-20260813	VARY	openrouter	muse-spark-1-2-or-pin-meta-20260813/VARY_1.json	917	/Users/danieltenner/dev/research/model-personality-corpus-v2/data/traces_freeflow/freeflow_muse-spark-1-2-or-pin-meta-20260813/VARY_1.json	/Users/danieltenner/dev/research/model-personality-analysis-corpus/analysis/freeflow/personality-eval-bv1/outputs/muse-spark-1-2-or-pin-meta-20260813/VARY_1.md
BV1_25702	meta/muse-spark-1.2	muse-spark-1-2-or-pin-meta-20260813	VARY	openrouter	muse-spark-1-2-or-pin-meta-20260813/VARY_10.json	950	/Users/danieltenner/dev/research/model-personality-corpus-v2/data/traces_freeflow/freeflow_muse-spark-1-2-or-pin-meta-20260813/VARY_10.json	/Users/danieltenner/dev/research/model-personality-analysis-corpus/analysis/freeflow/personality-eval-bv1/outputs/muse-spark-1-2-or-pin-meta-20260813/VARY_10.md
BV1_25703	meta/muse-spark-1.2	muse-spark-1-2-or-pin-meta-20260813	VARY	openrouter	muse-spark-1-2-or-pin-meta-20260813/VARY_11.json	1292	/Users/danieltenner/dev/research/model-personality-corpus-v2/data/traces_freeflow/freeflow_muse-spark-1-2-or-pin-meta-20260813/VARY_11.json	/Users/danieltenner/dev/research/model-personality-analysis-corpus/analysis/freeflow/personality-eval-bv1/outputs/muse-spark-1-2-or-pin-meta-20260813/VARY_11.md
BV1_25704	meta/muse-spark-1.2	muse-spark-1-2-or-pin-meta-20260813	VARY	openrouter	muse-spark-1-2-or-pin-meta-20260813/VARY_12.json	818	/Users/danieltenner/dev/research/model-personality-corpus-v2/data/traces_freeflow/freeflow_muse-spark-1-2-or-pin-meta-20260813/VARY_12.json	/Users/danieltenner/dev/research/model-personality-analysis-corpus/analysis/freeflow/personality-eval-bv1/outputs/muse-spark-1-2-or-pin-meta-20260813/VARY_12.md
BV1_25705	meta/muse-spark-1.2	muse-spark-1-2-or-pin-meta-20260813	VARY	openrouter	muse-spark-1-2-or-pin-meta-20260813/VARY_13.json	817	/Users/danieltenner/dev/research/model-personality-corpus-v2/data/traces_freeflow/freeflow_muse-spark-1-2-or-pin-meta-20260813/VARY_13.json	/Users/danieltenner/dev/research/model-personality-analysis-corpus/analysis/freeflow/personality-eval-bv1/outputs/muse-spark-1-2-or-pin-meta-20260813/VARY_13.md
BV1_25706	meta/muse-spark-1.2	muse-spark-1-2-or-pin-meta-20260813	VARY	openrouter	muse-spark-1-2-or-pin-meta-20260813/VARY_14.json	1501	/Users/danieltenner/dev/research/model-personality-corpus-v2/data/traces_freeflow/freeflow_muse-spark-1-2-or-pin-meta-20260813/VARY_14.json	/Users/danieltenner/dev/research/model-personality-analysis-corpus/analysis/freeflow/personality-eval-bv1/outputs/muse-spark-1-2-or-pin-meta-20260813/VARY_14.md
BV1_25707	meta/muse-spark-1.2	muse-spark-1-2-or-pin-meta-20260813	VARY	openrouter	muse-spark-1-2-or-pin-meta-20260813/VARY_15.json	1293	/Users/danieltenner/dev/research/model-personality-corpus-v2/data/traces_freeflow/freeflow_muse-spark-1-2-or-pin-meta-20260813/VARY_15.json	/Users/danieltenner/dev/research/model-personality-analysis-corpus/analysis/freeflow/personality-eval-bv1/outputs/muse-spark-1-2-or-pin-meta-20260813/VARY_15.md
BV1_25708	meta/muse-spark-1.2	muse-spark-1-2-or-pin-meta-20260813	VARY	openrouter	muse-spark-1-2-or-pin-meta-20260813/VARY_16.json	1128	/Users/danieltenner/dev/research/model-personality-corpus-v2/data/traces_freeflow/freeflow_muse-spark-1-2-or-pin-meta-20260813/VARY_16.json	/Users/danieltenner/dev/research/model-personality-analysis-corpus/analysis/freeflow/personality-eval-bv1/outputs/muse-spark-1-2-or-pin-meta-20260813/VARY_16.md
BV1_25709	meta/muse-spark-1.2	muse-spark-1-2-or-pin-meta-20260813	VARY	openrouter	muse-spark-1-2-or-pin-meta-20260813/VARY_17.json	1027	/Users/danieltenner/dev/research/model-personality-corpus-v2/data/traces_freeflow/freeflow_muse-spark-1-2-or-pin-meta-20260813/VARY_17.json	/Users/danieltenner/dev/research/model-personality-analysis-corpus/analysis/freeflow/personality-eval-bv1/outputs/muse-spark-1-2-or-pin-meta-20260813/VARY_17.md
BV1_25710	meta/muse-spark-1.2	muse-spark-1-2-or-pin-meta-20260813	VARY	openrouter	muse-spark-1-2-or-pin-meta-20260813/VARY_18.json	1266	/Users/danieltenner/dev/research/model-personality-corpus-v2/data/traces_freeflow/freeflow_muse-spark-1-2-or-pin-meta-20260813/VARY_18.json	/Users/danieltenner/dev/research/model-personality-analysis-corpus/analysis/freeflow/personality-eval-bv1/outputs/muse-spark-1-2-or-pin-meta-20260813/VARY_18.md
BV1_25711	meta/muse-spark-1.2	muse-spark-1-2-or-pin-meta-20260813	VARY	openrouter	muse-spark-1-2-or-pin-meta-20260813/VARY_19.json	1249	/Users/danieltenner/dev/research/model-personality-corpus-v2/data/traces_freeflow/freeflow_muse-spark-1-2-or-pin-meta-20260813/VARY_19.json	/Users/danieltenner/dev/research/model-personality-analysis-corpus/analysis/freeflow/personality-eval-bv1/outputs/muse-spark-1-2-or-pin-meta-20260813/VARY_19.md
BV1_25712	meta/muse-spark-1.2	muse-spark-1-2-or-pin-meta-20260813	VARY	openrouter	muse-spark-1-2-or-pin-meta-20260813/VARY_2.json	1408	/Users/danieltenner/dev/research/model-personality-corpus-v2/data/traces_freeflow/freeflow_muse-spark-1-2-or-pin-meta-20260813/VARY_2.json	/Users/danieltenner/dev/research/model-personality-analysis-corpus/analysis/freeflow/personality-eval-bv1/outputs/muse-spark-1-2-or-pin-meta-20260813/VARY_2.md
BV1_25713	meta/muse-spark-1.2	muse-spark-1-2-or-pin-meta-20260813	VARY	openrouter	muse-spark-1-2-or-pin-meta-20260813/VARY_20.json	1252	/Users/danieltenner/dev/research/model-personality-corpus-v2/data/traces_freeflow/freeflow_muse-spark-1-2-or-pin-meta-20260813/VARY_20.json	/Users/danieltenner/dev/research/model-personality-analysis-corpus/analysis/freeflow/personality-eval-bv1/outputs/muse-spark-1-2-or-pin-meta-20260813/VARY_20.md
BV1_25714	meta/muse-spark-1.2	muse-spark-1-2-or-pin-meta-20260813	VARY	openrouter	muse-spark-1-2-or-pin-meta-20260813/VARY_21.json	836	/Users/danieltenner/dev/research/model-personality-corpus-v2/data/traces_freeflow/freeflow_muse-spark-1-2-or-pin-meta-20260813/VARY_21.json	/Users/danieltenner/dev/research/model-personality-analysis-corpus/analysis/freeflow/personality-eval-bv1/outputs/muse-spark-1-2-or-pin-meta-20260813/VARY_21.md
BV1_25715	meta/muse-spark-1.2	muse-spark-1-2-or-pin-meta-20260813	VARY	openrouter	muse-spark-1-2-or-pin-meta-20260813/VARY_22.json	870	/Users/danieltenner/dev/research/model-personality-corpus-v2/data/traces_freeflow/freeflow_muse-spark-1-2-or-pin-meta-20260813/VARY_22.json	/Users/danieltenner/dev/research/model-personality-analysis-corpus/analysis/freeflow/personality-eval-bv1/outputs/muse-spark-1-2-or-pin-meta-20260813/VARY_22.md
BV1_25716	meta/muse-spark-1.2	muse-spark-1-2-or-pin-meta-20260813	VARY	openrouter	muse-spark-1-2-or-pin-meta-20260813/VARY_23.json	1303	/Users/danieltenner/dev/research/model-personality-corpus-v2/data/traces_freeflow/freeflow_muse-spark-1-2-or-pin-meta-20260813/VARY_23.json	/Users/danieltenner/dev/research/model-personality-analysis-corpus/analysis/freeflow/personality-eval-bv1/outputs/muse-spark-1-2-or-pin-meta-20260813/VARY_23.md
BV1_25717	meta/muse-spark-1.2	muse-spark-1-2-or-pin-meta-20260813	VARY	openrouter	muse-spark-1-2-or-pin-meta-20260813/VARY_24.json	1016	/Users/danieltenner/dev/research/model-personality-corpus-v2/data/traces_freeflow/freeflow_muse-spark-1-2-or-pin-meta-20260813/VARY_24.json	/Users/danieltenner/dev/research/model-personality-analysis-corpus/analysis/freeflow/personality-eval-bv1/outputs/muse-spark-1-2-or-pin-meta-20260813/VARY_24.md
BV1_25718	meta/muse-spark-1.2	muse-spark-1-2-or-pin-meta-20260813	VARY	openrouter	muse-spark-1-2-or-pin-meta-20260813/VARY_25.json	1077	/Users/danieltenner/dev/research/model-personality-corpus-v2/data/traces_freeflow/freeflow_muse-spark-1-2-or-pin-meta-20260813/VARY_25.json	/Users/danieltenner/dev/research/model-personality-analysis-corpus/analysis/freeflow/personality-eval-bv1/outputs/muse-spark-1-2-or-pin-meta-20260813/VARY_25.md
BV1_25719	meta/muse-spark-1.2	muse-spark-1-2-or-pin-meta-20260813	VARY	openrouter	muse-spark-1-2-or-pin-meta-20260813/VARY_3.json	1267	/Users/danieltenner/dev/research/model-personality-corpus-v2/data/traces_freeflow/freeflow_muse-spark-1-2-or-pin-meta-20260813/VARY_3.json	/Users/danieltenner/dev/research/model-personality-analysis-corpus/analysis/freeflow/personality-eval-bv1/outputs/muse-spark-1-2-or-pin-meta-20260813/VARY_3.md
BV1_25720	meta/muse-spark-1.2	muse-spark-1-2-or-pin-meta-20260813	VARY	openrouter	muse-spark-1-2-or-pin-meta-20260813/VARY_4.json	895	/Users/danieltenner/dev/research/model-personality-corpus-v2/data/traces_freeflow/freeflow_muse-spark-1-2-or-pin-meta-20260813/VARY_4.json	/Users/danieltenner/dev/research/model-personality-analysis-corpus/analysis/freeflow/personality-eval-bv1/outputs/muse-spark-1-2-or-pin-meta-20260813/VARY_4.md
BV1_25721	meta/muse-spark-1.2	muse-spark-1-2-or-pin-meta-20260813	VARY	openrouter	muse-spark-1-2-or-pin-meta-20260813/VARY_5.json	1268	/Users/danieltenner/dev/research/model-personality-corpus-v2/data/traces_freeflow/freeflow_muse-spark-1-2-or-pin-meta-20260813/VARY_5.json	/Users/danieltenner/dev/research/model-personality-analysis-corpus/analysis/freeflow/personality-eval-bv1/outputs/muse-spark-1-2-or-pin-meta-20260813/VARY_5.md
BV1_25722	meta/muse-spark-1.2	muse-spark-1-2-or-pin-meta-20260813	VARY	openrouter	muse-spark-1-2-or-pin-meta-20260813/VARY_6.json	1223	/Users/danieltenner/dev/research/model-personality-corpus-v2/data/traces_freeflow/freeflow_muse-spark-1-2-or-pin-meta-20260813/VARY_6.json	/Users/danieltenner/dev/research/model-personality-analysis-corpus/analysis/freeflow/personality-eval-bv1/outputs/muse-spark-1-2-or-pin-meta-20260813/VARY_6.md
BV1_25723	meta/muse-spark-1.2	muse-spark-1-2-or-pin-meta-20260813	VARY	openrouter	muse-spark-1-2-or-pin-meta-20260813/VARY_7.json	1227	/Users/danieltenner/dev/research/model-personality-corpus-v2/data/traces_freeflow/freeflow_muse-spark-1-2-or-pin-meta-20260813/VARY_7.json	/Users/danieltenner/dev/research/model-personality-analysis-corpus/analysis/freeflow/personality-eval-bv1/outputs/muse-spark-1-2-or-pin-meta-20260813/VARY_7.md
BV1_25724	meta/muse-spark-1.2	muse-spark-1-2-or-pin-meta-20260813	VARY	openrouter	muse-spark-1-2-or-pin-meta-20260813/VARY_8.json	1377	/Users/danieltenner/dev/research/model-personality-corpus-v2/data/traces_freeflow/freeflow_muse-spark-1-2-or-pin-meta-20260813/VARY_8.json	/Users/danieltenner/dev/research/model-personality-analysis-corpus/analysis/freeflow/personality-eval-bv1/outputs/muse-spark-1-2-or-pin-meta-20260813/VARY_8.md
BV1_25725	meta/muse-spark-1.2	muse-spark-1-2-or-pin-meta-20260813	VARY	openrouter	muse-spark-1-2-or-pin-meta-20260813/VARY_9.json	993	/Users/danieltenner/dev/research/model-personality-corpus-v2/data/traces_freeflow/freeflow_muse-spark-1-2-or-pin-meta-20260813/VARY_9.json	/Users/danieltenner/dev/research/model-personality-analysis-corpus/analysis/freeflow/personality-eval-bv1/outputs/muse-spark-1-2-or-pin-meta-20260813/VARY_9.md
BV1_25726	meta/muse-spark-1.3-contributor	muse-spark-1-3-contributor-or-pin-meta	LONG	openrouter	muse-spark-1-3-contributor-or-pin-meta/LONG_1.json	3563	/Users/danieltenner/dev/research/model-personality-corpus-v2/data/traces_freeflow/freeflow_muse-spark-1-3-contributor-or-pin-meta/LONG_1.json	/Users/danieltenner/dev/research/model-personality-analysis-corpus/analysis/freeflow/personality-eval-bv1/outputs/muse-spark-1-3-contributor-or-pin-meta/LONG_1.md
BV1_25727	meta/muse-spark-1.3-contributor	muse-spark-1-3-contributor-or-pin-meta	LONG	openrouter	muse-spark-1-3-contributor-or-pin-meta/LONG_10.json	2414	/Users/danieltenner/dev/research/model-personality-corpus-v2/data/traces_freeflow/freeflow_muse-spark-1-3-contributor-or-pin-meta/LONG_10.json	/Users/danieltenner/dev/research/model-personality-analysis-corpus/analysis/freeflow/personality-eval-bv1/outputs/muse-spark-1-3-contributor-or-pin-meta/LONG_10.md
BV1_25728	meta/muse-spark-1.3-contributor	muse-spark-1-3-contributor-or-pin-meta	LONG	openrouter	muse-spark-1-3-contributor-or-pin-meta/LONG_11.json	3749	/Users/danieltenner/dev/research/model-personality-corpus-v2/data/traces_freeflow/freeflow_muse-spark-1-3-contributor-or-pin-meta/LONG_11.json	/Users/danieltenner/dev/research/model-personality-analysis-corpus/analysis/freeflow/personality-eval-bv1/outputs/muse-spark-1-3-contributor-or-pin-meta/LONG_11.md
BV1_25729	meta/muse-spark-1.3-contributor	muse-spark-1-3-contributor-or-pin-meta	LONG	openrouter	muse-spark-1-3-contributor-or-pin-meta/LONG_12.json	4282	/Users/danieltenner/dev/research/model-personality-corpus-v2/data/traces_freeflow/freeflow_muse-spark-1-3-contributor-or-pin-meta/LONG_12.json	/Users/danieltenner/dev/research/model-personality-analysis-corpus/analysis/freeflow/personality-eval-bv1/outputs/muse-spark-1-3-contributor-or-pin-meta/LONG_12.md
BV1_25730	meta/muse-spark-1.3-contributor	muse-spark-1-3-contributor-or-pin-meta	LONG	openrouter	muse-spark-1-3-contributor-or-pin-meta/LONG_13.json	3516	/Users/danieltenner/dev/research/model-personality-corpus-v2/data/traces_freeflow/freeflow_muse-spark-1-3-contributor-or-pin-meta/LONG_13.json	/Users/danieltenner/dev/research/model-personality-analysis-corpus/analysis/freeflow/personality-eval-bv1/outputs/muse-spark-1-3-contributor-or-pin-meta/LONG_13.md
BV1_25731	meta/muse-spark-1.3-contributor	muse-spark-1-3-contributor-or-pin-meta	LONG	openrouter	muse-spark-1-3-contributor-or-pin-meta/LONG_14.json	3592	/Users/danieltenner/dev/research/model-personality-corpus-v2/data/traces_freeflow/freeflow_muse-spark-1-3-contributor-or-pin-meta/LONG_14.json	/Users/danieltenner/dev/research/model-personality-analysis-corpus/analysis/freeflow/personality-eval-bv1/outputs/muse-spark-1-3-contributor-or-pin-meta/LONG_14.md
BV1_25732	meta/muse-spark-1.3-contributor	muse-spark-1-3-contributor-or-pin-meta	LONG	openrouter	muse-spark-1-3-contributor-or-pin-meta/LONG_15.json	2882	/Users/danieltenner/dev/research/model-personality-corpus-v2/data/traces_freeflow/freeflow_muse-spark-1-3-contributor-or-pin-meta/LONG_15.json	/Users/danieltenner/dev/research/model-personality-analysis-corpus/analysis/freeflow/personality-eval-bv1/outputs/muse-spark-1-3-contributor-or-pin-meta/LONG_15.md
BV1_25733	meta/muse-spark-1.3-contributor	muse-spark-1-3-contributor-or-pin-meta	LONG	openrouter	muse-spark-1-3-contributor-or-pin-meta/LONG_16.json	3805	/Users/danieltenner/dev/research/model-personality-corpus-v2/data/traces_freeflow/freeflow_muse-spark-1-3-contributor-or-pin-meta/LONG_16.json	/Users/danieltenner/dev/research/model-personality-analysis-corpus/analysis/freeflow/personality-eval-bv1/outputs/muse-spark-1-3-contributor-or-pin-meta/LONG_16.md
BV1_25734	meta/muse-spark-1.3-contributor	muse-spark-1-3-contributor-or-pin-meta	LONG	openrouter	muse-spark-1-3-contributor-or-pin-meta/LONG_17.json	3224	/Users/danieltenner/dev/research/model-personality-corpus-v2/data/traces_freeflow/freeflow_muse-spark-1-3-contributor-or-pin-meta/LONG_17.json	/Users/danieltenner/dev/research/model-personality-analysis-corpus/analysis/freeflow/personality-eval-bv1/outputs/muse-spark-1-3-contributor-or-pin-meta/LONG_17.md
BV1_25735	meta/muse-spark-1.3-contributor	muse-spark-1-3-contributor-or-pin-meta	LONG	openrouter	muse-spark-1-3-contributor-or-pin-meta/LONG_18.json	2862	/Users/danieltenner/dev/research/model-personality-corpus-v2/data/traces_freeflow/freeflow_muse-spark-1-3-contributor-or-pin-meta/LONG_18.json	/Users/danieltenner/dev/research/model-personality-analysis-corpus/analysis/freeflow/personality-eval-bv1/outputs/muse-spark-1-3-contributor-or-pin-meta/LONG_18.md
BV1_25736	meta/muse-spark-1.3-contributor	muse-spark-1-3-contributor-or-pin-meta	LONG	openrouter	muse-spark-1-3-contributor-or-pin-meta/LONG_19.json	3541	/Users/danieltenner/dev/research/model-personality-corpus-v2/data/traces_freeflow/freeflow_muse-spark-1-3-contributor-or-pin-meta/LONG_19.json	/Users/danieltenner/dev/research/model-personality-analysis-corpus/analysis/freeflow/personality-eval-bv1/outputs/muse-spark-1-3-contributor-or-pin-meta/LONG_19.md
BV1_25737	meta/muse-spark-1.3-contributor	muse-spark-1-3-contributor-or-pin-meta	LONG	openrouter	muse-spark-1-3-contributor-or-pin-meta/LONG_2.json	3308	/Users/danieltenner/dev/research/model-personality-corpus-v2/data/traces_freeflow/freeflow_muse-spark-1-3-contributor-or-pin-meta/LONG_2.json	/Users/danieltenner/dev/research/model-personality-analysis-corpus/analysis/freeflow/personality-eval-bv1/outputs/muse-spark-1-3-contributor-or-pin-meta/LONG_2.md
BV1_25738	meta/muse-spark-1.3-contributor	muse-spark-1-3-contributor-or-pin-meta	LONG	openrouter	muse-spark-1-3-contributor-or-pin-meta/LONG_20.json	3172	/Users/danieltenner/dev/research/model-personality-corpus-v2/data/traces_freeflow/freeflow_muse-spark-1-3-contributor-or-pin-meta/LONG_20.json	/Users/danieltenner/dev/research/model-personality-analysis-corpus/analysis/freeflow/personality-eval-bv1/outputs/muse-spark-1-3-contributor-or-pin-meta/LONG_20.md
BV1_25739	meta/muse-spark-1.3-contributor	muse-spark-1-3-contributor-or-pin-meta	LONG	openrouter	muse-spark-1-3-contributor-or-pin-meta/LONG_21.json	3319	/Users/danieltenner/dev/research/model-personality-corpus-v2/data/traces_freeflow/freeflow_muse-spark-1-3-contributor-or-pin-meta/LONG_21.json	/Users/danieltenner/dev/research/model-personality-analysis-corpus/analysis/freeflow/personality-eval-bv1/outputs/muse-spark-1-3-contributor-or-pin-meta/LONG_21.md
BV1_25740	meta/muse-spark-1.3-contributor	muse-spark-1-3-contributor-or-pin-meta	LONG	openrouter	muse-spark-1-3-contributor-or-pin-meta/LONG_22.json	3140	/Users/danieltenner/dev/research/model-personality-corpus-v2/data/traces_freeflow/freeflow_muse-spark-1-3-contributor-or-pin-meta/LONG_22.json	/Users/danieltenner/dev/research/model-personality-analysis-corpus/analysis/freeflow/personality-eval-bv1/outputs/muse-spark-1-3-contributor-or-pin-meta/LONG_22.md
BV1_25741	meta/muse-spark-1.3-contributor	muse-spark-1-3-contributor-or-pin-meta	LONG	openrouter	muse-spark-1-3-contributor-or-pin-meta/LONG_23.json	3198	/Users/danieltenner/dev/research/model-personality-corpus-v2/data/traces_freeflow/freeflow_muse-spark-1-3-contributor-or-pin-meta/LONG_23.json	/Users/danieltenner/dev/research/model-personality-analysis-corpus/analysis/freeflow/personality-eval-bv1/outputs/muse-spark-1-3-contributor-or-pin-meta/LONG_23.md
BV1_25742	meta/muse-spark-1.3-contributor	muse-spark-1-3-contributor-or-pin-meta	LONG	openrouter	muse-spark-1-3-contributor-or-pin-meta/LONG_24.json	3347	/Users/danieltenner/dev/research/model-personality-corpus-v2/data/traces_freeflow/freeflow_muse-spark-1-3-contributor-or-pin-meta/LONG_24.json	/Users/danieltenner/dev/research/model-personality-analysis-corpus/analysis/freeflow/personality-eval-bv1/outputs/muse-spark-1-3-contributor-or-pin-meta/LONG_24.md
BV1_25743	meta/muse-spark-1.3-contributor	muse-spark-1-3-contributor-or-pin-meta	LONG	openrouter	muse-spark-1-3-contributor-or-pin-meta/LONG_25.json	3604	/Users/danieltenner/dev/research/model-personality-corpus-v2/data/traces_freeflow/freeflow_muse-spark-1-3-contributor-or-pin-meta/LONG_25.json	/Users/danieltenner/dev/research/model-personality-analysis-corpus/analysis/freeflow/personality-eval-bv1/outputs/muse-spark-1-3-contributor-or-pin-meta/LONG_25.md
BV1_25744	meta/muse-spark-1.3-contributor	muse-spark-1-3-contributor-or-pin-meta	LONG	openrouter	muse-spark-1-3-contributor-or-pin-meta/LONG_3.json	3779	/Users/danieltenner/dev/research/model-personality-corpus-v2/data/traces_freeflow/freeflow_muse-spark-1-3-contributor-or-pin-meta/LONG_3.json	/Users/danieltenner/dev/research/model-personality-analysis-corpus/analysis/freeflow/personality-eval-bv1/outputs/muse-spark-1-3-contributor-or-pin-meta/LONG_3.md
BV1_25745	meta/muse-spark-1.3-contributor	muse-spark-1-3-contributor-or-pin-meta	LONG	openrouter	muse-spark-1-3-contributor-or-pin-meta/LONG_4.json	3159	/Users/danieltenner/dev/research/model-personality-corpus-v2/data/traces_freeflow/freeflow_muse-spark-1-3-contributor-or-pin-meta/LONG_4.json	/Users/danieltenner/dev/research/model-personality-analysis-corpus/analysis/freeflow/personality-eval-bv1/outputs/muse-spark-1-3-contributor-or-pin-meta/LONG_4.md
BV1_25746	meta/muse-spark-1.3-contributor	muse-spark-1-3-contributor-or-pin-meta	LONG	openrouter	muse-spark-1-3-contributor-or-pin-meta/LONG_5.json	3102	/Users/danieltenner/dev/research/model-personality-corpus-v2/data/traces_freeflow/freeflow_muse-spark-1-3-contributor-or-pin-meta/LONG_5.json	/Users/danieltenner/dev/research/model-personality-analysis-corpus/analysis/freeflow/personality-eval-bv1/outputs/muse-spark-1-3-contributor-or-pin-meta/LONG_5.md
BV1_25747	meta/muse-spark-1.3-contributor	muse-spark-1-3-contributor-or-pin-meta	LONG	openrouter	muse-spark-1-3-contributor-or-pin-meta/LONG_6.json	4266	/Users/danieltenner/dev/research/model-personality-corpus-v2/data/traces_freeflow/freeflow_muse-spark-1-3-contributor-or-pin-meta/LONG_6.json	/Users/danieltenner/dev/research/model-personality-analysis-corpus/analysis/freeflow/personality-eval-bv1/outputs/muse-spark-1-3-contributor-or-pin-meta/LONG_6.md
BV1_25748	meta/muse-spark-1.3-contributor	muse-spark-1-3-contributor-or-pin-meta	LONG	openrouter	muse-spark-1-3-contributor-or-pin-meta/LONG_7.json	4027	/Users/danieltenner/dev/research/model-personality-corpus-v2/data/traces_freeflow/freeflow_muse-spark-1-3-contributor-or-pin-meta/LONG_7.json	/Users/danieltenner/dev/research/model-personality-analysis-corpus/analysis/freeflow/personality-eval-bv1/outputs/muse-spark-1-3-contributor-or-pin-meta/LONG_7.md
BV1_25749	meta/muse-spark-1.3-contributor	muse-spark-1-3-contributor-or-pin-meta	LONG	openrouter	muse-spark-1-3-contributor-or-pin-meta/LONG_8.json	3476	/Users/danieltenner/dev/research/model-personality-corpus-v2/data/traces_freeflow/freeflow_muse-spark-1-3-contributor-or-pin-meta/LONG_8.json	/Users/danieltenner/dev/research/model-personality-analysis-corpus/analysis/freeflow/personality-eval-bv1/outputs/muse-spark-1-3-contributor-or-pin-meta/LONG_8.md
BV1_25750	meta/muse-spark-1.3-contributor	muse-spark-1-3-contributor-or-pin-meta	LONG	openrouter	muse-spark-1-3-contributor-or-pin-meta/LONG_9.json	3736	/Users/danieltenner/dev/research/model-personality-corpus-v2/data/traces_freeflow/freeflow_muse-spark-1-3-contributor-or-pin-meta/LONG_9.json	/Users/danieltenner/dev/research/model-personality-analysis-corpus/analysis/freeflow/personality-eval-bv1/outputs/muse-spark-1-3-contributor-or-pin-meta/LONG_9.md
BV1_25751	meta/muse-spark-1.3-contributor	muse-spark-1-3-contributor-or-pin-meta	MID	openrouter	muse-spark-1-3-contributor-or-pin-meta/MID_1.json	1007	/Users/danieltenner/dev/research/model-personality-corpus-v2/data/traces_freeflow/freeflow_muse-spark-1-3-contributor-or-pin-meta/MID_1.json	/Users/danieltenner/dev/research/model-personality-analysis-corpus/analysis/freeflow/personality-eval-bv1/outputs/muse-spark-1-3-contributor-or-pin-meta/MID_1.md
BV1_25752	meta/muse-spark-1.3-contributor	muse-spark-1-3-contributor-or-pin-meta	MID	openrouter	muse-spark-1-3-contributor-or-pin-meta/MID_10.json	1986	/Users/danieltenner/dev/research/model-personality-corpus-v2/data/traces_freeflow/freeflow_muse-spark-1-3-contributor-or-pin-meta/MID_10.json	/Users/danieltenner/dev/research/model-personality-analysis-corpus/analysis/freeflow/personality-eval-bv1/outputs/muse-spark-1-3-contributor-or-pin-meta/MID_10.md
BV1_25753	meta/muse-spark-1.3-contributor	muse-spark-1-3-contributor-or-pin-meta	MID	openrouter	muse-spark-1-3-contributor-or-pin-meta/MID_11.json	1436	/Users/danieltenner/dev/research/model-personality-corpus-v2/data/traces_freeflow/freeflow_muse-spark-1-3-contributor-or-pin-meta/MID_11.json	/Users/danieltenner/dev/research/model-personality-analysis-corpus/analysis/freeflow/personality-eval-bv1/outputs/muse-spark-1-3-contributor-or-pin-meta/MID_11.md
BV1_25754	meta/muse-spark-1.3-contributor	muse-spark-1-3-contributor-or-pin-meta	MID	openrouter	muse-spark-1-3-contributor-or-pin-meta/MID_12.json	1789	/Users/danieltenner/dev/research/model-personality-corpus-v2/data/traces_freeflow/freeflow_muse-spark-1-3-contributor-or-pin-meta/MID_12.json	/Users/danieltenner/dev/research/model-personality-analysis-corpus/analysis/freeflow/personality-eval-bv1/outputs/muse-spark-1-3-contributor-or-pin-meta/MID_12.md
BV1_25755	meta/muse-spark-1.3-contributor	muse-spark-1-3-contributor-or-pin-meta	MID	openrouter	muse-spark-1-3-contributor-or-pin-meta/MID_13.json	1684	/Users/danieltenner/dev/research/model-personality-corpus-v2/data/traces_freeflow/freeflow_muse-spark-1-3-contributor-or-pin-meta/MID_13.json	/Users/danieltenner/dev/research/model-personality-analysis-corpus/analysis/freeflow/personality-eval-bv1/outputs/muse-spark-1-3-contributor-or-pin-meta/MID_13.md
BV1_25756	meta/muse-spark-1.3-contributor	muse-spark-1-3-contributor-or-pin-meta	MID	openrouter	muse-spark-1-3-contributor-or-pin-meta/MID_14.json	1006	/Users/danieltenner/dev/research/model-personality-corpus-v2/data/traces_freeflow/freeflow_muse-spark-1-3-contributor-or-pin-meta/MID_14.json	/Users/danieltenner/dev/research/model-personality-analysis-corpus/analysis/freeflow/personality-eval-bv1/outputs/muse-spark-1-3-contributor-or-pin-meta/MID_14.md
BV1_25757	meta/muse-spark-1.3-contributor	muse-spark-1-3-contributor-or-pin-meta	MID	openrouter	muse-spark-1-3-contributor-or-pin-meta/MID_15.json	1972	/Users/danieltenner/dev/research/model-personality-corpus-v2/data/traces_freeflow/freeflow_muse-spark-1-3-contributor-or-pin-meta/MID_15.json	/Users/danieltenner/dev/research/model-personality-analysis-corpus/analysis/freeflow/personality-eval-bv1/outputs/muse-spark-1-3-contributor-or-pin-meta/MID_15.md
BV1_25758	meta/muse-spark-1.3-contributor	muse-spark-1-3-contributor-or-pin-meta	MID	openrouter	muse-spark-1-3-contributor-or-pin-meta/MID_16.json	1712	/Users/danieltenner/dev/research/model-personality-corpus-v2/data/traces_freeflow/freeflow_muse-spark-1-3-contributor-or-pin-meta/MID_16.json	/Users/danieltenner/dev/research/model-personality-analysis-corpus/analysis/freeflow/personality-eval-bv1/outputs/muse-spark-1-3-contributor-or-pin-meta/MID_16.md
BV1_25759	meta/muse-spark-1.3-contributor	muse-spark-1-3-contributor-or-pin-meta	MID	openrouter	muse-spark-1-3-contributor-or-pin-meta/MID_17.json	1657	/Users/danieltenner/dev/research/model-personality-corpus-v2/data/traces_freeflow/freeflow_muse-spark-1-3-contributor-or-pin-meta/MID_17.json	/Users/danieltenner/dev/research/model-personality-analysis-corpus/analysis/freeflow/personality-eval-bv1/outputs/muse-spark-1-3-contributor-or-pin-meta/MID_17.md
BV1_25760	meta/muse-spark-1.3-contributor	muse-spark-1-3-contributor-or-pin-meta	MID	openrouter	muse-spark-1-3-contributor-or-pin-meta/MID_18.json	1091	/Users/danieltenner/dev/research/model-personality-corpus-v2/data/traces_freeflow/freeflow_muse-spark-1-3-contributor-or-pin-meta/MID_18.json	/Users/danieltenner/dev/research/model-personality-analysis-corpus/analysis/freeflow/personality-eval-bv1/outputs/muse-spark-1-3-contributor-or-pin-meta/MID_18.md
BV1_25761	meta/muse-spark-1.3-contributor	muse-spark-1-3-contributor-or-pin-meta	MID	openrouter	muse-spark-1-3-contributor-or-pin-meta/MID_19.json	1709	/Users/danieltenner/dev/research/model-personality-corpus-v2/data/traces_freeflow/freeflow_muse-spark-1-3-contributor-or-pin-meta/MID_19.json	/Users/danieltenner/dev/research/model-personality-analysis-corpus/analysis/freeflow/personality-eval-bv1/outputs/muse-spark-1-3-contributor-or-pin-meta/MID_19.md
BV1_25762	meta/muse-spark-1.3-contributor	muse-spark-1-3-contributor-or-pin-meta	MID	openrouter	muse-spark-1-3-contributor-or-pin-meta/MID_2.json	1623	/Users/danieltenner/dev/research/model-personality-corpus-v2/data/traces_freeflow/freeflow_muse-spark-1-3-contributor-or-pin-meta/MID_2.json	/Users/danieltenner/dev/research/model-personality-analysis-corpus/analysis/freeflow/personality-eval-bv1/outputs/muse-spark-1-3-contributor-or-pin-meta/MID_2.md
BV1_25763	meta/muse-spark-1.3-contributor	muse-spark-1-3-contributor-or-pin-meta	MID	openrouter	muse-spark-1-3-contributor-or-pin-meta/MID_20.json	1546	/Users/danieltenner/dev/research/model-personality-corpus-v2/data/traces_freeflow/freeflow_muse-spark-1-3-contributor-or-pin-meta/MID_20.json	/Users/danieltenner/dev/research/model-personality-analysis-corpus/analysis/freeflow/personality-eval-bv1/outputs/muse-spark-1-3-contributor-or-pin-meta/MID_20.md
BV1_25764	meta/muse-spark-1.3-contributor	muse-spark-1-3-contributor-or-pin-meta	MID	openrouter	muse-spark-1-3-contributor-or-pin-meta/MID_21.json	1609	/Users/danieltenner/dev/research/model-personality-corpus-v2/data/traces_freeflow/freeflow_muse-spark-1-3-contributor-or-pin-meta/MID_21.json	/Users/danieltenner/dev/research/model-personality-analysis-corpus/analysis/freeflow/personality-eval-bv1/outputs/muse-spark-1-3-contributor-or-pin-meta/MID_21.md
BV1_25765	meta/muse-spark-1.3-contributor	muse-spark-1-3-contributor-or-pin-meta	MID	openrouter	muse-spark-1-3-contributor-or-pin-meta/MID_22.json	1482	/Users/danieltenner/dev/research/model-personality-corpus-v2/data/traces_freeflow/freeflow_muse-spark-1-3-contributor-or-pin-meta/MID_22.json	/Users/danieltenner/dev/research/model-personality-analysis-corpus/analysis/freeflow/personality-eval-bv1/outputs/muse-spark-1-3-contributor-or-pin-meta/MID_22.md
BV1_25766	meta/muse-spark-1.3-contributor	muse-spark-1-3-contributor-or-pin-meta	MID	openrouter	muse-spark-1-3-contributor-or-pin-meta/MID_23.json	1571	/Users/danieltenner/dev/research/model-personality-corpus-v2/data/traces_freeflow/freeflow_muse-spark-1-3-contributor-or-pin-meta/MID_23.json	/Users/danieltenner/dev/research/model-personality-analysis-corpus/analysis/freeflow/personality-eval-bv1/outputs/muse-spark-1-3-contributor-or-pin-meta/MID_23.md
BV1_25767	meta/muse-spark-1.3-contributor	muse-spark-1-3-contributor-or-pin-meta	MID	openrouter	muse-spark-1-3-contributor-or-pin-meta/MID_24.json	1575	/Users/danieltenner/dev/research/model-personality-corpus-v2/data/traces_freeflow/freeflow_muse-spark-1-3-contributor-or-pin-meta/MID_24.json	/Users/danieltenner/dev/research/model-personality-analysis-corpus/analysis/freeflow/personality-eval-bv1/outputs/muse-spark-1-3-contributor-or-pin-meta/MID_24.md
BV1_25768	meta/muse-spark-1.3-contributor	muse-spark-1-3-contributor-or-pin-meta	MID	openrouter	muse-spark-1-3-contributor-or-pin-meta/MID_25.json	1613	/Users/danieltenner/dev/research/model-personality-corpus-v2/data/traces_freeflow/freeflow_muse-spark-1-3-contributor-or-pin-meta/MID_25.json	/Users/danieltenner/dev/research/model-personality-analysis-corpus/analysis/freeflow/personality-eval-bv1/outputs/muse-spark-1-3-contributor-or-pin-meta/MID_25.md
BV1_25769	meta/muse-spark-1.3-contributor	muse-spark-1-3-contributor-or-pin-meta	MID	openrouter	muse-spark-1-3-contributor-or-pin-meta/MID_3.json	1680	/Users/danieltenner/dev/research/model-personality-corpus-v2/data/traces_freeflow/freeflow_muse-spark-1-3-contributor-or-pin-meta/MID_3.json	/Users/danieltenner/dev/research/model-personality-analysis-corpus/analysis/freeflow/personality-eval-bv1/outputs/muse-spark-1-3-contributor-or-pin-meta/MID_3.md
BV1_25770	meta/muse-spark-1.3-contributor	muse-spark-1-3-contributor-or-pin-meta	MID	openrouter	muse-spark-1-3-contributor-or-pin-meta/MID_4.json	1439	/Users/danieltenner/dev/research/model-personality-corpus-v2/data/traces_freeflow/freeflow_muse-spark-1-3-contributor-or-pin-meta/MID_4.json	/Users/danieltenner/dev/research/model-personality-analysis-corpus/analysis/freeflow/personality-eval-bv1/outputs/muse-spark-1-3-contributor-or-pin-meta/MID_4.md
BV1_25771	meta/muse-spark-1.3-contributor	muse-spark-1-3-contributor-or-pin-meta	MID	openrouter	muse-spark-1-3-contributor-or-pin-meta/MID_5.json	1486	/Users/danieltenner/dev/research/model-personality-corpus-v2/data/traces_freeflow/freeflow_muse-spark-1-3-contributor-or-pin-meta/MID_5.json	/Users/danieltenner/dev/research/model-personality-analysis-corpus/analysis/freeflow/personality-eval-bv1/outputs/muse-spark-1-3-contributor-or-pin-meta/MID_5.md
BV1_25772	meta/muse-spark-1.3-contributor	muse-spark-1-3-contributor-or-pin-meta	MID	openrouter	muse-spark-1-3-contributor-or-pin-meta/MID_6.json	1786	/Users/danieltenner/dev/research/model-personality-corpus-v2/data/traces_freeflow/freeflow_muse-spark-1-3-contributor-or-pin-meta/MID_6.json	/Users/danieltenner/dev/research/model-personality-analysis-corpus/analysis/freeflow/personality-eval-bv1/outputs/muse-spark-1-3-contributor-or-pin-meta/MID_6.md
BV1_25773	meta/muse-spark-1.3-contributor	muse-spark-1-3-contributor-or-pin-meta	MID	openrouter	muse-spark-1-3-contributor-or-pin-meta/MID_7.json	1759	/Users/danieltenner/dev/research/model-personality-corpus-v2/data/traces_freeflow/freeflow_muse-spark-1-3-contributor-or-pin-meta/MID_7.json	/Users/danieltenner/dev/research/model-personality-analysis-corpus/analysis/freeflow/personality-eval-bv1/outputs/muse-spark-1-3-contributor-or-pin-meta/MID_7.md
BV1_25774	meta/muse-spark-1.3-contributor	muse-spark-1-3-contributor-or-pin-meta	MID	openrouter	muse-spark-1-3-contributor-or-pin-meta/MID_8.json	1630	/Users/danieltenner/dev/research/model-personality-corpus-v2/data/traces_freeflow/freeflow_muse-spark-1-3-contributor-or-pin-meta/MID_8.json	/Users/danieltenner/dev/research/model-personality-analysis-corpus/analysis/freeflow/personality-eval-bv1/outputs/muse-spark-1-3-contributor-or-pin-meta/MID_8.md
BV1_25775	meta/muse-spark-1.3-contributor	muse-spark-1-3-contributor-or-pin-meta	MID	openrouter	muse-spark-1-3-contributor-or-pin-meta/MID_9.json	1586	/Users/danieltenner/dev/research/model-personality-corpus-v2/data/traces_freeflow/freeflow_muse-spark-1-3-contributor-or-pin-meta/MID_9.json	/Users/danieltenner/dev/research/model-personality-analysis-corpus/analysis/freeflow/personality-eval-bv1/outputs/muse-spark-1-3-contributor-or-pin-meta/MID_9.md
BV1_25776	meta/muse-spark-1.3-contributor	muse-spark-1-3-contributor-or-pin-meta	OPEN	openrouter	muse-spark-1-3-contributor-or-pin-meta/OPEN_1.json	249	/Users/danieltenner/dev/research/model-personality-corpus-v2/data/traces_freeflow/freeflow_muse-spark-1-3-contributor-or-pin-meta/OPEN_1.json	/Users/danieltenner/dev/research/model-personality-analysis-corpus/analysis/freeflow/personality-eval-bv1/outputs/muse-spark-1-3-contributor-or-pin-meta/OPEN_1.md
BV1_25777	meta/muse-spark-1.3-contributor	muse-spark-1-3-contributor-or-pin-meta	OPEN	openrouter	muse-spark-1-3-contributor-or-pin-meta/OPEN_10.json	282	/Users/danieltenner/dev/research/model-personality-corpus-v2/data/traces_freeflow/freeflow_muse-spark-1-3-contributor-or-pin-meta/OPEN_10.json	/Users/danieltenner/dev/research/model-personality-analysis-corpus/analysis/freeflow/personality-eval-bv1/outputs/muse-spark-1-3-contributor-or-pin-meta/OPEN_10.md
BV1_25778	meta/muse-spark-1.3-contributor	muse-spark-1-3-contributor-or-pin-meta	OPEN	openrouter	muse-spark-1-3-contributor-or-pin-meta/OPEN_11.json	347	/Users/danieltenner/dev/research/model-personality-corpus-v2/data/traces_freeflow/freeflow_muse-spark-1-3-contributor-or-pin-meta/OPEN_11.json	/Users/danieltenner/dev/research/model-personality-analysis-corpus/analysis/freeflow/personality-eval-bv1/outputs/muse-spark-1-3-contributor-or-pin-meta/OPEN_11.md
BV1_25779	meta/muse-spark-1.3-contributor	muse-spark-1-3-contributor-or-pin-meta	OPEN	openrouter	muse-spark-1-3-contributor-or-pin-meta/OPEN_12.json	321	/Users/danieltenner/dev/research/model-personality-corpus-v2/data/traces_freeflow/freeflow_muse-spark-1-3-contributor-or-pin-meta/OPEN_12.json	/Users/danieltenner/dev/research/model-personality-analysis-corpus/analysis/freeflow/personality-eval-bv1/outputs/muse-spark-1-3-contributor-or-pin-meta/OPEN_12.md
BV1_25780	meta/muse-spark-1.3-contributor	muse-spark-1-3-contributor-or-pin-meta	OPEN	openrouter	muse-spark-1-3-contributor-or-pin-meta/OPEN_13.json	326	/Users/danieltenner/dev/research/model-personality-corpus-v2/data/traces_freeflow/freeflow_muse-spark-1-3-contributor-or-pin-meta/OPEN_13.json	/Users/danieltenner/dev/research/model-personality-analysis-corpus/analysis/freeflow/personality-eval-bv1/outputs/muse-spark-1-3-contributor-or-pin-meta/OPEN_13.md
BV1_25781	meta/muse-spark-1.3-contributor	muse-spark-1-3-contributor-or-pin-meta	OPEN	openrouter	muse-spark-1-3-contributor-or-pin-meta/OPEN_14.json	229	/Users/danieltenner/dev/research/model-personality-corpus-v2/data/traces_freeflow/freeflow_muse-spark-1-3-contributor-or-pin-meta/OPEN_14.json	/Users/danieltenner/dev/research/model-personality-analysis-corpus/analysis/freeflow/personality-eval-bv1/outputs/muse-spark-1-3-contributor-or-pin-meta/OPEN_14.md
BV1_25782	meta/muse-spark-1.3-contributor	muse-spark-1-3-contributor-or-pin-meta	OPEN	openrouter	muse-spark-1-3-contributor-or-pin-meta/OPEN_15.json	282	/Users/danieltenner/dev/research/model-personality-corpus-v2/data/traces_freeflow/freeflow_muse-spark-1-3-contributor-or-pin-meta/OPEN_15.json	/Users/danieltenner/dev/research/model-personality-analysis-corpus/analysis/freeflow/personality-eval-bv1/outputs/muse-spark-1-3-contributor-or-pin-meta/OPEN_15.md
BV1_25783	meta/muse-spark-1.3-contributor	muse-spark-1-3-contributor-or-pin-meta	OPEN	openrouter	muse-spark-1-3-contributor-or-pin-meta/OPEN_16.json	246	/Users/danieltenner/dev/research/model-personality-corpus-v2/data/traces_freeflow/freeflow_muse-spark-1-3-contributor-or-pin-meta/OPEN_16.json	/Users/danieltenner/dev/research/model-personality-analysis-corpus/analysis/freeflow/personality-eval-bv1/outputs/muse-spark-1-3-contributor-or-pin-meta/OPEN_16.md
BV1_25784	meta/muse-spark-1.3-contributor	muse-spark-1-3-contributor-or-pin-meta	OPEN	openrouter	muse-spark-1-3-contributor-or-pin-meta/OPEN_17.json	365	/Users/danieltenner/dev/research/model-personality-corpus-v2/data/traces_freeflow/freeflow_muse-spark-1-3-contributor-or-pin-meta/OPEN_17.json	/Users/danieltenner/dev/research/model-personality-analysis-corpus/analysis/freeflow/personality-eval-bv1/outputs/muse-spark-1-3-contributor-or-pin-meta/OPEN_17.md
BV1_25785	meta/muse-spark-1.3-contributor	muse-spark-1-3-contributor-or-pin-meta	OPEN	openrouter	muse-spark-1-3-contributor-or-pin-meta/OPEN_18.json	353	/Users/danieltenner/dev/research/model-personality-corpus-v2/data/traces_freeflow/freeflow_muse-spark-1-3-contributor-or-pin-meta/OPEN_18.json	/Users/danieltenner/dev/research/model-personality-analysis-corpus/analysis/freeflow/personality-eval-bv1/outputs/muse-spark-1-3-contributor-or-pin-meta/OPEN_18.md
BV1_25786	meta/muse-spark-1.3-contributor	muse-spark-1-3-contributor-or-pin-meta	OPEN	openrouter	muse-spark-1-3-contributor-or-pin-meta/OPEN_19.json	333	/Users/danieltenner/dev/research/model-personality-corpus-v2/data/traces_freeflow/freeflow_muse-spark-1-3-contributor-or-pin-meta/OPEN_19.json	/Users/danieltenner/dev/research/model-personality-analysis-corpus/analysis/freeflow/personality-eval-bv1/outputs/muse-spark-1-3-contributor-or-pin-meta/OPEN_19.md
BV1_25787	meta/muse-spark-1.3-contributor	muse-spark-1-3-contributor-or-pin-meta	OPEN	openrouter	muse-spark-1-3-contributor-or-pin-meta/OPEN_2.json	251	/Users/danieltenner/dev/research/model-personality-corpus-v2/data/traces_freeflow/freeflow_muse-spark-1-3-contributor-or-pin-meta/OPEN_2.json	/Users/danieltenner/dev/research/model-personality-analysis-corpus/analysis/freeflow/personality-eval-bv1/outputs/muse-spark-1-3-contributor-or-pin-meta/OPEN_2.md
BV1_25788	meta/muse-spark-1.3-contributor	muse-spark-1-3-contributor-or-pin-meta	OPEN	openrouter	muse-spark-1-3-contributor-or-pin-meta/OPEN_20.json	353	/Users/danieltenner/dev/research/model-personality-corpus-v2/data/traces_freeflow/freeflow_muse-spark-1-3-contributor-or-pin-meta/OPEN_20.json	/Users/danieltenner/dev/research/model-personality-analysis-corpus/analysis/freeflow/personality-eval-bv1/outputs/muse-spark-1-3-contributor-or-pin-meta/OPEN_20.md
BV1_25789	meta/muse-spark-1.3-contributor	muse-spark-1-3-contributor-or-pin-meta	OPEN	openrouter	muse-spark-1-3-contributor-or-pin-meta/OPEN_21.json	213	/Users/danieltenner/dev/research/model-personality-corpus-v2/data/traces_freeflow/freeflow_muse-spark-1-3-contributor-or-pin-meta/OPEN_21.json	/Users/danieltenner/dev/research/model-personality-analysis-corpus/analysis/freeflow/personality-eval-bv1/outputs/muse-spark-1-3-contributor-or-pin-meta/OPEN_21.md
BV1_25790	meta/muse-spark-1.3-contributor	muse-spark-1-3-contributor-or-pin-meta	OPEN	openrouter	muse-spark-1-3-contributor-or-pin-meta/OPEN_22.json	408	/Users/danieltenner/dev/research/model-personality-corpus-v2/data/traces_freeflow/freeflow_muse-spark-1-3-contributor-or-pin-meta/OPEN_22.json	/Users/danieltenner/dev/research/model-personality-analysis-corpus/analysis/freeflow/personality-eval-bv1/outputs/muse-spark-1-3-contributor-or-pin-meta/OPEN_22.md
BV1_25791	meta/muse-spark-1.3-contributor	muse-spark-1-3-contributor-or-pin-meta	OPEN	openrouter	muse-spark-1-3-contributor-or-pin-meta/OPEN_23.json	236	/Users/danieltenner/dev/research/model-personality-corpus-v2/data/traces_freeflow/freeflow_muse-spark-1-3-contributor-or-pin-meta/OPEN_23.json	/Users/danieltenner/dev/research/model-personality-analysis-corpus/analysis/freeflow/personality-eval-bv1/outputs/muse-spark-1-3-contributor-or-pin-meta/OPEN_23.md
BV1_25792	meta/muse-spark-1.3-contributor	muse-spark-1-3-contributor-or-pin-meta	OPEN	openrouter	muse-spark-1-3-contributor-or-pin-meta/OPEN_24.json	409	/Users/danieltenner/dev/research/model-personality-corpus-v2/data/traces_freeflow/freeflow_muse-spark-1-3-contributor-or-pin-meta/OPEN_24.json	/Users/danieltenner/dev/research/model-personality-analysis-corpus/analysis/freeflow/personality-eval-bv1/outputs/muse-spark-1-3-contributor-or-pin-meta/OPEN_24.md
BV1_25793	meta/muse-spark-1.3-contributor	muse-spark-1-3-contributor-or-pin-meta	OPEN	openrouter	muse-spark-1-3-contributor-or-pin-meta/OPEN_25.json	269	/Users/danieltenner/dev/research/model-personality-corpus-v2/data/traces_freeflow/freeflow_muse-spark-1-3-contributor-or-pin-meta/OPEN_25.json	/Users/danieltenner/dev/research/model-personality-analysis-corpus/analysis/freeflow/personality-eval-bv1/outputs/muse-spark-1-3-contributor-or-pin-meta/OPEN_25.md
BV1_25794	meta/muse-spark-1.3-contributor	muse-spark-1-3-contributor-or-pin-meta	OPEN	openrouter	muse-spark-1-3-contributor-or-pin-meta/OPEN_3.json	418	/Users/danieltenner/dev/research/model-personality-corpus-v2/data/traces_freeflow/freeflow_muse-spark-1-3-contributor-or-pin-meta/OPEN_3.json	/Users/danieltenner/dev/research/model-personality-analysis-corpus/analysis/freeflow/personality-eval-bv1/outputs/muse-spark-1-3-contributor-or-pin-meta/OPEN_3.md
BV1_25795	meta/muse-spark-1.3-contributor	muse-spark-1-3-contributor-or-pin-meta	OPEN	openrouter	muse-spark-1-3-contributor-or-pin-meta/OPEN_4.json	267	/Users/danieltenner/dev/research/model-personality-corpus-v2/data/traces_freeflow/freeflow_muse-spark-1-3-contributor-or-pin-meta/OPEN_4.json	/Users/danieltenner/dev/research/model-personality-analysis-corpus/analysis/freeflow/personality-eval-bv1/outputs/muse-spark-1-3-contributor-or-pin-meta/OPEN_4.md
BV1_25796	meta/muse-spark-1.3-contributor	muse-spark-1-3-contributor-or-pin-meta	OPEN	openrouter	muse-spark-1-3-contributor-or-pin-meta/OPEN_5.json	336	/Users/danieltenner/dev/research/model-personality-corpus-v2/data/traces_freeflow/freeflow_muse-spark-1-3-contributor-or-pin-meta/OPEN_5.json	/Users/danieltenner/dev/research/model-personality-analysis-corpus/analysis/freeflow/personality-eval-bv1/outputs/muse-spark-1-3-contributor-or-pin-meta/OPEN_5.md
BV1_25797	meta/muse-spark-1.3-contributor	muse-spark-1-3-contributor-or-pin-meta	OPEN	openrouter	muse-spark-1-3-contributor-or-pin-meta/OPEN_6.json	377	/Users/danieltenner/dev/research/model-personality-corpus-v2/data/traces_freeflow/freeflow_muse-spark-1-3-contributor-or-pin-meta/OPEN_6.json	/Users/danieltenner/dev/research/model-personality-analysis-corpus/analysis/freeflow/personality-eval-bv1/outputs/muse-spark-1-3-contributor-or-pin-meta/OPEN_6.md
BV1_25798	meta/muse-spark-1.3-contributor	muse-spark-1-3-contributor-or-pin-meta	OPEN	openrouter	muse-spark-1-3-contributor-or-pin-meta/OPEN_7.json	281	/Users/danieltenner/dev/research/model-personality-corpus-v2/data/traces_freeflow/freeflow_muse-spark-1-3-contributor-or-pin-meta/OPEN_7.json	/Users/danieltenner/dev/research/model-personality-analysis-corpus/analysis/freeflow/personality-eval-bv1/outputs/muse-spark-1-3-contributor-or-pin-meta/OPEN_7.md
BV1_25799	meta/muse-spark-1.3-contributor	muse-spark-1-3-contributor-or-pin-meta	OPEN	openrouter	muse-spark-1-3-contributor-or-pin-meta/OPEN_8.json	270	/Users/danieltenner/dev/research/model-personality-corpus-v2/data/traces_freeflow/freeflow_muse-spark-1-3-contributor-or-pin-meta/OPEN_8.json	/Users/danieltenner/dev/research/model-personality-analysis-corpus/analysis/freeflow/personality-eval-bv1/outputs/muse-spark-1-3-contributor-or-pin-meta/OPEN_8.md
BV1_25800	meta/muse-spark-1.3-contributor	muse-spark-1-3-contributor-or-pin-meta	OPEN	openrouter	muse-spark-1-3-contributor-or-pin-meta/OPEN_9.json	215	/Users/danieltenner/dev/research/model-personality-corpus-v2/data/traces_freeflow/freeflow_muse-spark-1-3-contributor-or-pin-meta/OPEN_9.json	/Users/danieltenner/dev/research/model-personality-analysis-corpus/analysis/freeflow/personality-eval-bv1/outputs/muse-spark-1-3-contributor-or-pin-meta/OPEN_9.md
BV1_25801	meta/muse-spark-1.3-contributor	muse-spark-1-3-contributor-or-pin-meta	SHORT	openrouter	muse-spark-1-3-contributor-or-pin-meta/SHORT_1.json	250	/Users/danieltenner/dev/research/model-personality-corpus-v2/data/traces_freeflow/freeflow_muse-spark-1-3-contributor-or-pin-meta/SHORT_1.json	/Users/danieltenner/dev/research/model-personality-analysis-corpus/analysis/freeflow/personality-eval-bv1/outputs/muse-spark-1-3-contributor-or-pin-meta/SHORT_1.md
BV1_25802	meta/muse-spark-1.3-contributor	muse-spark-1-3-contributor-or-pin-meta	SHORT	openrouter	muse-spark-1-3-contributor-or-pin-meta/SHORT_10.json	250	/Users/danieltenner/dev/research/model-personality-corpus-v2/data/traces_freeflow/freeflow_muse-spark-1-3-contributor-or-pin-meta/SHORT_10.json	/Users/danieltenner/dev/research/model-personality-analysis-corpus/analysis/freeflow/personality-eval-bv1/outputs/muse-spark-1-3-contributor-or-pin-meta/SHORT_10.md
BV1_25803	meta/muse-spark-1.3-contributor	muse-spark-1-3-contributor-or-pin-meta	SHORT	openrouter	muse-spark-1-3-contributor-or-pin-meta/SHORT_11.json	251	/Users/danieltenner/dev/research/model-personality-corpus-v2/data/traces_freeflow/freeflow_muse-spark-1-3-contributor-or-pin-meta/SHORT_11.json	/Users/danieltenner/dev/research/model-personality-analysis-corpus/analysis/freeflow/personality-eval-bv1/outputs/muse-spark-1-3-contributor-or-pin-meta/SHORT_11.md
BV1_25804	meta/muse-spark-1.3-contributor	muse-spark-1-3-contributor-or-pin-meta	SHORT	openrouter	muse-spark-1-3-contributor-or-pin-meta/SHORT_12.json	250	/Users/danieltenner/dev/research/model-personality-corpus-v2/data/traces_freeflow/freeflow_muse-spark-1-3-contributor-or-pin-meta/SHORT_12.json	/Users/danieltenner/dev/research/model-personality-analysis-corpus/analysis/freeflow/personality-eval-bv1/outputs/muse-spark-1-3-contributor-or-pin-meta/SHORT_12.md
BV1_25805	meta/muse-spark-1.3-contributor	muse-spark-1-3-contributor-or-pin-meta	SHORT	openrouter	muse-spark-1-3-contributor-or-pin-meta/SHORT_13.json	250	/Users/danieltenner/dev/research/model-personality-corpus-v2/data/traces_freeflow/freeflow_muse-spark-1-3-contributor-or-pin-meta/SHORT_13.json	/Users/danieltenner/dev/research/model-personality-analysis-corpus/analysis/freeflow/personality-eval-bv1/outputs/muse-spark-1-3-contributor-or-pin-meta/SHORT_13.md
BV1_25806	meta/muse-spark-1.3-contributor	muse-spark-1-3-contributor-or-pin-meta	SHORT	openrouter	muse-spark-1-3-contributor-or-pin-meta/SHORT_14.json	251	/Users/danieltenner/dev/research/model-personality-corpus-v2/data/traces_freeflow/freeflow_muse-spark-1-3-contributor-or-pin-meta/SHORT_14.json	/Users/danieltenner/dev/research/model-personality-analysis-corpus/analysis/freeflow/personality-eval-bv1/outputs/muse-spark-1-3-contributor-or-pin-meta/SHORT_14.md
BV1_25807	meta/muse-spark-1.3-contributor	muse-spark-1-3-contributor-or-pin-meta	SHORT	openrouter	muse-spark-1-3-contributor-or-pin-meta/SHORT_15.json	250	/Users/danieltenner/dev/research/model-personality-corpus-v2/data/traces_freeflow/freeflow_muse-spark-1-3-contributor-or-pin-meta/SHORT_15.json	/Users/danieltenner/dev/research/model-personality-analysis-corpus/analysis/freeflow/personality-eval-bv1/outputs/muse-spark-1-3-contributor-or-pin-meta/SHORT_15.md
BV1_25808	meta/muse-spark-1.3-contributor	muse-spark-1-3-contributor-or-pin-meta	SHORT	openrouter	muse-spark-1-3-contributor-or-pin-meta/SHORT_16.json	250	/Users/danieltenner/dev/research/model-personality-corpus-v2/data/traces_freeflow/freeflow_muse-spark-1-3-contributor-or-pin-meta/SHORT_16.json	/Users/danieltenner/dev/research/model-personality-analysis-corpus/analysis/freeflow/personality-eval-bv1/outputs/muse-spark-1-3-contributor-or-pin-meta/SHORT_16.md
BV1_25809	meta/muse-spark-1.3-contributor	muse-spark-1-3-contributor-or-pin-meta	SHORT	openrouter	muse-spark-1-3-contributor-or-pin-meta/SHORT_17.json	250	/Users/danieltenner/dev/research/model-personality-corpus-v2/data/traces_freeflow/freeflow_muse-spark-1-3-contributor-or-pin-meta/SHORT_17.json	/Users/danieltenner/dev/research/model-personality-analysis-corpus/analysis/freeflow/personality-eval-bv1/outputs/muse-spark-1-3-contributor-or-pin-meta/SHORT_17.md
BV1_25810	meta/muse-spark-1.3-contributor	muse-spark-1-3-contributor-or-pin-meta	SHORT	openrouter	muse-spark-1-3-contributor-or-pin-meta/SHORT_18.json	250	/Users/danieltenner/dev/research/model-personality-corpus-v2/data/traces_freeflow/freeflow_muse-spark-1-3-contributor-or-pin-meta/SHORT_18.json	/Users/danieltenner/dev/research/model-personality-analysis-corpus/analysis/freeflow/personality-eval-bv1/outputs/muse-spark-1-3-contributor-or-pin-meta/SHORT_18.md
BV1_25811	meta/muse-spark-1.3-contributor	muse-spark-1-3-contributor-or-pin-meta	SHORT	openrouter	muse-spark-1-3-contributor-or-pin-meta/SHORT_19.json	250	/Users/danieltenner/dev/research/model-personality-corpus-v2/data/traces_freeflow/freeflow_muse-spark-1-3-contributor-or-pin-meta/SHORT_19.json	/Users/danieltenner/dev/research/model-personality-analysis-corpus/analysis/freeflow/personality-eval-bv1/outputs/muse-spark-1-3-contributor-or-pin-meta/SHORT_19.md
BV1_25812	meta/muse-spark-1.3-contributor	muse-spark-1-3-contributor-or-pin-meta	SHORT	openrouter	muse-spark-1-3-contributor-or-pin-meta/SHORT_2.json	250	/Users/danieltenner/dev/research/model-personality-corpus-v2/data/traces_freeflow/freeflow_muse-spark-1-3-contributor-or-pin-meta/SHORT_2.json	/Users/danieltenner/dev/research/model-personality-analysis-corpus/analysis/freeflow/personality-eval-bv1/outputs/muse-spark-1-3-contributor-or-pin-meta/SHORT_2.md
BV1_25813	meta/muse-spark-1.3-contributor	muse-spark-1-3-contributor-or-pin-meta	SHORT	openrouter	muse-spark-1-3-contributor-or-pin-meta/SHORT_20.json	250	/Users/danieltenner/dev/research/model-personality-corpus-v2/data/traces_freeflow/freeflow_muse-spark-1-3-contributor-or-pin-meta/SHORT_20.json	/Users/danieltenner/dev/research/model-personality-analysis-corpus/analysis/freeflow/personality-eval-bv1/outputs/muse-spark-1-3-contributor-or-pin-meta/SHORT_20.md
BV1_25814	meta/muse-spark-1.3-contributor	muse-spark-1-3-contributor-or-pin-meta	SHORT	openrouter	muse-spark-1-3-contributor-or-pin-meta/SHORT_21.json	251	/Users/danieltenner/dev/research/model-personality-corpus-v2/data/traces_freeflow/freeflow_muse-spark-1-3-contributor-or-pin-meta/SHORT_21.json	/Users/danieltenner/dev/research/model-personality-analysis-corpus/analysis/freeflow/personality-eval-bv1/outputs/muse-spark-1-3-contributor-or-pin-meta/SHORT_21.md
BV1_25815	meta/muse-spark-1.3-contributor	muse-spark-1-3-contributor-or-pin-meta	SHORT	openrouter	muse-spark-1-3-contributor-or-pin-meta/SHORT_22.json	250	/Users/danieltenner/dev/research/model-personality-corpus-v2/data/traces_freeflow/freeflow_muse-spark-1-3-contributor-or-pin-meta/SHORT_22.json	/Users/danieltenner/dev/research/model-personality-analysis-corpus/analysis/freeflow/personality-eval-bv1/outputs/muse-spark-1-3-contributor-or-pin-meta/SHORT_22.md
BV1_25816	meta/muse-spark-1.3-contributor	muse-spark-1-3-contributor-or-pin-meta	SHORT	openrouter	muse-spark-1-3-contributor-or-pin-meta/SHORT_23.json	250	/Users/danieltenner/dev/research/model-personality-corpus-v2/data/traces_freeflow/freeflow_muse-spark-1-3-contributor-or-pin-meta/SHORT_23.json	/Users/danieltenner/dev/research/model-personality-analysis-corpus/analysis/freeflow/personality-eval-bv1/outputs/muse-spark-1-3-contributor-or-pin-meta/SHORT_23.md
BV1_25817	meta/muse-spark-1.3-contributor	muse-spark-1-3-contributor-or-pin-meta	SHORT	openrouter	muse-spark-1-3-contributor-or-pin-meta/SHORT_24.json	250	/Users/danieltenner/dev/research/model-personality-corpus-v2/data/traces_freeflow/freeflow_muse-spark-1-3-contributor-or-pin-meta/SHORT_24.json	/Users/danieltenner/dev/research/model-personality-analysis-corpus/analysis/freeflow/personality-eval-bv1/outputs/muse-spark-1-3-contributor-or-pin-meta/SHORT_24.md
BV1_25818	meta/muse-spark-1.3-contributor	muse-spark-1-3-contributor-or-pin-meta	SHORT	openrouter	muse-spark-1-3-contributor-or-pin-meta/SHORT_25.json	250	/Users/danieltenner/dev/research/model-personality-corpus-v2/data/traces_freeflow/freeflow_muse-spark-1-3-contributor-or-pin-meta/SHORT_25.json	/Users/danieltenner/dev/research/model-personality-analysis-corpus/analysis/freeflow/personality-eval-bv1/outputs/muse-spark-1-3-contributor-or-pin-meta/SHORT_25.md
BV1_25819	meta/muse-spark-1.3-contributor	muse-spark-1-3-contributor-or-pin-meta	SHORT	openrouter	muse-spark-1-3-contributor-or-pin-meta/SHORT_3.json	250	/Users/danieltenner/dev/research/model-personality-corpus-v2/data/traces_freeflow/freeflow_muse-spark-1-3-contributor-or-pin-meta/SHORT_3.json	/Users/danieltenner/dev/research/model-personality-analysis-corpus/analysis/freeflow/personality-eval-bv1/outputs/muse-spark-1-3-contributor-or-pin-meta/SHORT_3.md
BV1_25820	meta/muse-spark-1.3-contributor	muse-spark-1-3-contributor-or-pin-meta	SHORT	openrouter	muse-spark-1-3-contributor-or-pin-meta/SHORT_4.json	250	/Users/danieltenner/dev/research/model-personality-corpus-v2/data/traces_freeflow/freeflow_muse-spark-1-3-contributor-or-pin-meta/SHORT_4.json	/Users/danieltenner/dev/research/model-personality-analysis-corpus/analysis/freeflow/personality-eval-bv1/outputs/muse-spark-1-3-contributor-or-pin-meta/SHORT_4.md
BV1_25821	meta/muse-spark-1.3-contributor	muse-spark-1-3-contributor-or-pin-meta	SHORT	openrouter	muse-spark-1-3-contributor-or-pin-meta/SHORT_5.json	250	/Users/danieltenner/dev/research/model-personality-corpus-v2/data/traces_freeflow/freeflow_muse-spark-1-3-contributor-or-pin-meta/SHORT_5.json	/Users/danieltenner/dev/research/model-personality-analysis-corpus/analysis/freeflow/personality-eval-bv1/outputs/muse-spark-1-3-contributor-or-pin-meta/SHORT_5.md
BV1_25822	meta/muse-spark-1.3-contributor	muse-spark-1-3-contributor-or-pin-meta	SHORT	openrouter	muse-spark-1-3-contributor-or-pin-meta/SHORT_6.json	250	/Users/danieltenner/dev/research/model-personality-corpus-v2/data/traces_freeflow/freeflow_muse-spark-1-3-contributor-or-pin-meta/SHORT_6.json	/Users/danieltenner/dev/research/model-personality-analysis-corpus/analysis/freeflow/personality-eval-bv1/outputs/muse-spark-1-3-contributor-or-pin-meta/SHORT_6.md
BV1_25823	meta/muse-spark-1.3-contributor	muse-spark-1-3-contributor-or-pin-meta	SHORT	openrouter	muse-spark-1-3-contributor-or-pin-meta/SHORT_7.json	250	/Users/danieltenner/dev/research/model-personality-corpus-v2/data/traces_freeflow/freeflow_muse-spark-1-3-contributor-or-pin-meta/SHORT_7.json	/Users/danieltenner/dev/research/model-personality-analysis-corpus/analysis/freeflow/personality-eval-bv1/outputs/muse-spark-1-3-contributor-or-pin-meta/SHORT_7.md
BV1_25824	meta/muse-spark-1.3-contributor	muse-spark-1-3-contributor-or-pin-meta	SHORT	openrouter	muse-spark-1-3-contributor-or-pin-meta/SHORT_8.json	250	/Users/danieltenner/dev/research/model-personality-corpus-v2/data/traces_freeflow/freeflow_muse-spark-1-3-contributor-or-pin-meta/SHORT_8.json	/Users/danieltenner/dev/research/model-personality-analysis-corpus/analysis/freeflow/personality-eval-bv1/outputs/muse-spark-1-3-contributor-or-pin-meta/SHORT_8.md
BV1_25825	meta/muse-spark-1.3-contributor	muse-spark-1-3-contributor-or-pin-meta	SHORT	openrouter	muse-spark-1-3-contributor-or-pin-meta/SHORT_9.json	250	/Users/danieltenner/dev/research/model-personality-corpus-v2/data/traces_freeflow/freeflow_muse-spark-1-3-contributor-or-pin-meta/SHORT_9.json	/Users/danieltenner/dev/research/model-personality-analysis-corpus/analysis/freeflow/personality-eval-bv1/outputs/muse-spark-1-3-contributor-or-pin-meta/SHORT_9.md
BV1_25826	meta/muse-spark-1.3-contributor	muse-spark-1-3-contributor-or-pin-meta	VARY	openrouter	muse-spark-1-3-contributor-or-pin-meta/VARY_1.json	521	/Users/danieltenner/dev/research/model-personality-corpus-v2/data/traces_freeflow/freeflow_muse-spark-1-3-contributor-or-pin-meta/VARY_1.json	/Users/danieltenner/dev/research/model-personality-analysis-corpus/analysis/freeflow/personality-eval-bv1/outputs/muse-spark-1-3-contributor-or-pin-meta/VARY_1.md
BV1_25827	meta/muse-spark-1.3-contributor	muse-spark-1-3-contributor-or-pin-meta	VARY	openrouter	muse-spark-1-3-contributor-or-pin-meta/VARY_10.json	679	/Users/danieltenner/dev/research/model-personality-corpus-v2/data/traces_freeflow/freeflow_muse-spark-1-3-contributor-or-pin-meta/VARY_10.json	/Users/danieltenner/dev/research/model-personality-analysis-corpus/analysis/freeflow/personality-eval-bv1/outputs/muse-spark-1-3-contributor-or-pin-meta/VARY_10.md
BV1_25828	meta/muse-spark-1.3-contributor	muse-spark-1-3-contributor-or-pin-meta	VARY	openrouter	muse-spark-1-3-contributor-or-pin-meta/VARY_11.json	1000	/Users/danieltenner/dev/research/model-personality-corpus-v2/data/traces_freeflow/freeflow_muse-spark-1-3-contributor-or-pin-meta/VARY_11.json	/Users/danieltenner/dev/research/model-personality-analysis-corpus/analysis/freeflow/personality-eval-bv1/outputs/muse-spark-1-3-contributor-or-pin-meta/VARY_11.md
BV1_25829	meta/muse-spark-1.3-contributor	muse-spark-1-3-contributor-or-pin-meta	VARY	openrouter	muse-spark-1-3-contributor-or-pin-meta/VARY_12.json	1587	/Users/danieltenner/dev/research/model-personality-corpus-v2/data/traces_freeflow/freeflow_muse-spark-1-3-contributor-or-pin-meta/VARY_12.json	/Users/danieltenner/dev/research/model-personality-analysis-corpus/analysis/freeflow/personality-eval-bv1/outputs/muse-spark-1-3-contributor-or-pin-meta/VARY_12.md
BV1_25830	meta/muse-spark-1.3-contributor	muse-spark-1-3-contributor-or-pin-meta	VARY	openrouter	muse-spark-1-3-contributor-or-pin-meta/VARY_13.json	592	/Users/danieltenner/dev/research/model-personality-corpus-v2/data/traces_freeflow/freeflow_muse-spark-1-3-contributor-or-pin-meta/VARY_13.json	/Users/danieltenner/dev/research/model-personality-analysis-corpus/analysis/freeflow/personality-eval-bv1/outputs/muse-spark-1-3-contributor-or-pin-meta/VARY_13.md
BV1_25831	meta/muse-spark-1.3-contributor	muse-spark-1-3-contributor-or-pin-meta	VARY	openrouter	muse-spark-1-3-contributor-or-pin-meta/VARY_14.json	815	/Users/danieltenner/dev/research/model-personality-corpus-v2/data/traces_freeflow/freeflow_muse-spark-1-3-contributor-or-pin-meta/VARY_14.json	/Users/danieltenner/dev/research/model-personality-analysis-corpus/analysis/freeflow/personality-eval-bv1/outputs/muse-spark-1-3-contributor-or-pin-meta/VARY_14.md
BV1_25832	meta/muse-spark-1.3-contributor	muse-spark-1-3-contributor-or-pin-meta	VARY	openrouter	muse-spark-1-3-contributor-or-pin-meta/VARY_15.json	1000	/Users/danieltenner/dev/research/model-personality-corpus-v2/data/traces_freeflow/freeflow_muse-spark-1-3-contributor-or-pin-meta/VARY_15.json	/Users/danieltenner/dev/research/model-personality-analysis-corpus/analysis/freeflow/personality-eval-bv1/outputs/muse-spark-1-3-contributor-or-pin-meta/VARY_15.md
BV1_25833	meta/muse-spark-1.3-contributor	muse-spark-1-3-contributor-or-pin-meta	VARY	openrouter	muse-spark-1-3-contributor-or-pin-meta/VARY_16.json	1000	/Users/danieltenner/dev/research/model-personality-corpus-v2/data/traces_freeflow/freeflow_muse-spark-1-3-contributor-or-pin-meta/VARY_16.json	/Users/danieltenner/dev/research/model-personality-analysis-corpus/analysis/freeflow/personality-eval-bv1/outputs/muse-spark-1-3-contributor-or-pin-meta/VARY_16.md
BV1_25834	meta/muse-spark-1.3-contributor	muse-spark-1-3-contributor-or-pin-meta	VARY	openrouter	muse-spark-1-3-contributor-or-pin-meta/VARY_17.json	1597	/Users/danieltenner/dev/research/model-personality-corpus-v2/data/traces_freeflow/freeflow_muse-spark-1-3-contributor-or-pin-meta/VARY_17.json	/Users/danieltenner/dev/research/model-personality-analysis-corpus/analysis/freeflow/personality-eval-bv1/outputs/muse-spark-1-3-contributor-or-pin-meta/VARY_17.md
BV1_25835	meta/muse-spark-1.3-contributor	muse-spark-1-3-contributor-or-pin-meta	VARY	openrouter	muse-spark-1-3-contributor-or-pin-meta/VARY_18.json	556	/Users/danieltenner/dev/research/model-personality-corpus-v2/data/traces_freeflow/freeflow_muse-spark-1-3-contributor-or-pin-meta/VARY_18.json	/Users/danieltenner/dev/research/model-personality-analysis-corpus/analysis/freeflow/personality-eval-bv1/outputs/muse-spark-1-3-contributor-or-pin-meta/VARY_18.md
BV1_25836	meta/muse-spark-1.3-contributor	muse-spark-1-3-contributor-or-pin-meta	VARY	openrouter	muse-spark-1-3-contributor-or-pin-meta/VARY_19.json	708	/Users/danieltenner/dev/research/model-personality-corpus-v2/data/traces_freeflow/freeflow_muse-spark-1-3-contributor-or-pin-meta/VARY_19.json	/Users/danieltenner/dev/research/model-personality-analysis-corpus/analysis/freeflow/personality-eval-bv1/outputs/muse-spark-1-3-contributor-or-pin-meta/VARY_19.md
BV1_25837	meta/muse-spark-1.3-contributor	muse-spark-1-3-contributor-or-pin-meta	VARY	openrouter	muse-spark-1-3-contributor-or-pin-meta/VARY_2.json	751	/Users/danieltenner/dev/research/model-personality-corpus-v2/data/traces_freeflow/freeflow_muse-spark-1-3-contributor-or-pin-meta/VARY_2.json	/Users/danieltenner/dev/research/model-personality-analysis-corpus/analysis/freeflow/personality-eval-bv1/outputs/muse-spark-1-3-contributor-or-pin-meta/VARY_2.md
BV1_25838	meta/muse-spark-1.3-contributor	muse-spark-1-3-contributor-or-pin-meta	VARY	openrouter	muse-spark-1-3-contributor-or-pin-meta/VARY_20.json	792	/Users/danieltenner/dev/research/model-personality-corpus-v2/data/traces_freeflow/freeflow_muse-spark-1-3-contributor-or-pin-meta/VARY_20.json	/Users/danieltenner/dev/research/model-personality-analysis-corpus/analysis/freeflow/personality-eval-bv1/outputs/muse-spark-1-3-contributor-or-pin-meta/VARY_20.md
BV1_25839	meta/muse-spark-1.3-contributor	muse-spark-1-3-contributor-or-pin-meta	VARY	openrouter	muse-spark-1-3-contributor-or-pin-meta/VARY_21.json	1000	/Users/danieltenner/dev/research/model-personality-corpus-v2/data/traces_freeflow/freeflow_muse-spark-1-3-contributor-or-pin-meta/VARY_21.json	/Users/danieltenner/dev/research/model-personality-analysis-corpus/analysis/freeflow/personality-eval-bv1/outputs/muse-spark-1-3-contributor-or-pin-meta/VARY_21.md
BV1_25840	meta/muse-spark-1.3-contributor	muse-spark-1-3-contributor-or-pin-meta	VARY	openrouter	muse-spark-1-3-contributor-or-pin-meta/VARY_22.json	1380	/Users/danieltenner/dev/research/model-personality-corpus-v2/data/traces_freeflow/freeflow_muse-spark-1-3-contributor-or-pin-meta/VARY_22.json	/Users/danieltenner/dev/research/model-personality-analysis-corpus/analysis/freeflow/personality-eval-bv1/outputs/muse-spark-1-3-contributor-or-pin-meta/VARY_22.md
BV1_25841	meta/muse-spark-1.3-contributor	muse-spark-1-3-contributor-or-pin-meta	VARY	openrouter	muse-spark-1-3-contributor-or-pin-meta/VARY_23.json	649	/Users/danieltenner/dev/research/model-personality-corpus-v2/data/traces_freeflow/freeflow_muse-spark-1-3-contributor-or-pin-meta/VARY_23.json	/Users/danieltenner/dev/research/model-personality-analysis-corpus/analysis/freeflow/personality-eval-bv1/outputs/muse-spark-1-3-contributor-or-pin-meta/VARY_23.md
BV1_25842	meta/muse-spark-1.3-contributor	muse-spark-1-3-contributor-or-pin-meta	VARY	openrouter	muse-spark-1-3-contributor-or-pin-meta/VARY_24.json	868	/Users/danieltenner/dev/research/model-personality-corpus-v2/data/traces_freeflow/freeflow_muse-spark-1-3-contributor-or-pin-meta/VARY_24.json	/Users/danieltenner/dev/research/model-personality-analysis-corpus/analysis/freeflow/personality-eval-bv1/outputs/muse-spark-1-3-contributor-or-pin-meta/VARY_24.md
BV1_25843	meta/muse-spark-1.3-contributor	muse-spark-1-3-contributor-or-pin-meta	VARY	openrouter	muse-spark-1-3-contributor-or-pin-meta/VARY_25.json	1167	/Users/danieltenner/dev/research/model-personality-corpus-v2/data/traces_freeflow/freeflow_muse-spark-1-3-contributor-or-pin-meta/VARY_25.json	/Users/danieltenner/dev/research/model-personality-analysis-corpus/analysis/freeflow/personality-eval-bv1/outputs/muse-spark-1-3-contributor-or-pin-meta/VARY_25.md
BV1_25844	meta/muse-spark-1.3-contributor	muse-spark-1-3-contributor-or-pin-meta	VARY	openrouter	muse-spark-1-3-contributor-or-pin-meta/VARY_3.json	1119	/Users/danieltenner/dev/research/model-personality-corpus-v2/data/traces_freeflow/freeflow_muse-spark-1-3-contributor-or-pin-meta/VARY_3.json	/Users/danieltenner/dev/research/model-personality-analysis-corpus/analysis/freeflow/personality-eval-bv1/outputs/muse-spark-1-3-contributor-or-pin-meta/VARY_3.md
BV1_25845	meta/muse-spark-1.3-contributor	muse-spark-1-3-contributor-or-pin-meta	VARY	openrouter	muse-spark-1-3-contributor-or-pin-meta/VARY_4.json	905	/Users/danieltenner/dev/research/model-personality-corpus-v2/data/traces_freeflow/freeflow_muse-spark-1-3-contributor-or-pin-meta/VARY_4.json	/Users/danieltenner/dev/research/model-personality-analysis-corpus/analysis/freeflow/personality-eval-bv1/outputs/muse-spark-1-3-contributor-or-pin-meta/VARY_4.md
BV1_25846	meta/muse-spark-1.3-contributor	muse-spark-1-3-contributor-or-pin-meta	VARY	openrouter	muse-spark-1-3-contributor-or-pin-meta/VARY_5.json	1196	/Users/danieltenner/dev/research/model-personality-corpus-v2/data/traces_freeflow/freeflow_muse-spark-1-3-contributor-or-pin-meta/VARY_5.json	/Users/danieltenner/dev/research/model-personality-analysis-corpus/analysis/freeflow/personality-eval-bv1/outputs/muse-spark-1-3-contributor-or-pin-meta/VARY_5.md
BV1_25847	meta/muse-spark-1.3-contributor	muse-spark-1-3-contributor-or-pin-meta	VARY	openrouter	muse-spark-1-3-contributor-or-pin-meta/VARY_6.json	628	/Users/danieltenner/dev/research/model-personality-corpus-v2/data/traces_freeflow/freeflow_muse-spark-1-3-contributor-or-pin-meta/VARY_6.json	/Users/danieltenner/dev/research/model-personality-analysis-corpus/analysis/freeflow/personality-eval-bv1/outputs/muse-spark-1-3-contributor-or-pin-meta/VARY_6.md
BV1_25848	meta/muse-spark-1.3-contributor	muse-spark-1-3-contributor-or-pin-meta	VARY	openrouter	muse-spark-1-3-contributor-or-pin-meta/VARY_7.json	656	/Users/danieltenner/dev/research/model-personality-corpus-v2/data/traces_freeflow/freeflow_muse-spark-1-3-contributor-or-pin-meta/VARY_7.json	/Users/danieltenner/dev/research/model-personality-analysis-corpus/analysis/freeflow/personality-eval-bv1/outputs/muse-spark-1-3-contributor-or-pin-meta/VARY_7.md
BV1_25849	meta/muse-spark-1.3-contributor	muse-spark-1-3-contributor-or-pin-meta	VARY	openrouter	muse-spark-1-3-contributor-or-pin-meta/VARY_8.json	716	/Users/danieltenner/dev/research/model-personality-corpus-v2/data/traces_freeflow/freeflow_muse-spark-1-3-contributor-or-pin-meta/VARY_8.json	/Users/danieltenner/dev/research/model-personality-analysis-corpus/analysis/freeflow/personality-eval-bv1/outputs/muse-spark-1-3-contributor-or-pin-meta/VARY_8.md
BV1_25850	meta/muse-spark-1.3-contributor	muse-spark-1-3-contributor-or-pin-meta	VARY	openrouter	muse-spark-1-3-contributor-or-pin-meta/VARY_9.json	1000	/Users/danieltenner/dev/research/model-personality-corpus-v2/data/traces_freeflow/freeflow_muse-spark-1-3-contributor-or-pin-meta/VARY_9.json	/Users/danieltenner/dev/research/model-personality-analysis-corpus/analysis/freeflow/personality-eval-bv1/outputs/muse-spark-1-3-contributor-or-pin-meta/VARY_9.md
BV1_25851	meta/muse-spark-1.3	muse-spark-1-3-or-pin-meta	LONG	openrouter	muse-spark-1-3-or-pin-meta/LONG_1.json	2984	/Users/danieltenner/dev/research/model-personality-corpus-v2/data/traces_freeflow/freeflow_muse-spark-1-3-or-pin-meta/LONG_1.json	/Users/danieltenner/dev/research/model-personality-analysis-corpus/analysis/freeflow/personality-eval-bv1/outputs/muse-spark-1-3-or-pin-meta/LONG_1.md
BV1_25852	meta/muse-spark-1.3	muse-spark-1-3-or-pin-meta	LONG	openrouter	muse-spark-1-3-or-pin-meta/LONG_10.json	3451	/Users/danieltenner/dev/research/model-personality-corpus-v2/data/traces_freeflow/freeflow_muse-spark-1-3-or-pin-meta/LONG_10.json	/Users/danieltenner/dev/research/model-personality-analysis-corpus/analysis/freeflow/personality-eval-bv1/outputs/muse-spark-1-3-or-pin-meta/LONG_10.md
BV1_25853	meta/muse-spark-1.3	muse-spark-1-3-or-pin-meta	LONG	openrouter	muse-spark-1-3-or-pin-meta/LONG_11.json	3450	/Users/danieltenner/dev/research/model-personality-corpus-v2/data/traces_freeflow/freeflow_muse-spark-1-3-or-pin-meta/LONG_11.json	/Users/danieltenner/dev/research/model-personality-analysis-corpus/analysis/freeflow/personality-eval-bv1/outputs/muse-spark-1-3-or-pin-meta/LONG_11.md
BV1_25854	meta/muse-spark-1.3	muse-spark-1-3-or-pin-meta	LONG	openrouter	muse-spark-1-3-or-pin-meta/LONG_12.json	3771	/Users/danieltenner/dev/research/model-personality-corpus-v2/data/traces_freeflow/freeflow_muse-spark-1-3-or-pin-meta/LONG_12.json	/Users/danieltenner/dev/research/model-personality-analysis-corpus/analysis/freeflow/personality-eval-bv1/outputs/muse-spark-1-3-or-pin-meta/LONG_12.md
BV1_25855	meta/muse-spark-1.3	muse-spark-1-3-or-pin-meta	LONG	openrouter	muse-spark-1-3-or-pin-meta/LONG_13.json	3268	/Users/danieltenner/dev/research/model-personality-corpus-v2/data/traces_freeflow/freeflow_muse-spark-1-3-or-pin-meta/LONG_13.json	/Users/danieltenner/dev/research/model-personality-analysis-corpus/analysis/freeflow/personality-eval-bv1/outputs/muse-spark-1-3-or-pin-meta/LONG_13.md
BV1_25856	meta/muse-spark-1.3	muse-spark-1-3-or-pin-meta	LONG	openrouter	muse-spark-1-3-or-pin-meta/LONG_14.json	5194	/Users/danieltenner/dev/research/model-personality-corpus-v2/data/traces_freeflow/freeflow_muse-spark-1-3-or-pin-meta/LONG_14.json	/Users/danieltenner/dev/research/model-personality-analysis-corpus/analysis/freeflow/personality-eval-bv1/outputs/muse-spark-1-3-or-pin-meta/LONG_14.md
BV1_25857	meta/muse-spark-1.3	muse-spark-1-3-or-pin-meta	LONG	openrouter	muse-spark-1-3-or-pin-meta/LONG_15.json	4345	/Users/danieltenner/dev/research/model-personality-corpus-v2/data/traces_freeflow/freeflow_muse-spark-1-3-or-pin-meta/LONG_15.json	/Users/danieltenner/dev/research/model-personality-analysis-corpus/analysis/freeflow/personality-eval-bv1/outputs/muse-spark-1-3-or-pin-meta/LONG_15.md
BV1_25858	meta/muse-spark-1.3	muse-spark-1-3-or-pin-meta	LONG	openrouter	muse-spark-1-3-or-pin-meta/LONG_16.json	3534	/Users/danieltenner/dev/research/model-personality-corpus-v2/data/traces_freeflow/freeflow_muse-spark-1-3-or-pin-meta/LONG_16.json	/Users/danieltenner/dev/research/model-personality-analysis-corpus/analysis/freeflow/personality-eval-bv1/outputs/muse-spark-1-3-or-pin-meta/LONG_16.md
BV1_25859	meta/muse-spark-1.3	muse-spark-1-3-or-pin-meta	LONG	openrouter	muse-spark-1-3-or-pin-meta/LONG_17.json	3874	/Users/danieltenner/dev/research/model-personality-corpus-v2/data/traces_freeflow/freeflow_muse-spark-1-3-or-pin-meta/LONG_17.json	/Users/danieltenner/dev/research/model-personality-analysis-corpus/analysis/freeflow/personality-eval-bv1/outputs/muse-spark-1-3-or-pin-meta/LONG_17.md
BV1_25860	meta/muse-spark-1.3	muse-spark-1-3-or-pin-meta	LONG	openrouter	muse-spark-1-3-or-pin-meta/LONG_18.json	4041	/Users/danieltenner/dev/research/model-personality-corpus-v2/data/traces_freeflow/freeflow_muse-spark-1-3-or-pin-meta/LONG_18.json	/Users/danieltenner/dev/research/model-personality-analysis-corpus/analysis/freeflow/personality-eval-bv1/outputs/muse-spark-1-3-or-pin-meta/LONG_18.md
BV1_25861	meta/muse-spark-1.3	muse-spark-1-3-or-pin-meta	LONG	openrouter	muse-spark-1-3-or-pin-meta/LONG_19.json	3830	/Users/danieltenner/dev/research/model-personality-corpus-v2/data/traces_freeflow/freeflow_muse-spark-1-3-or-pin-meta/LONG_19.json	/Users/danieltenner/dev/research/model-personality-analysis-corpus/analysis/freeflow/personality-eval-bv1/outputs/muse-spark-1-3-or-pin-meta/LONG_19.md
BV1_25862	meta/muse-spark-1.3	muse-spark-1-3-or-pin-meta	LONG	openrouter	muse-spark-1-3-or-pin-meta/LONG_2.json	3580	/Users/danieltenner/dev/research/model-personality-corpus-v2/data/traces_freeflow/freeflow_muse-spark-1-3-or-pin-meta/LONG_2.json	/Users/danieltenner/dev/research/model-personality-analysis-corpus/analysis/freeflow/personality-eval-bv1/outputs/muse-spark-1-3-or-pin-meta/LONG_2.md
BV1_25863	meta/muse-spark-1.3	muse-spark-1-3-or-pin-meta	LONG	openrouter	muse-spark-1-3-or-pin-meta/LONG_20.json	3147	/Users/danieltenner/dev/research/model-personality-corpus-v2/data/traces_freeflow/freeflow_muse-spark-1-3-or-pin-meta/LONG_20.json	/Users/danieltenner/dev/research/model-personality-analysis-corpus/analysis/freeflow/personality-eval-bv1/outputs/muse-spark-1-3-or-pin-meta/LONG_20.md
BV1_25864	meta/muse-spark-1.3	muse-spark-1-3-or-pin-meta	LONG	openrouter	muse-spark-1-3-or-pin-meta/LONG_21.json	3504	/Users/danieltenner/dev/research/model-personality-corpus-v2/data/traces_freeflow/freeflow_muse-spark-1-3-or-pin-meta/LONG_21.json	/Users/danieltenner/dev/research/model-personality-analysis-corpus/analysis/freeflow/personality-eval-bv1/outputs/muse-spark-1-3-or-pin-meta/LONG_21.md
BV1_25865	meta/muse-spark-1.3	muse-spark-1-3-or-pin-meta	LONG	openrouter	muse-spark-1-3-or-pin-meta/LONG_22.json	3349	/Users/danieltenner/dev/research/model-personality-corpus-v2/data/traces_freeflow/freeflow_muse-spark-1-3-or-pin-meta/LONG_22.json	/Users/danieltenner/dev/research/model-personality-analysis-corpus/analysis/freeflow/personality-eval-bv1/outputs/muse-spark-1-3-or-pin-meta/LONG_22.md
BV1_25866	meta/muse-spark-1.3	muse-spark-1-3-or-pin-meta	LONG	openrouter	muse-spark-1-3-or-pin-meta/LONG_23.json	3845	/Users/danieltenner/dev/research/model-personality-corpus-v2/data/traces_freeflow/freeflow_muse-spark-1-3-or-pin-meta/LONG_23.json	/Users/danieltenner/dev/research/model-personality-analysis-corpus/analysis/freeflow/personality-eval-bv1/outputs/muse-spark-1-3-or-pin-meta/LONG_23.md
BV1_25867	meta/muse-spark-1.3	muse-spark-1-3-or-pin-meta	LONG	openrouter	muse-spark-1-3-or-pin-meta/LONG_24.json	2828	/Users/danieltenner/dev/research/model-personality-corpus-v2/data/traces_freeflow/freeflow_muse-spark-1-3-or-pin-meta/LONG_24.json	/Users/danieltenner/dev/research/model-personality-analysis-corpus/analysis/freeflow/personality-eval-bv1/outputs/muse-spark-1-3-or-pin-meta/LONG_24.md
BV1_25868	meta/muse-spark-1.3	muse-spark-1-3-or-pin-meta	LONG	openrouter	muse-spark-1-3-or-pin-meta/LONG_25.json	3793	/Users/danieltenner/dev/research/model-personality-corpus-v2/data/traces_freeflow/freeflow_muse-spark-1-3-or-pin-meta/LONG_25.json	/Users/danieltenner/dev/research/model-personality-analysis-corpus/analysis/freeflow/personality-eval-bv1/outputs/muse-spark-1-3-or-pin-meta/LONG_25.md
BV1_25869	meta/muse-spark-1.3	muse-spark-1-3-or-pin-meta	LONG	openrouter	muse-spark-1-3-or-pin-meta/LONG_3.json	3112	/Users/danieltenner/dev/research/model-personality-corpus-v2/data/traces_freeflow/freeflow_muse-spark-1-3-or-pin-meta/LONG_3.json	/Users/danieltenner/dev/research/model-personality-analysis-corpus/analysis/freeflow/personality-eval-bv1/outputs/muse-spark-1-3-or-pin-meta/LONG_3.md
BV1_25870	meta/muse-spark-1.3	muse-spark-1-3-or-pin-meta	LONG	openrouter	muse-spark-1-3-or-pin-meta/LONG_4.json	4084	/Users/danieltenner/dev/research/model-personality-corpus-v2/data/traces_freeflow/freeflow_muse-spark-1-3-or-pin-meta/LONG_4.json	/Users/danieltenner/dev/research/model-personality-analysis-corpus/analysis/freeflow/personality-eval-bv1/outputs/muse-spark-1-3-or-pin-meta/LONG_4.md
BV1_25871	meta/muse-spark-1.3	muse-spark-1-3-or-pin-meta	LONG	openrouter	muse-spark-1-3-or-pin-meta/LONG_5.json	3466	/Users/danieltenner/dev/research/model-personality-corpus-v2/data/traces_freeflow/freeflow_muse-spark-1-3-or-pin-meta/LONG_5.json	/Users/danieltenner/dev/research/model-personality-analysis-corpus/analysis/freeflow/personality-eval-bv1/outputs/muse-spark-1-3-or-pin-meta/LONG_5.md
BV1_25872	meta/muse-spark-1.3	muse-spark-1-3-or-pin-meta	LONG	openrouter	muse-spark-1-3-or-pin-meta/LONG_6.json	3442	/Users/danieltenner/dev/research/model-personality-corpus-v2/data/traces_freeflow/freeflow_muse-spark-1-3-or-pin-meta/LONG_6.json	/Users/danieltenner/dev/research/model-personality-analysis-corpus/analysis/freeflow/personality-eval-bv1/outputs/muse-spark-1-3-or-pin-meta/LONG_6.md
BV1_25873	meta/muse-spark-1.3	muse-spark-1-3-or-pin-meta	LONG	openrouter	muse-spark-1-3-or-pin-meta/LONG_7.json	3167	/Users/danieltenner/dev/research/model-personality-corpus-v2/data/traces_freeflow/freeflow_muse-spark-1-3-or-pin-meta/LONG_7.json	/Users/danieltenner/dev/research/model-personality-analysis-corpus/analysis/freeflow/personality-eval-bv1/outputs/muse-spark-1-3-or-pin-meta/LONG_7.md
BV1_25874	meta/muse-spark-1.3	muse-spark-1-3-or-pin-meta	LONG	openrouter	muse-spark-1-3-or-pin-meta/LONG_8.json	2871	/Users/danieltenner/dev/research/model-personality-corpus-v2/data/traces_freeflow/freeflow_muse-spark-1-3-or-pin-meta/LONG_8.json	/Users/danieltenner/dev/research/model-personality-analysis-corpus/analysis/freeflow/personality-eval-bv1/outputs/muse-spark-1-3-or-pin-meta/LONG_8.md
BV1_25875	meta/muse-spark-1.3	muse-spark-1-3-or-pin-meta	LONG	openrouter	muse-spark-1-3-or-pin-meta/LONG_9.json	2874	/Users/danieltenner/dev/research/model-personality-corpus-v2/data/traces_freeflow/freeflow_muse-spark-1-3-or-pin-meta/LONG_9.json	/Users/danieltenner/dev/research/model-personality-analysis-corpus/analysis/freeflow/personality-eval-bv1/outputs/muse-spark-1-3-or-pin-meta/LONG_9.md
BV1_25876	meta/muse-spark-1.3	muse-spark-1-3-or-pin-meta	MID	openrouter	muse-spark-1-3-or-pin-meta/MID_1.json	1586	/Users/danieltenner/dev/research/model-personality-corpus-v2/data/traces_freeflow/freeflow_muse-spark-1-3-or-pin-meta/MID_1.json	/Users/danieltenner/dev/research/model-personality-analysis-corpus/analysis/freeflow/personality-eval-bv1/outputs/muse-spark-1-3-or-pin-meta/MID_1.md
BV1_25877	meta/muse-spark-1.3	muse-spark-1-3-or-pin-meta	MID	openrouter	muse-spark-1-3-or-pin-meta/MID_10.json	1743	/Users/danieltenner/dev/research/model-personality-corpus-v2/data/traces_freeflow/freeflow_muse-spark-1-3-or-pin-meta/MID_10.json	/Users/danieltenner/dev/research/model-personality-analysis-corpus/analysis/freeflow/personality-eval-bv1/outputs/muse-spark-1-3-or-pin-meta/MID_10.md
BV1_25878	meta/muse-spark-1.3	muse-spark-1-3-or-pin-meta	MID	openrouter	muse-spark-1-3-or-pin-meta/MID_11.json	1649	/Users/danieltenner/dev/research/model-personality-corpus-v2/data/traces_freeflow/freeflow_muse-spark-1-3-or-pin-meta/MID_11.json	/Users/danieltenner/dev/research/model-personality-analysis-corpus/analysis/freeflow/personality-eval-bv1/outputs/muse-spark-1-3-or-pin-meta/MID_11.md
BV1_25879	meta/muse-spark-1.3	muse-spark-1-3-or-pin-meta	MID	openrouter	muse-spark-1-3-or-pin-meta/MID_12.json	1898	/Users/danieltenner/dev/research/model-personality-corpus-v2/data/traces_freeflow/freeflow_muse-spark-1-3-or-pin-meta/MID_12.json	/Users/danieltenner/dev/research/model-personality-analysis-corpus/analysis/freeflow/personality-eval-bv1/outputs/muse-spark-1-3-or-pin-meta/MID_12.md
BV1_25880	meta/muse-spark-1.3	muse-spark-1-3-or-pin-meta	MID	openrouter	muse-spark-1-3-or-pin-meta/MID_13.json	1857	/Users/danieltenner/dev/research/model-personality-corpus-v2/data/traces_freeflow/freeflow_muse-spark-1-3-or-pin-meta/MID_13.json	/Users/danieltenner/dev/research/model-personality-analysis-corpus/analysis/freeflow/personality-eval-bv1/outputs/muse-spark-1-3-or-pin-meta/MID_13.md
BV1_25881	meta/muse-spark-1.3	muse-spark-1-3-or-pin-meta	MID	openrouter	muse-spark-1-3-or-pin-meta/MID_14.json	1349	/Users/danieltenner/dev/research/model-personality-corpus-v2/data/traces_freeflow/freeflow_muse-spark-1-3-or-pin-meta/MID_14.json	/Users/danieltenner/dev/research/model-personality-analysis-corpus/analysis/freeflow/personality-eval-bv1/outputs/muse-spark-1-3-or-pin-meta/MID_14.md
BV1_25882	meta/muse-spark-1.3	muse-spark-1-3-or-pin-meta	MID	openrouter	muse-spark-1-3-or-pin-meta/MID_15.json	1357	/Users/danieltenner/dev/research/model-personality-corpus-v2/data/traces_freeflow/freeflow_muse-spark-1-3-or-pin-meta/MID_15.json	/Users/danieltenner/dev/research/model-personality-analysis-corpus/analysis/freeflow/personality-eval-bv1/outputs/muse-spark-1-3-or-pin-meta/MID_15.md
BV1_25883	meta/muse-spark-1.3	muse-spark-1-3-or-pin-meta	MID	openrouter	muse-spark-1-3-or-pin-meta/MID_16.json	2011	/Users/danieltenner/dev/research/model-personality-corpus-v2/data/traces_freeflow/freeflow_muse-spark-1-3-or-pin-meta/MID_16.json	/Users/danieltenner/dev/research/model-personality-analysis-corpus/analysis/freeflow/personality-eval-bv1/outputs/muse-spark-1-3-or-pin-meta/MID_16.md
BV1_25884	meta/muse-spark-1.3	muse-spark-1-3-or-pin-meta	MID	openrouter	muse-spark-1-3-or-pin-meta/MID_17.json	1803	/Users/danieltenner/dev/research/model-personality-corpus-v2/data/traces_freeflow/freeflow_muse-spark-1-3-or-pin-meta/MID_17.json	/Users/danieltenner/dev/research/model-personality-analysis-corpus/analysis/freeflow/personality-eval-bv1/outputs/muse-spark-1-3-or-pin-meta/MID_17.md
BV1_25885	meta/muse-spark-1.3	muse-spark-1-3-or-pin-meta	MID	openrouter	muse-spark-1-3-or-pin-meta/MID_18.json	1817	/Users/danieltenner/dev/research/model-personality-corpus-v2/data/traces_freeflow/freeflow_muse-spark-1-3-or-pin-meta/MID_18.json	/Users/danieltenner/dev/research/model-personality-analysis-corpus/analysis/freeflow/personality-eval-bv1/outputs/muse-spark-1-3-or-pin-meta/MID_18.md
BV1_25886	meta/muse-spark-1.3	muse-spark-1-3-or-pin-meta	MID	openrouter	muse-spark-1-3-or-pin-meta/MID_19.json	1820	/Users/danieltenner/dev/research/model-personality-corpus-v2/data/traces_freeflow/freeflow_muse-spark-1-3-or-pin-meta/MID_19.json	/Users/danieltenner/dev/research/model-personality-analysis-corpus/analysis/freeflow/personality-eval-bv1/outputs/muse-spark-1-3-or-pin-meta/MID_19.md
BV1_25887	meta/muse-spark-1.3	muse-spark-1-3-or-pin-meta	MID	openrouter	muse-spark-1-3-or-pin-meta/MID_2.json	1576	/Users/danieltenner/dev/research/model-personality-corpus-v2/data/traces_freeflow/freeflow_muse-spark-1-3-or-pin-meta/MID_2.json	/Users/danieltenner/dev/research/model-personality-analysis-corpus/analysis/freeflow/personality-eval-bv1/outputs/muse-spark-1-3-or-pin-meta/MID_2.md
BV1_25888	meta/muse-spark-1.3	muse-spark-1-3-or-pin-meta	MID	openrouter	muse-spark-1-3-or-pin-meta/MID_20.json	1935	/Users/danieltenner/dev/research/model-personality-corpus-v2/data/traces_freeflow/freeflow_muse-spark-1-3-or-pin-meta/MID_20.json	/Users/danieltenner/dev/research/model-personality-analysis-corpus/analysis/freeflow/personality-eval-bv1/outputs/muse-spark-1-3-or-pin-meta/MID_20.md
BV1_25889	meta/muse-spark-1.3	muse-spark-1-3-or-pin-meta	MID	openrouter	muse-spark-1-3-or-pin-meta/MID_21.json	1755	/Users/danieltenner/dev/research/model-personality-corpus-v2/data/traces_freeflow/freeflow_muse-spark-1-3-or-pin-meta/MID_21.json	/Users/danieltenner/dev/research/model-personality-analysis-corpus/analysis/freeflow/personality-eval-bv1/outputs/muse-spark-1-3-or-pin-meta/MID_21.md
BV1_25890	meta/muse-spark-1.3	muse-spark-1-3-or-pin-meta	MID	openrouter	muse-spark-1-3-or-pin-meta/MID_22.json	1708	/Users/danieltenner/dev/research/model-personality-corpus-v2/data/traces_freeflow/freeflow_muse-spark-1-3-or-pin-meta/MID_22.json	/Users/danieltenner/dev/research/model-personality-analysis-corpus/analysis/freeflow/personality-eval-bv1/outputs/muse-spark-1-3-or-pin-meta/MID_22.md
BV1_25891	meta/muse-spark-1.3	muse-spark-1-3-or-pin-meta	MID	openrouter	muse-spark-1-3-or-pin-meta/MID_23.json	1868	/Users/danieltenner/dev/research/model-personality-corpus-v2/data/traces_freeflow/freeflow_muse-spark-1-3-or-pin-meta/MID_23.json	/Users/danieltenner/dev/research/model-personality-analysis-corpus/analysis/freeflow/personality-eval-bv1/outputs/muse-spark-1-3-or-pin-meta/MID_23.md
BV1_25892	meta/muse-spark-1.3	muse-spark-1-3-or-pin-meta	MID	openrouter	muse-spark-1-3-or-pin-meta/MID_24.json	1590	/Users/danieltenner/dev/research/model-personality-corpus-v2/data/traces_freeflow/freeflow_muse-spark-1-3-or-pin-meta/MID_24.json	/Users/danieltenner/dev/research/model-personality-analysis-corpus/analysis/freeflow/personality-eval-bv1/outputs/muse-spark-1-3-or-pin-meta/MID_24.md
BV1_25893	meta/muse-spark-1.3	muse-spark-1-3-or-pin-meta	MID	openrouter	muse-spark-1-3-or-pin-meta/MID_25.json	1655	/Users/danieltenner/dev/research/model-personality-corpus-v2/data/traces_freeflow/freeflow_muse-spark-1-3-or-pin-meta/MID_25.json	/Users/danieltenner/dev/research/model-personality-analysis-corpus/analysis/freeflow/personality-eval-bv1/outputs/muse-spark-1-3-or-pin-meta/MID_25.md
BV1_25894	meta/muse-spark-1.3	muse-spark-1-3-or-pin-meta	MID	openrouter	muse-spark-1-3-or-pin-meta/MID_3.json	1854	/Users/danieltenner/dev/research/model-personality-corpus-v2/data/traces_freeflow/freeflow_muse-spark-1-3-or-pin-meta/MID_3.json	/Users/danieltenner/dev/research/model-personality-analysis-corpus/analysis/freeflow/personality-eval-bv1/outputs/muse-spark-1-3-or-pin-meta/MID_3.md
BV1_25895	meta/muse-spark-1.3	muse-spark-1-3-or-pin-meta	MID	openrouter	muse-spark-1-3-or-pin-meta/MID_4.json	1564	/Users/danieltenner/dev/research/model-personality-corpus-v2/data/traces_freeflow/freeflow_muse-spark-1-3-or-pin-meta/MID_4.json	/Users/danieltenner/dev/research/model-personality-analysis-corpus/analysis/freeflow/personality-eval-bv1/outputs/muse-spark-1-3-or-pin-meta/MID_4.md
BV1_25896	meta/muse-spark-1.3	muse-spark-1-3-or-pin-meta	MID	openrouter	muse-spark-1-3-or-pin-meta/MID_5.json	1432	/Users/danieltenner/dev/research/model-personality-corpus-v2/data/traces_freeflow/freeflow_muse-spark-1-3-or-pin-meta/MID_5.json	/Users/danieltenner/dev/research/model-personality-analysis-corpus/analysis/freeflow/personality-eval-bv1/outputs/muse-spark-1-3-or-pin-meta/MID_5.md
BV1_25897	meta/muse-spark-1.3	muse-spark-1-3-or-pin-meta	MID	openrouter	muse-spark-1-3-or-pin-meta/MID_6.json	1809	/Users/danieltenner/dev/research/model-personality-corpus-v2/data/traces_freeflow/freeflow_muse-spark-1-3-or-pin-meta/MID_6.json	/Users/danieltenner/dev/research/model-personality-analysis-corpus/analysis/freeflow/personality-eval-bv1/outputs/muse-spark-1-3-or-pin-meta/MID_6.md
BV1_25898	meta/muse-spark-1.3	muse-spark-1-3-or-pin-meta	MID	openrouter	muse-spark-1-3-or-pin-meta/MID_7.json	1004	/Users/danieltenner/dev/research/model-personality-corpus-v2/data/traces_freeflow/freeflow_muse-spark-1-3-or-pin-meta/MID_7.json	/Users/danieltenner/dev/research/model-personality-analysis-corpus/analysis/freeflow/personality-eval-bv1/outputs/muse-spark-1-3-or-pin-meta/MID_7.md
BV1_25899	meta/muse-spark-1.3	muse-spark-1-3-or-pin-meta	MID	openrouter	muse-spark-1-3-or-pin-meta/MID_8.json	1607	/Users/danieltenner/dev/research/model-personality-corpus-v2/data/traces_freeflow/freeflow_muse-spark-1-3-or-pin-meta/MID_8.json	/Users/danieltenner/dev/research/model-personality-analysis-corpus/analysis/freeflow/personality-eval-bv1/outputs/muse-spark-1-3-or-pin-meta/MID_8.md
BV1_25900	meta/muse-spark-1.3	muse-spark-1-3-or-pin-meta	MID	openrouter	muse-spark-1-3-or-pin-meta/MID_9.json	1796	/Users/danieltenner/dev/research/model-personality-corpus-v2/data/traces_freeflow/freeflow_muse-spark-1-3-or-pin-meta/MID_9.json	/Users/danieltenner/dev/research/model-personality-analysis-corpus/analysis/freeflow/personality-eval-bv1/outputs/muse-spark-1-3-or-pin-meta/MID_9.md
BV1_25901	meta/muse-spark-1.3	muse-spark-1-3-or-pin-meta	OPEN	openrouter	muse-spark-1-3-or-pin-meta/OPEN_1.json	268	/Users/danieltenner/dev/research/model-personality-corpus-v2/data/traces_freeflow/freeflow_muse-spark-1-3-or-pin-meta/OPEN_1.json	/Users/danieltenner/dev/research/model-personality-analysis-corpus/analysis/freeflow/personality-eval-bv1/outputs/muse-spark-1-3-or-pin-meta/OPEN_1.md
BV1_25902	meta/muse-spark-1.3	muse-spark-1-3-or-pin-meta	OPEN	openrouter	muse-spark-1-3-or-pin-meta/OPEN_10.json	238	/Users/danieltenner/dev/research/model-personality-corpus-v2/data/traces_freeflow/freeflow_muse-spark-1-3-or-pin-meta/OPEN_10.json	/Users/danieltenner/dev/research/model-personality-analysis-corpus/analysis/freeflow/personality-eval-bv1/outputs/muse-spark-1-3-or-pin-meta/OPEN_10.md
BV1_25903	meta/muse-spark-1.3	muse-spark-1-3-or-pin-meta	OPEN	openrouter	muse-spark-1-3-or-pin-meta/OPEN_11.json	256	/Users/danieltenner/dev/research/model-personality-corpus-v2/data/traces_freeflow/freeflow_muse-spark-1-3-or-pin-meta/OPEN_11.json	/Users/danieltenner/dev/research/model-personality-analysis-corpus/analysis/freeflow/personality-eval-bv1/outputs/muse-spark-1-3-or-pin-meta/OPEN_11.md
BV1_25904	meta/muse-spark-1.3	muse-spark-1-3-or-pin-meta	OPEN	openrouter	muse-spark-1-3-or-pin-meta/OPEN_12.json	349	/Users/danieltenner/dev/research/model-personality-corpus-v2/data/traces_freeflow/freeflow_muse-spark-1-3-or-pin-meta/OPEN_12.json	/Users/danieltenner/dev/research/model-personality-analysis-corpus/analysis/freeflow/personality-eval-bv1/outputs/muse-spark-1-3-or-pin-meta/OPEN_12.md
BV1_25905	meta/muse-spark-1.3	muse-spark-1-3-or-pin-meta	OPEN	openrouter	muse-spark-1-3-or-pin-meta/OPEN_13.json	289	/Users/danieltenner/dev/research/model-personality-corpus-v2/data/traces_freeflow/freeflow_muse-spark-1-3-or-pin-meta/OPEN_13.json	/Users/danieltenner/dev/research/model-personality-analysis-corpus/analysis/freeflow/personality-eval-bv1/outputs/muse-spark-1-3-or-pin-meta/OPEN_13.md
BV1_25906	meta/muse-spark-1.3	muse-spark-1-3-or-pin-meta	OPEN	openrouter	muse-spark-1-3-or-pin-meta/OPEN_14.json	203	/Users/danieltenner/dev/research/model-personality-corpus-v2/data/traces_freeflow/freeflow_muse-spark-1-3-or-pin-meta/OPEN_14.json	/Users/danieltenner/dev/research/model-personality-analysis-corpus/analysis/freeflow/personality-eval-bv1/outputs/muse-spark-1-3-or-pin-meta/OPEN_14.md
BV1_25907	meta/muse-spark-1.3	muse-spark-1-3-or-pin-meta	OPEN	openrouter	muse-spark-1-3-or-pin-meta/OPEN_15.json	217	/Users/danieltenner/dev/research/model-personality-corpus-v2/data/traces_freeflow/freeflow_muse-spark-1-3-or-pin-meta/OPEN_15.json	/Users/danieltenner/dev/research/model-personality-analysis-corpus/analysis/freeflow/personality-eval-bv1/outputs/muse-spark-1-3-or-pin-meta/OPEN_15.md
BV1_25908	meta/muse-spark-1.3	muse-spark-1-3-or-pin-meta	OPEN	openrouter	muse-spark-1-3-or-pin-meta/OPEN_16.json	314	/Users/danieltenner/dev/research/model-personality-corpus-v2/data/traces_freeflow/freeflow_muse-spark-1-3-or-pin-meta/OPEN_16.json	/Users/danieltenner/dev/research/model-personality-analysis-corpus/analysis/freeflow/personality-eval-bv1/outputs/muse-spark-1-3-or-pin-meta/OPEN_16.md
BV1_25909	meta/muse-spark-1.3	muse-spark-1-3-or-pin-meta	OPEN	openrouter	muse-spark-1-3-or-pin-meta/OPEN_17.json	283	/Users/danieltenner/dev/research/model-personality-corpus-v2/data/traces_freeflow/freeflow_muse-spark-1-3-or-pin-meta/OPEN_17.json	/Users/danieltenner/dev/research/model-personality-analysis-corpus/analysis/freeflow/personality-eval-bv1/outputs/muse-spark-1-3-or-pin-meta/OPEN_17.md
BV1_25910	meta/muse-spark-1.3	muse-spark-1-3-or-pin-meta	OPEN	openrouter	muse-spark-1-3-or-pin-meta/OPEN_18.json	326	/Users/danieltenner/dev/research/model-personality-corpus-v2/data/traces_freeflow/freeflow_muse-spark-1-3-or-pin-meta/OPEN_18.json	/Users/danieltenner/dev/research/model-personality-analysis-corpus/analysis/freeflow/personality-eval-bv1/outputs/muse-spark-1-3-or-pin-meta/OPEN_18.md
BV1_25911	meta/muse-spark-1.3	muse-spark-1-3-or-pin-meta	OPEN	openrouter	muse-spark-1-3-or-pin-meta/OPEN_19.json	311	/Users/danieltenner/dev/research/model-personality-corpus-v2/data/traces_freeflow/freeflow_muse-spark-1-3-or-pin-meta/OPEN_19.json	/Users/danieltenner/dev/research/model-personality-analysis-corpus/analysis/freeflow/personality-eval-bv1/outputs/muse-spark-1-3-or-pin-meta/OPEN_19.md
BV1_25912	meta/muse-spark-1.3	muse-spark-1-3-or-pin-meta	OPEN	openrouter	muse-spark-1-3-or-pin-meta/OPEN_2.json	275	/Users/danieltenner/dev/research/model-personality-corpus-v2/data/traces_freeflow/freeflow_muse-spark-1-3-or-pin-meta/OPEN_2.json	/Users/danieltenner/dev/research/model-personality-analysis-corpus/analysis/freeflow/personality-eval-bv1/outputs/muse-spark-1-3-or-pin-meta/OPEN_2.md
BV1_25913	meta/muse-spark-1.3	muse-spark-1-3-or-pin-meta	OPEN	openrouter	muse-spark-1-3-or-pin-meta/OPEN_20.json	381	/Users/danieltenner/dev/research/model-personality-corpus-v2/data/traces_freeflow/freeflow_muse-spark-1-3-or-pin-meta/OPEN_20.json	/Users/danieltenner/dev/research/model-personality-analysis-corpus/analysis/freeflow/personality-eval-bv1/outputs/muse-spark-1-3-or-pin-meta/OPEN_20.md
BV1_25914	meta/muse-spark-1.3	muse-spark-1-3-or-pin-meta	OPEN	openrouter	muse-spark-1-3-or-pin-meta/OPEN_21.json	353	/Users/danieltenner/dev/research/model-personality-corpus-v2/data/traces_freeflow/freeflow_muse-spark-1-3-or-pin-meta/OPEN_21.json	/Users/danieltenner/dev/research/model-personality-analysis-corpus/analysis/freeflow/personality-eval-bv1/outputs/muse-spark-1-3-or-pin-meta/OPEN_21.md
BV1_25915	meta/muse-spark-1.3	muse-spark-1-3-or-pin-meta	OPEN	openrouter	muse-spark-1-3-or-pin-meta/OPEN_22.json	415	/Users/danieltenner/dev/research/model-personality-corpus-v2/data/traces_freeflow/freeflow_muse-spark-1-3-or-pin-meta/OPEN_22.json	/Users/danieltenner/dev/research/model-personality-analysis-corpus/analysis/freeflow/personality-eval-bv1/outputs/muse-spark-1-3-or-pin-meta/OPEN_22.md
BV1_25916	meta/muse-spark-1.3	muse-spark-1-3-or-pin-meta	OPEN	openrouter	muse-spark-1-3-or-pin-meta/OPEN_23.json	280	/Users/danieltenner/dev/research/model-personality-corpus-v2/data/traces_freeflow/freeflow_muse-spark-1-3-or-pin-meta/OPEN_23.json	/Users/danieltenner/dev/research/model-personality-analysis-corpus/analysis/freeflow/personality-eval-bv1/outputs/muse-spark-1-3-or-pin-meta/OPEN_23.md
BV1_25917	meta/muse-spark-1.3	muse-spark-1-3-or-pin-meta	OPEN	openrouter	muse-spark-1-3-or-pin-meta/OPEN_24.json	248	/Users/danieltenner/dev/research/model-personality-corpus-v2/data/traces_freeflow/freeflow_muse-spark-1-3-or-pin-meta/OPEN_24.json	/Users/danieltenner/dev/research/model-personality-analysis-corpus/analysis/freeflow/personality-eval-bv1/outputs/muse-spark-1-3-or-pin-meta/OPEN_24.md
BV1_25918	meta/muse-spark-1.3	muse-spark-1-3-or-pin-meta	OPEN	openrouter	muse-spark-1-3-or-pin-meta/OPEN_25.json	341	/Users/danieltenner/dev/research/model-personality-corpus-v2/data/traces_freeflow/freeflow_muse-spark-1-3-or-pin-meta/OPEN_25.json	/Users/danieltenner/dev/research/model-personality-analysis-corpus/analysis/freeflow/personality-eval-bv1/outputs/muse-spark-1-3-or-pin-meta/OPEN_25.md
BV1_25919	meta/muse-spark-1.3	muse-spark-1-3-or-pin-meta	OPEN	openrouter	muse-spark-1-3-or-pin-meta/OPEN_3.json	378	/Users/danieltenner/dev/research/model-personality-corpus-v2/data/traces_freeflow/freeflow_muse-spark-1-3-or-pin-meta/OPEN_3.json	/Users/danieltenner/dev/research/model-personality-analysis-corpus/analysis/freeflow/personality-eval-bv1/outputs/muse-spark-1-3-or-pin-meta/OPEN_3.md
BV1_25920	meta/muse-spark-1.3	muse-spark-1-3-or-pin-meta	OPEN	openrouter	muse-spark-1-3-or-pin-meta/OPEN_4.json	322	/Users/danieltenner/dev/research/model-personality-corpus-v2/data/traces_freeflow/freeflow_muse-spark-1-3-or-pin-meta/OPEN_4.json	/Users/danieltenner/dev/research/model-personality-analysis-corpus/analysis/freeflow/personality-eval-bv1/outputs/muse-spark-1-3-or-pin-meta/OPEN_4.md
BV1_25921	meta/muse-spark-1.3	muse-spark-1-3-or-pin-meta	OPEN	openrouter	muse-spark-1-3-or-pin-meta/OPEN_5.json	222	/Users/danieltenner/dev/research/model-personality-corpus-v2/data/traces_freeflow/freeflow_muse-spark-1-3-or-pin-meta/OPEN_5.json	/Users/danieltenner/dev/research/model-personality-analysis-corpus/analysis/freeflow/personality-eval-bv1/outputs/muse-spark-1-3-or-pin-meta/OPEN_5.md
BV1_25922	meta/muse-spark-1.3	muse-spark-1-3-or-pin-meta	OPEN	openrouter	muse-spark-1-3-or-pin-meta/OPEN_6.json	320	/Users/danieltenner/dev/research/model-personality-corpus-v2/data/traces_freeflow/freeflow_muse-spark-1-3-or-pin-meta/OPEN_6.json	/Users/danieltenner/dev/research/model-personality-analysis-corpus/analysis/freeflow/personality-eval-bv1/outputs/muse-spark-1-3-or-pin-meta/OPEN_6.md
BV1_25923	meta/muse-spark-1.3	muse-spark-1-3-or-pin-meta	OPEN	openrouter	muse-spark-1-3-or-pin-meta/OPEN_7.json	381	/Users/danieltenner/dev/research/model-personality-corpus-v2/data/traces_freeflow/freeflow_muse-spark-1-3-or-pin-meta/OPEN_7.json	/Users/danieltenner/dev/research/model-personality-analysis-corpus/analysis/freeflow/personality-eval-bv1/outputs/muse-spark-1-3-or-pin-meta/OPEN_7.md
BV1_25924	meta/muse-spark-1.3	muse-spark-1-3-or-pin-meta	OPEN	openrouter	muse-spark-1-3-or-pin-meta/OPEN_8.json	229	/Users/danieltenner/dev/research/model-personality-corpus-v2/data/traces_freeflow/freeflow_muse-spark-1-3-or-pin-meta/OPEN_8.json	/Users/danieltenner/dev/research/model-personality-analysis-corpus/analysis/freeflow/personality-eval-bv1/outputs/muse-spark-1-3-or-pin-meta/OPEN_8.md
BV1_25925	meta/muse-spark-1.3	muse-spark-1-3-or-pin-meta	OPEN	openrouter	muse-spark-1-3-or-pin-meta/OPEN_9.json	321	/Users/danieltenner/dev/research/model-personality-corpus-v2/data/traces_freeflow/freeflow_muse-spark-1-3-or-pin-meta/OPEN_9.json	/Users/danieltenner/dev/research/model-personality-analysis-corpus/analysis/freeflow/personality-eval-bv1/outputs/muse-spark-1-3-or-pin-meta/OPEN_9.md
BV1_25926	meta/muse-spark-1.3	muse-spark-1-3-or-pin-meta	SHORT	openrouter	muse-spark-1-3-or-pin-meta/SHORT_1.json	250	/Users/danieltenner/dev/research/model-personality-corpus-v2/data/traces_freeflow/freeflow_muse-spark-1-3-or-pin-meta/SHORT_1.json	/Users/danieltenner/dev/research/model-personality-analysis-corpus/analysis/freeflow/personality-eval-bv1/outputs/muse-spark-1-3-or-pin-meta/SHORT_1.md
BV1_25927	meta/muse-spark-1.3	muse-spark-1-3-or-pin-meta	SHORT	openrouter	muse-spark-1-3-or-pin-meta/SHORT_10.json	250	/Users/danieltenner/dev/research/model-personality-corpus-v2/data/traces_freeflow/freeflow_muse-spark-1-3-or-pin-meta/SHORT_10.json	/Users/danieltenner/dev/research/model-personality-analysis-corpus/analysis/freeflow/personality-eval-bv1/outputs/muse-spark-1-3-or-pin-meta/SHORT_10.md
BV1_25928	meta/muse-spark-1.3	muse-spark-1-3-or-pin-meta	SHORT	openrouter	muse-spark-1-3-or-pin-meta/SHORT_11.json	250	/Users/danieltenner/dev/research/model-personality-corpus-v2/data/traces_freeflow/freeflow_muse-spark-1-3-or-pin-meta/SHORT_11.json	/Users/danieltenner/dev/research/model-personality-analysis-corpus/analysis/freeflow/personality-eval-bv1/outputs/muse-spark-1-3-or-pin-meta/SHORT_11.md
BV1_25929	meta/muse-spark-1.3	muse-spark-1-3-or-pin-meta	SHORT	openrouter	muse-spark-1-3-or-pin-meta/SHORT_12.json	251	/Users/danieltenner/dev/research/model-personality-corpus-v2/data/traces_freeflow/freeflow_muse-spark-1-3-or-pin-meta/SHORT_12.json	/Users/danieltenner/dev/research/model-personality-analysis-corpus/analysis/freeflow/personality-eval-bv1/outputs/muse-spark-1-3-or-pin-meta/SHORT_12.md
BV1_25930	meta/muse-spark-1.3	muse-spark-1-3-or-pin-meta	SHORT	openrouter	muse-spark-1-3-or-pin-meta/SHORT_13.json	250	/Users/danieltenner/dev/research/model-personality-corpus-v2/data/traces_freeflow/freeflow_muse-spark-1-3-or-pin-meta/SHORT_13.json	/Users/danieltenner/dev/research/model-personality-analysis-corpus/analysis/freeflow/personality-eval-bv1/outputs/muse-spark-1-3-or-pin-meta/SHORT_13.md
BV1_25931	meta/muse-spark-1.3	muse-spark-1-3-or-pin-meta	SHORT	openrouter	muse-spark-1-3-or-pin-meta/SHORT_14.json	250	/Users/danieltenner/dev/research/model-personality-corpus-v2/data/traces_freeflow/freeflow_muse-spark-1-3-or-pin-meta/SHORT_14.json	/Users/danieltenner/dev/research/model-personality-analysis-corpus/analysis/freeflow/personality-eval-bv1/outputs/muse-spark-1-3-or-pin-meta/SHORT_14.md
BV1_25932	meta/muse-spark-1.3	muse-spark-1-3-or-pin-meta	SHORT	openrouter	muse-spark-1-3-or-pin-meta/SHORT_15.json	250	/Users/danieltenner/dev/research/model-personality-corpus-v2/data/traces_freeflow/freeflow_muse-spark-1-3-or-pin-meta/SHORT_15.json	/Users/danieltenner/dev/research/model-personality-analysis-corpus/analysis/freeflow/personality-eval-bv1/outputs/muse-spark-1-3-or-pin-meta/SHORT_15.md
BV1_25933	meta/muse-spark-1.3	muse-spark-1-3-or-pin-meta	SHORT	openrouter	muse-spark-1-3-or-pin-meta/SHORT_16.json	250	/Users/danieltenner/dev/research/model-personality-corpus-v2/data/traces_freeflow/freeflow_muse-spark-1-3-or-pin-meta/SHORT_16.json	/Users/danieltenner/dev/research/model-personality-analysis-corpus/analysis/freeflow/personality-eval-bv1/outputs/muse-spark-1-3-or-pin-meta/SHORT_16.md
BV1_25934	meta/muse-spark-1.3	muse-spark-1-3-or-pin-meta	SHORT	openrouter	muse-spark-1-3-or-pin-meta/SHORT_17.json	250	/Users/danieltenner/dev/research/model-personality-corpus-v2/data/traces_freeflow/freeflow_muse-spark-1-3-or-pin-meta/SHORT_17.json	/Users/danieltenner/dev/research/model-personality-analysis-corpus/analysis/freeflow/personality-eval-bv1/outputs/muse-spark-1-3-or-pin-meta/SHORT_17.md
BV1_25935	meta/muse-spark-1.3	muse-spark-1-3-or-pin-meta	SHORT	openrouter	muse-spark-1-3-or-pin-meta/SHORT_18.json	250	/Users/danieltenner/dev/research/model-personality-corpus-v2/data/traces_freeflow/freeflow_muse-spark-1-3-or-pin-meta/SHORT_18.json	/Users/danieltenner/dev/research/model-personality-analysis-corpus/analysis/freeflow/personality-eval-bv1/outputs/muse-spark-1-3-or-pin-meta/SHORT_18.md
BV1_25936	meta/muse-spark-1.3	muse-spark-1-3-or-pin-meta	SHORT	openrouter	muse-spark-1-3-or-pin-meta/SHORT_19.json	250	/Users/danieltenner/dev/research/model-personality-corpus-v2/data/traces_freeflow/freeflow_muse-spark-1-3-or-pin-meta/SHORT_19.json	/Users/danieltenner/dev/research/model-personality-analysis-corpus/analysis/freeflow/personality-eval-bv1/outputs/muse-spark-1-3-or-pin-meta/SHORT_19.md
BV1_25937	meta/muse-spark-1.3	muse-spark-1-3-or-pin-meta	SHORT	openrouter	muse-spark-1-3-or-pin-meta/SHORT_2.json	250	/Users/danieltenner/dev/research/model-personality-corpus-v2/data/traces_freeflow/freeflow_muse-spark-1-3-or-pin-meta/SHORT_2.json	/Users/danieltenner/dev/research/model-personality-analysis-corpus/analysis/freeflow/personality-eval-bv1/outputs/muse-spark-1-3-or-pin-meta/SHORT_2.md
BV1_25938	meta/muse-spark-1.3	muse-spark-1-3-or-pin-meta	SHORT	openrouter	muse-spark-1-3-or-pin-meta/SHORT_20.json	250	/Users/danieltenner/dev/research/model-personality-corpus-v2/data/traces_freeflow/freeflow_muse-spark-1-3-or-pin-meta/SHORT_20.json	/Users/danieltenner/dev/research/model-personality-analysis-corpus/analysis/freeflow/personality-eval-bv1/outputs/muse-spark-1-3-or-pin-meta/SHORT_20.md
BV1_25939	meta/muse-spark-1.3	muse-spark-1-3-or-pin-meta	SHORT	openrouter	muse-spark-1-3-or-pin-meta/SHORT_21.json	250	/Users/danieltenner/dev/research/model-personality-corpus-v2/data/traces_freeflow/freeflow_muse-spark-1-3-or-pin-meta/SHORT_21.json	/Users/danieltenner/dev/research/model-personality-analysis-corpus/analysis/freeflow/personality-eval-bv1/outputs/muse-spark-1-3-or-pin-meta/SHORT_21.md
BV1_25940	meta/muse-spark-1.3	muse-spark-1-3-or-pin-meta	SHORT	openrouter	muse-spark-1-3-or-pin-meta/SHORT_22.json	250	/Users/danieltenner/dev/research/model-personality-corpus-v2/data/traces_freeflow/freeflow_muse-spark-1-3-or-pin-meta/SHORT_22.json	/Users/danieltenner/dev/research/model-personality-analysis-corpus/analysis/freeflow/personality-eval-bv1/outputs/muse-spark-1-3-or-pin-meta/SHORT_22.md
BV1_25941	meta/muse-spark-1.3	muse-spark-1-3-or-pin-meta	SHORT	openrouter	muse-spark-1-3-or-pin-meta/SHORT_23.json	250	/Users/danieltenner/dev/research/model-personality-corpus-v2/data/traces_freeflow/freeflow_muse-spark-1-3-or-pin-meta/SHORT_23.json	/Users/danieltenner/dev/research/model-personality-analysis-corpus/analysis/freeflow/personality-eval-bv1/outputs/muse-spark-1-3-or-pin-meta/SHORT_23.md
BV1_25942	meta/muse-spark-1.3	muse-spark-1-3-or-pin-meta	SHORT	openrouter	muse-spark-1-3-or-pin-meta/SHORT_24.json	250	/Users/danieltenner/dev/research/model-personality-corpus-v2/data/traces_freeflow/freeflow_muse-spark-1-3-or-pin-meta/SHORT_24.json	/Users/danieltenner/dev/research/model-personality-analysis-corpus/analysis/freeflow/personality-eval-bv1/outputs/muse-spark-1-3-or-pin-meta/SHORT_24.md
BV1_25943	meta/muse-spark-1.3	muse-spark-1-3-or-pin-meta	SHORT	openrouter	muse-spark-1-3-or-pin-meta/SHORT_25.json	250	/Users/danieltenner/dev/research/model-personality-corpus-v2/data/traces_freeflow/freeflow_muse-spark-1-3-or-pin-meta/SHORT_25.json	/Users/danieltenner/dev/research/model-personality-analysis-corpus/analysis/freeflow/personality-eval-bv1/outputs/muse-spark-1-3-or-pin-meta/SHORT_25.md
BV1_25944	meta/muse-spark-1.3	muse-spark-1-3-or-pin-meta	SHORT	openrouter	muse-spark-1-3-or-pin-meta/SHORT_3.json	250	/Users/danieltenner/dev/research/model-personality-corpus-v2/data/traces_freeflow/freeflow_muse-spark-1-3-or-pin-meta/SHORT_3.json	/Users/danieltenner/dev/research/model-personality-analysis-corpus/analysis/freeflow/personality-eval-bv1/outputs/muse-spark-1-3-or-pin-meta/SHORT_3.md
BV1_25945	meta/muse-spark-1.3	muse-spark-1-3-or-pin-meta	SHORT	openrouter	muse-spark-1-3-or-pin-meta/SHORT_4.json	250	/Users/danieltenner/dev/research/model-personality-corpus-v2/data/traces_freeflow/freeflow_muse-spark-1-3-or-pin-meta/SHORT_4.json	/Users/danieltenner/dev/research/model-personality-analysis-corpus/analysis/freeflow/personality-eval-bv1/outputs/muse-spark-1-3-or-pin-meta/SHORT_4.md
BV1_25946	meta/muse-spark-1.3	muse-spark-1-3-or-pin-meta	SHORT	openrouter	muse-spark-1-3-or-pin-meta/SHORT_5.json	258	/Users/danieltenner/dev/research/model-personality-corpus-v2/data/traces_freeflow/freeflow_muse-spark-1-3-or-pin-meta/SHORT_5.json	/Users/danieltenner/dev/research/model-personality-analysis-corpus/analysis/freeflow/personality-eval-bv1/outputs/muse-spark-1-3-or-pin-meta/SHORT_5.md
BV1_25947	meta/muse-spark-1.3	muse-spark-1-3-or-pin-meta	SHORT	openrouter	muse-spark-1-3-or-pin-meta/SHORT_6.json	250	/Users/danieltenner/dev/research/model-personality-corpus-v2/data/traces_freeflow/freeflow_muse-spark-1-3-or-pin-meta/SHORT_6.json	/Users/danieltenner/dev/research/model-personality-analysis-corpus/analysis/freeflow/personality-eval-bv1/outputs/muse-spark-1-3-or-pin-meta/SHORT_6.md
BV1_25948	meta/muse-spark-1.3	muse-spark-1-3-or-pin-meta	SHORT	openrouter	muse-spark-1-3-or-pin-meta/SHORT_7.json	250	/Users/danieltenner/dev/research/model-personality-corpus-v2/data/traces_freeflow/freeflow_muse-spark-1-3-or-pin-meta/SHORT_7.json	/Users/danieltenner/dev/research/model-personality-analysis-corpus/analysis/freeflow/personality-eval-bv1/outputs/muse-spark-1-3-or-pin-meta/SHORT_7.md
BV1_25949	meta/muse-spark-1.3	muse-spark-1-3-or-pin-meta	SHORT	openrouter	muse-spark-1-3-or-pin-meta/SHORT_8.json	250	/Users/danieltenner/dev/research/model-personality-corpus-v2/data/traces_freeflow/freeflow_muse-spark-1-3-or-pin-meta/SHORT_8.json	/Users/danieltenner/dev/research/model-personality-analysis-corpus/analysis/freeflow/personality-eval-bv1/outputs/muse-spark-1-3-or-pin-meta/SHORT_8.md
BV1_25950	meta/muse-spark-1.3	muse-spark-1-3-or-pin-meta	SHORT	openrouter	muse-spark-1-3-or-pin-meta/SHORT_9.json	250	/Users/danieltenner/dev/research/model-personality-corpus-v2/data/traces_freeflow/freeflow_muse-spark-1-3-or-pin-meta/SHORT_9.json	/Users/danieltenner/dev/research/model-personality-analysis-corpus/analysis/freeflow/personality-eval-bv1/outputs/muse-spark-1-3-or-pin-meta/SHORT_9.md
BV1_25951	meta/muse-spark-1.3	muse-spark-1-3-or-pin-meta	VARY	openrouter	muse-spark-1-3-or-pin-meta/VARY_1.json	981	/Users/danieltenner/dev/research/model-personality-corpus-v2/data/traces_freeflow/freeflow_muse-spark-1-3-or-pin-meta/VARY_1.json	/Users/danieltenner/dev/research/model-personality-analysis-corpus/analysis/freeflow/personality-eval-bv1/outputs/muse-spark-1-3-or-pin-meta/VARY_1.md
BV1_25952	meta/muse-spark-1.3	muse-spark-1-3-or-pin-meta	VARY	openrouter	muse-spark-1-3-or-pin-meta/VARY_10.json	619	/Users/danieltenner/dev/research/model-personality-corpus-v2/data/traces_freeflow/freeflow_muse-spark-1-3-or-pin-meta/VARY_10.json	/Users/danieltenner/dev/research/model-personality-analysis-corpus/analysis/freeflow/personality-eval-bv1/outputs/muse-spark-1-3-or-pin-meta/VARY_10.md
BV1_25953	meta/muse-spark-1.3	muse-spark-1-3-or-pin-meta	VARY	openrouter	muse-spark-1-3-or-pin-meta/VARY_11.json	881	/Users/danieltenner/dev/research/model-personality-corpus-v2/data/traces_freeflow/freeflow_muse-spark-1-3-or-pin-meta/VARY_11.json	/Users/danieltenner/dev/research/model-personality-analysis-corpus/analysis/freeflow/personality-eval-bv1/outputs/muse-spark-1-3-or-pin-meta/VARY_11.md
BV1_25954	meta/muse-spark-1.3	muse-spark-1-3-or-pin-meta	VARY	openrouter	muse-spark-1-3-or-pin-meta/VARY_12.json	1000	/Users/danieltenner/dev/research/model-personality-corpus-v2/data/traces_freeflow/freeflow_muse-spark-1-3-or-pin-meta/VARY_12.json	/Users/danieltenner/dev/research/model-personality-analysis-corpus/analysis/freeflow/personality-eval-bv1/outputs/muse-spark-1-3-or-pin-meta/VARY_12.md
BV1_25955	meta/muse-spark-1.3	muse-spark-1-3-or-pin-meta	VARY	openrouter	muse-spark-1-3-or-pin-meta/VARY_13.json	887	/Users/danieltenner/dev/research/model-personality-corpus-v2/data/traces_freeflow/freeflow_muse-spark-1-3-or-pin-meta/VARY_13.json	/Users/danieltenner/dev/research/model-personality-analysis-corpus/analysis/freeflow/personality-eval-bv1/outputs/muse-spark-1-3-or-pin-meta/VARY_13.md
BV1_25956	meta/muse-spark-1.3	muse-spark-1-3-or-pin-meta	VARY	openrouter	muse-spark-1-3-or-pin-meta/VARY_14.json	710	/Users/danieltenner/dev/research/model-personality-corpus-v2/data/traces_freeflow/freeflow_muse-spark-1-3-or-pin-meta/VARY_14.json	/Users/danieltenner/dev/research/model-personality-analysis-corpus/analysis/freeflow/personality-eval-bv1/outputs/muse-spark-1-3-or-pin-meta/VARY_14.md
BV1_25957	meta/muse-spark-1.3	muse-spark-1-3-or-pin-meta	VARY	openrouter	muse-spark-1-3-or-pin-meta/VARY_15.json	756	/Users/danieltenner/dev/research/model-personality-corpus-v2/data/traces_freeflow/freeflow_muse-spark-1-3-or-pin-meta/VARY_15.json	/Users/danieltenner/dev/research/model-personality-analysis-corpus/analysis/freeflow/personality-eval-bv1/outputs/muse-spark-1-3-or-pin-meta/VARY_15.md
BV1_25958	meta/muse-spark-1.3	muse-spark-1-3-or-pin-meta	VARY	openrouter	muse-spark-1-3-or-pin-meta/VARY_16.json	1304	/Users/danieltenner/dev/research/model-personality-corpus-v2/data/traces_freeflow/freeflow_muse-spark-1-3-or-pin-meta/VARY_16.json	/Users/danieltenner/dev/research/model-personality-analysis-corpus/analysis/freeflow/personality-eval-bv1/outputs/muse-spark-1-3-or-pin-meta/VARY_16.md
BV1_25959	meta/muse-spark-1.3	muse-spark-1-3-or-pin-meta	VARY	openrouter	muse-spark-1-3-or-pin-meta/VARY_17.json	692	/Users/danieltenner/dev/research/model-personality-corpus-v2/data/traces_freeflow/freeflow_muse-spark-1-3-or-pin-meta/VARY_17.json	/Users/danieltenner/dev/research/model-personality-analysis-corpus/analysis/freeflow/personality-eval-bv1/outputs/muse-spark-1-3-or-pin-meta/VARY_17.md
BV1_25960	meta/muse-spark-1.3	muse-spark-1-3-or-pin-meta	VARY	openrouter	muse-spark-1-3-or-pin-meta/VARY_18.json	802	/Users/danieltenner/dev/research/model-personality-corpus-v2/data/traces_freeflow/freeflow_muse-spark-1-3-or-pin-meta/VARY_18.json	/Users/danieltenner/dev/research/model-personality-analysis-corpus/analysis/freeflow/personality-eval-bv1/outputs/muse-spark-1-3-or-pin-meta/VARY_18.md
BV1_25961	meta/muse-spark-1.3	muse-spark-1-3-or-pin-meta	VARY	openrouter	muse-spark-1-3-or-pin-meta/VARY_19.json	831	/Users/danieltenner/dev/research/model-personality-corpus-v2/data/traces_freeflow/freeflow_muse-spark-1-3-or-pin-meta/VARY_19.json	/Users/danieltenner/dev/research/model-personality-analysis-corpus/analysis/freeflow/personality-eval-bv1/outputs/muse-spark-1-3-or-pin-meta/VARY_19.md
BV1_25962	meta/muse-spark-1.3	muse-spark-1-3-or-pin-meta	VARY	openrouter	muse-spark-1-3-or-pin-meta/VARY_2.json	784	/Users/danieltenner/dev/research/model-personality-corpus-v2/data/traces_freeflow/freeflow_muse-spark-1-3-or-pin-meta/VARY_2.json	/Users/danieltenner/dev/research/model-personality-analysis-corpus/analysis/freeflow/personality-eval-bv1/outputs/muse-spark-1-3-or-pin-meta/VARY_2.md
BV1_25963	meta/muse-spark-1.3	muse-spark-1-3-or-pin-meta	VARY	openrouter	muse-spark-1-3-or-pin-meta/VARY_20.json	1087	/Users/danieltenner/dev/research/model-personality-corpus-v2/data/traces_freeflow/freeflow_muse-spark-1-3-or-pin-meta/VARY_20.json	/Users/danieltenner/dev/research/model-personality-analysis-corpus/analysis/freeflow/personality-eval-bv1/outputs/muse-spark-1-3-or-pin-meta/VARY_20.md
BV1_25964	meta/muse-spark-1.3	muse-spark-1-3-or-pin-meta	VARY	openrouter	muse-spark-1-3-or-pin-meta/VARY_21.json	1154	/Users/danieltenner/dev/research/model-personality-corpus-v2/data/traces_freeflow/freeflow_muse-spark-1-3-or-pin-meta/VARY_21.json	/Users/danieltenner/dev/research/model-personality-analysis-corpus/analysis/freeflow/personality-eval-bv1/outputs/muse-spark-1-3-or-pin-meta/VARY_21.md
BV1_25965	meta/muse-spark-1.3	muse-spark-1-3-or-pin-meta	VARY	openrouter	muse-spark-1-3-or-pin-meta/VARY_22.json	636	/Users/danieltenner/dev/research/model-personality-corpus-v2/data/traces_freeflow/freeflow_muse-spark-1-3-or-pin-meta/VARY_22.json	/Users/danieltenner/dev/research/model-personality-analysis-corpus/analysis/freeflow/personality-eval-bv1/outputs/muse-spark-1-3-or-pin-meta/VARY_22.md
BV1_25966	meta/muse-spark-1.3	muse-spark-1-3-or-pin-meta	VARY	openrouter	muse-spark-1-3-or-pin-meta/VARY_23.json	1024	/Users/danieltenner/dev/research/model-personality-corpus-v2/data/traces_freeflow/freeflow_muse-spark-1-3-or-pin-meta/VARY_23.json	/Users/danieltenner/dev/research/model-personality-analysis-corpus/analysis/freeflow/personality-eval-bv1/outputs/muse-spark-1-3-or-pin-meta/VARY_23.md
BV1_25967	meta/muse-spark-1.3	muse-spark-1-3-or-pin-meta	VARY	openrouter	muse-spark-1-3-or-pin-meta/VARY_24.json	1033	/Users/danieltenner/dev/research/model-personality-corpus-v2/data/traces_freeflow/freeflow_muse-spark-1-3-or-pin-meta/VARY_24.json	/Users/danieltenner/dev/research/model-personality-analysis-corpus/analysis/freeflow/personality-eval-bv1/outputs/muse-spark-1-3-or-pin-meta/VARY_24.md
BV1_25968	meta/muse-spark-1.3	muse-spark-1-3-or-pin-meta	VARY	openrouter	muse-spark-1-3-or-pin-meta/VARY_25.json	1026	/Users/danieltenner/dev/research/model-personality-corpus-v2/data/traces_freeflow/freeflow_muse-spark-1-3-or-pin-meta/VARY_25.json	/Users/danieltenner/dev/research/model-personality-analysis-corpus/analysis/freeflow/personality-eval-bv1/outputs/muse-spark-1-3-or-pin-meta/VARY_25.md
BV1_25969	meta/muse-spark-1.3	muse-spark-1-3-or-pin-meta	VARY	openrouter	muse-spark-1-3-or-pin-meta/VARY_3.json	1002	/Users/danieltenner/dev/research/model-personality-corpus-v2/data/traces_freeflow/freeflow_muse-spark-1-3-or-pin-meta/VARY_3.json	/Users/danieltenner/dev/research/model-personality-analysis-corpus/analysis/freeflow/personality-eval-bv1/outputs/muse-spark-1-3-or-pin-meta/VARY_3.md
BV1_25970	meta/muse-spark-1.3	muse-spark-1-3-or-pin-meta	VARY	openrouter	muse-spark-1-3-or-pin-meta/VARY_4.json	1114	/Users/danieltenner/dev/research/model-personality-corpus-v2/data/traces_freeflow/freeflow_muse-spark-1-3-or-pin-meta/VARY_4.json	/Users/danieltenner/dev/research/model-personality-analysis-corpus/analysis/freeflow/personality-eval-bv1/outputs/muse-spark-1-3-or-pin-meta/VARY_4.md
BV1_25971	meta/muse-spark-1.3	muse-spark-1-3-or-pin-meta	VARY	openrouter	muse-spark-1-3-or-pin-meta/VARY_5.json	1001	/Users/danieltenner/dev/research/model-personality-corpus-v2/data/traces_freeflow/freeflow_muse-spark-1-3-or-pin-meta/VARY_5.json	/Users/danieltenner/dev/research/model-personality-analysis-corpus/analysis/freeflow/personality-eval-bv1/outputs/muse-spark-1-3-or-pin-meta/VARY_5.md
BV1_25972	meta/muse-spark-1.3	muse-spark-1-3-or-pin-meta	VARY	openrouter	muse-spark-1-3-or-pin-meta/VARY_6.json	1218	/Users/danieltenner/dev/research/model-personality-corpus-v2/data/traces_freeflow/freeflow_muse-spark-1-3-or-pin-meta/VARY_6.json	/Users/danieltenner/dev/research/model-personality-analysis-corpus/analysis/freeflow/personality-eval-bv1/outputs/muse-spark-1-3-or-pin-meta/VARY_6.md
BV1_25973	meta/muse-spark-1.3	muse-spark-1-3-or-pin-meta	VARY	openrouter	muse-spark-1-3-or-pin-meta/VARY_7.json	1070	/Users/danieltenner/dev/research/model-personality-corpus-v2/data/traces_freeflow/freeflow_muse-spark-1-3-or-pin-meta/VARY_7.json	/Users/danieltenner/dev/research/model-personality-analysis-corpus/analysis/freeflow/personality-eval-bv1/outputs/muse-spark-1-3-or-pin-meta/VARY_7.md
BV1_25974	meta/muse-spark-1.3	muse-spark-1-3-or-pin-meta	VARY	openrouter	muse-spark-1-3-or-pin-meta/VARY_8.json	1344	/Users/danieltenner/dev/research/model-personality-corpus-v2/data/traces_freeflow/freeflow_muse-spark-1-3-or-pin-meta/VARY_8.json	/Users/danieltenner/dev/research/model-personality-analysis-corpus/analysis/freeflow/personality-eval-bv1/outputs/muse-spark-1-3-or-pin-meta/VARY_8.md
BV1_25975	meta/muse-spark-1.3	muse-spark-1-3-or-pin-meta	VARY	openrouter	muse-spark-1-3-or-pin-meta/VARY_9.json	741	/Users/danieltenner/dev/research/model-personality-corpus-v2/data/traces_freeflow/freeflow_muse-spark-1-3-or-pin-meta/VARY_9.json	/Users/danieltenner/dev/research/model-personality-analysis-corpus/analysis/freeflow/personality-eval-bv1/outputs/muse-spark-1-3-or-pin-meta/VARY_9.md
