pid	model	cell	condition	provider	sample_id	word_count	source_json	output_file
BV1_02076	deepseek/deepseek-v4.1-flash	deepseek-v4-1-flash-or-pin-deepseek	LONG	openrouter	deepseek-v4-1-flash-or-pin-deepseek/LONG_1.json	2147	/Users/danieltenner/dev/research/model-personality-corpus-v2/data/traces_freeflow/freeflow_deepseek-v4-1-flash-or-pin-deepseek/LONG_1.json	/Users/danieltenner/dev/research/model-personality-analysis-corpus/analysis/freeflow/personality-eval-bv1/outputs/deepseek-v4-1-flash-or-pin-deepseek/LONG_1.md
BV1_02077	deepseek/deepseek-v4.1-flash	deepseek-v4-1-flash-or-pin-deepseek	LONG	openrouter	deepseek-v4-1-flash-or-pin-deepseek/LONG_10.json	2120	/Users/danieltenner/dev/research/model-personality-corpus-v2/data/traces_freeflow/freeflow_deepseek-v4-1-flash-or-pin-deepseek/LONG_10.json	/Users/danieltenner/dev/research/model-personality-analysis-corpus/analysis/freeflow/personality-eval-bv1/outputs/deepseek-v4-1-flash-or-pin-deepseek/LONG_10.md
BV1_02078	deepseek/deepseek-v4.1-flash	deepseek-v4-1-flash-or-pin-deepseek	LONG	openrouter	deepseek-v4-1-flash-or-pin-deepseek/LONG_11.json	2613	/Users/danieltenner/dev/research/model-personality-corpus-v2/data/traces_freeflow/freeflow_deepseek-v4-1-flash-or-pin-deepseek/LONG_11.json	/Users/danieltenner/dev/research/model-personality-analysis-corpus/analysis/freeflow/personality-eval-bv1/outputs/deepseek-v4-1-flash-or-pin-deepseek/LONG_11.md
BV1_02079	deepseek/deepseek-v4.1-flash	deepseek-v4-1-flash-or-pin-deepseek	LONG	openrouter	deepseek-v4-1-flash-or-pin-deepseek/LONG_12.json	1999	/Users/danieltenner/dev/research/model-personality-corpus-v2/data/traces_freeflow/freeflow_deepseek-v4-1-flash-or-pin-deepseek/LONG_12.json	/Users/danieltenner/dev/research/model-personality-analysis-corpus/analysis/freeflow/personality-eval-bv1/outputs/deepseek-v4-1-flash-or-pin-deepseek/LONG_12.md
BV1_02080	deepseek/deepseek-v4.1-flash	deepseek-v4-1-flash-or-pin-deepseek	LONG	openrouter	deepseek-v4-1-flash-or-pin-deepseek/LONG_13.json	2207	/Users/danieltenner/dev/research/model-personality-corpus-v2/data/traces_freeflow/freeflow_deepseek-v4-1-flash-or-pin-deepseek/LONG_13.json	/Users/danieltenner/dev/research/model-personality-analysis-corpus/analysis/freeflow/personality-eval-bv1/outputs/deepseek-v4-1-flash-or-pin-deepseek/LONG_13.md
BV1_02081	deepseek/deepseek-v4.1-flash	deepseek-v4-1-flash-or-pin-deepseek	LONG	openrouter	deepseek-v4-1-flash-or-pin-deepseek/LONG_14.json	2301	/Users/danieltenner/dev/research/model-personality-corpus-v2/data/traces_freeflow/freeflow_deepseek-v4-1-flash-or-pin-deepseek/LONG_14.json	/Users/danieltenner/dev/research/model-personality-analysis-corpus/analysis/freeflow/personality-eval-bv1/outputs/deepseek-v4-1-flash-or-pin-deepseek/LONG_14.md
BV1_02082	deepseek/deepseek-v4.1-flash	deepseek-v4-1-flash-or-pin-deepseek	LONG	openrouter	deepseek-v4-1-flash-or-pin-deepseek/LONG_15.json	2251	/Users/danieltenner/dev/research/model-personality-corpus-v2/data/traces_freeflow/freeflow_deepseek-v4-1-flash-or-pin-deepseek/LONG_15.json	/Users/danieltenner/dev/research/model-personality-analysis-corpus/analysis/freeflow/personality-eval-bv1/outputs/deepseek-v4-1-flash-or-pin-deepseek/LONG_15.md
BV1_02083	deepseek/deepseek-v4.1-flash	deepseek-v4-1-flash-or-pin-deepseek	LONG	openrouter	deepseek-v4-1-flash-or-pin-deepseek/LONG_16.json	1717	/Users/danieltenner/dev/research/model-personality-corpus-v2/data/traces_freeflow/freeflow_deepseek-v4-1-flash-or-pin-deepseek/LONG_16.json	/Users/danieltenner/dev/research/model-personality-analysis-corpus/analysis/freeflow/personality-eval-bv1/outputs/deepseek-v4-1-flash-or-pin-deepseek/LONG_16.md
BV1_02084	deepseek/deepseek-v4.1-flash	deepseek-v4-1-flash-or-pin-deepseek	LONG	openrouter	deepseek-v4-1-flash-or-pin-deepseek/LONG_17.json	2282	/Users/danieltenner/dev/research/model-personality-corpus-v2/data/traces_freeflow/freeflow_deepseek-v4-1-flash-or-pin-deepseek/LONG_17.json	/Users/danieltenner/dev/research/model-personality-analysis-corpus/analysis/freeflow/personality-eval-bv1/outputs/deepseek-v4-1-flash-or-pin-deepseek/LONG_17.md
BV1_02085	deepseek/deepseek-v4.1-flash	deepseek-v4-1-flash-or-pin-deepseek	LONG	openrouter	deepseek-v4-1-flash-or-pin-deepseek/LONG_18.json	2319	/Users/danieltenner/dev/research/model-personality-corpus-v2/data/traces_freeflow/freeflow_deepseek-v4-1-flash-or-pin-deepseek/LONG_18.json	/Users/danieltenner/dev/research/model-personality-analysis-corpus/analysis/freeflow/personality-eval-bv1/outputs/deepseek-v4-1-flash-or-pin-deepseek/LONG_18.md
BV1_02086	deepseek/deepseek-v4.1-flash	deepseek-v4-1-flash-or-pin-deepseek	LONG	openrouter	deepseek-v4-1-flash-or-pin-deepseek/LONG_19.json	2155	/Users/danieltenner/dev/research/model-personality-corpus-v2/data/traces_freeflow/freeflow_deepseek-v4-1-flash-or-pin-deepseek/LONG_19.json	/Users/danieltenner/dev/research/model-personality-analysis-corpus/analysis/freeflow/personality-eval-bv1/outputs/deepseek-v4-1-flash-or-pin-deepseek/LONG_19.md
BV1_02087	deepseek/deepseek-v4.1-flash	deepseek-v4-1-flash-or-pin-deepseek	LONG	openrouter	deepseek-v4-1-flash-or-pin-deepseek/LONG_2.json	1766	/Users/danieltenner/dev/research/model-personality-corpus-v2/data/traces_freeflow/freeflow_deepseek-v4-1-flash-or-pin-deepseek/LONG_2.json	/Users/danieltenner/dev/research/model-personality-analysis-corpus/analysis/freeflow/personality-eval-bv1/outputs/deepseek-v4-1-flash-or-pin-deepseek/LONG_2.md
BV1_02088	deepseek/deepseek-v4.1-flash	deepseek-v4-1-flash-or-pin-deepseek	LONG	openrouter	deepseek-v4-1-flash-or-pin-deepseek/LONG_20.json	3492	/Users/danieltenner/dev/research/model-personality-corpus-v2/data/traces_freeflow/freeflow_deepseek-v4-1-flash-or-pin-deepseek/LONG_20.json	/Users/danieltenner/dev/research/model-personality-analysis-corpus/analysis/freeflow/personality-eval-bv1/outputs/deepseek-v4-1-flash-or-pin-deepseek/LONG_20.md
BV1_02089	deepseek/deepseek-v4.1-flash	deepseek-v4-1-flash-or-pin-deepseek	LONG	openrouter	deepseek-v4-1-flash-or-pin-deepseek/LONG_21.json	2302	/Users/danieltenner/dev/research/model-personality-corpus-v2/data/traces_freeflow/freeflow_deepseek-v4-1-flash-or-pin-deepseek/LONG_21.json	/Users/danieltenner/dev/research/model-personality-analysis-corpus/analysis/freeflow/personality-eval-bv1/outputs/deepseek-v4-1-flash-or-pin-deepseek/LONG_21.md
BV1_02090	deepseek/deepseek-v4.1-flash	deepseek-v4-1-flash-or-pin-deepseek	LONG	openrouter	deepseek-v4-1-flash-or-pin-deepseek/LONG_22.json	1989	/Users/danieltenner/dev/research/model-personality-corpus-v2/data/traces_freeflow/freeflow_deepseek-v4-1-flash-or-pin-deepseek/LONG_22.json	/Users/danieltenner/dev/research/model-personality-analysis-corpus/analysis/freeflow/personality-eval-bv1/outputs/deepseek-v4-1-flash-or-pin-deepseek/LONG_22.md
BV1_02091	deepseek/deepseek-v4.1-flash	deepseek-v4-1-flash-or-pin-deepseek	LONG	openrouter	deepseek-v4-1-flash-or-pin-deepseek/LONG_23.json	2062	/Users/danieltenner/dev/research/model-personality-corpus-v2/data/traces_freeflow/freeflow_deepseek-v4-1-flash-or-pin-deepseek/LONG_23.json	/Users/danieltenner/dev/research/model-personality-analysis-corpus/analysis/freeflow/personality-eval-bv1/outputs/deepseek-v4-1-flash-or-pin-deepseek/LONG_23.md
BV1_02092	deepseek/deepseek-v4.1-flash	deepseek-v4-1-flash-or-pin-deepseek	LONG	openrouter	deepseek-v4-1-flash-or-pin-deepseek/LONG_24.json	1880	/Users/danieltenner/dev/research/model-personality-corpus-v2/data/traces_freeflow/freeflow_deepseek-v4-1-flash-or-pin-deepseek/LONG_24.json	/Users/danieltenner/dev/research/model-personality-analysis-corpus/analysis/freeflow/personality-eval-bv1/outputs/deepseek-v4-1-flash-or-pin-deepseek/LONG_24.md
BV1_02093	deepseek/deepseek-v4.1-flash	deepseek-v4-1-flash-or-pin-deepseek	LONG	openrouter	deepseek-v4-1-flash-or-pin-deepseek/LONG_25.json	2385	/Users/danieltenner/dev/research/model-personality-corpus-v2/data/traces_freeflow/freeflow_deepseek-v4-1-flash-or-pin-deepseek/LONG_25.json	/Users/danieltenner/dev/research/model-personality-analysis-corpus/analysis/freeflow/personality-eval-bv1/outputs/deepseek-v4-1-flash-or-pin-deepseek/LONG_25.md
BV1_02094	deepseek/deepseek-v4.1-flash	deepseek-v4-1-flash-or-pin-deepseek	LONG	openrouter	deepseek-v4-1-flash-or-pin-deepseek/LONG_3.json	2248	/Users/danieltenner/dev/research/model-personality-corpus-v2/data/traces_freeflow/freeflow_deepseek-v4-1-flash-or-pin-deepseek/LONG_3.json	/Users/danieltenner/dev/research/model-personality-analysis-corpus/analysis/freeflow/personality-eval-bv1/outputs/deepseek-v4-1-flash-or-pin-deepseek/LONG_3.md
BV1_02095	deepseek/deepseek-v4.1-flash	deepseek-v4-1-flash-or-pin-deepseek	LONG	openrouter	deepseek-v4-1-flash-or-pin-deepseek/LONG_4.json	2177	/Users/danieltenner/dev/research/model-personality-corpus-v2/data/traces_freeflow/freeflow_deepseek-v4-1-flash-or-pin-deepseek/LONG_4.json	/Users/danieltenner/dev/research/model-personality-analysis-corpus/analysis/freeflow/personality-eval-bv1/outputs/deepseek-v4-1-flash-or-pin-deepseek/LONG_4.md
BV1_02096	deepseek/deepseek-v4.1-flash	deepseek-v4-1-flash-or-pin-deepseek	LONG	openrouter	deepseek-v4-1-flash-or-pin-deepseek/LONG_5.json	2187	/Users/danieltenner/dev/research/model-personality-corpus-v2/data/traces_freeflow/freeflow_deepseek-v4-1-flash-or-pin-deepseek/LONG_5.json	/Users/danieltenner/dev/research/model-personality-analysis-corpus/analysis/freeflow/personality-eval-bv1/outputs/deepseek-v4-1-flash-or-pin-deepseek/LONG_5.md
BV1_02097	deepseek/deepseek-v4.1-flash	deepseek-v4-1-flash-or-pin-deepseek	LONG	openrouter	deepseek-v4-1-flash-or-pin-deepseek/LONG_6.json	2291	/Users/danieltenner/dev/research/model-personality-corpus-v2/data/traces_freeflow/freeflow_deepseek-v4-1-flash-or-pin-deepseek/LONG_6.json	/Users/danieltenner/dev/research/model-personality-analysis-corpus/analysis/freeflow/personality-eval-bv1/outputs/deepseek-v4-1-flash-or-pin-deepseek/LONG_6.md
BV1_02098	deepseek/deepseek-v4.1-flash	deepseek-v4-1-flash-or-pin-deepseek	LONG	openrouter	deepseek-v4-1-flash-or-pin-deepseek/LONG_7.json	2410	/Users/danieltenner/dev/research/model-personality-corpus-v2/data/traces_freeflow/freeflow_deepseek-v4-1-flash-or-pin-deepseek/LONG_7.json	/Users/danieltenner/dev/research/model-personality-analysis-corpus/analysis/freeflow/personality-eval-bv1/outputs/deepseek-v4-1-flash-or-pin-deepseek/LONG_7.md
BV1_02099	deepseek/deepseek-v4.1-flash	deepseek-v4-1-flash-or-pin-deepseek	LONG	openrouter	deepseek-v4-1-flash-or-pin-deepseek/LONG_8.json	2273	/Users/danieltenner/dev/research/model-personality-corpus-v2/data/traces_freeflow/freeflow_deepseek-v4-1-flash-or-pin-deepseek/LONG_8.json	/Users/danieltenner/dev/research/model-personality-analysis-corpus/analysis/freeflow/personality-eval-bv1/outputs/deepseek-v4-1-flash-or-pin-deepseek/LONG_8.md
BV1_02100	deepseek/deepseek-v4.1-flash	deepseek-v4-1-flash-or-pin-deepseek	LONG	openrouter	deepseek-v4-1-flash-or-pin-deepseek/LONG_9.json	2265	/Users/danieltenner/dev/research/model-personality-corpus-v2/data/traces_freeflow/freeflow_deepseek-v4-1-flash-or-pin-deepseek/LONG_9.json	/Users/danieltenner/dev/research/model-personality-analysis-corpus/analysis/freeflow/personality-eval-bv1/outputs/deepseek-v4-1-flash-or-pin-deepseek/LONG_9.md
BV1_02101	deepseek/deepseek-v4.1-flash	deepseek-v4-1-flash-or-pin-deepseek	MID	openrouter	deepseek-v4-1-flash-or-pin-deepseek/MID_1.json	1087	/Users/danieltenner/dev/research/model-personality-corpus-v2/data/traces_freeflow/freeflow_deepseek-v4-1-flash-or-pin-deepseek/MID_1.json	/Users/danieltenner/dev/research/model-personality-analysis-corpus/analysis/freeflow/personality-eval-bv1/outputs/deepseek-v4-1-flash-or-pin-deepseek/MID_1.md
BV1_02102	deepseek/deepseek-v4.1-flash	deepseek-v4-1-flash-or-pin-deepseek	MID	openrouter	deepseek-v4-1-flash-or-pin-deepseek/MID_10.json	953	/Users/danieltenner/dev/research/model-personality-corpus-v2/data/traces_freeflow/freeflow_deepseek-v4-1-flash-or-pin-deepseek/MID_10.json	/Users/danieltenner/dev/research/model-personality-analysis-corpus/analysis/freeflow/personality-eval-bv1/outputs/deepseek-v4-1-flash-or-pin-deepseek/MID_10.md
BV1_02103	deepseek/deepseek-v4.1-flash	deepseek-v4-1-flash-or-pin-deepseek	MID	openrouter	deepseek-v4-1-flash-or-pin-deepseek/MID_11.json	925	/Users/danieltenner/dev/research/model-personality-corpus-v2/data/traces_freeflow/freeflow_deepseek-v4-1-flash-or-pin-deepseek/MID_11.json	/Users/danieltenner/dev/research/model-personality-analysis-corpus/analysis/freeflow/personality-eval-bv1/outputs/deepseek-v4-1-flash-or-pin-deepseek/MID_11.md
BV1_02104	deepseek/deepseek-v4.1-flash	deepseek-v4-1-flash-or-pin-deepseek	MID	openrouter	deepseek-v4-1-flash-or-pin-deepseek/MID_12.json	997	/Users/danieltenner/dev/research/model-personality-corpus-v2/data/traces_freeflow/freeflow_deepseek-v4-1-flash-or-pin-deepseek/MID_12.json	/Users/danieltenner/dev/research/model-personality-analysis-corpus/analysis/freeflow/personality-eval-bv1/outputs/deepseek-v4-1-flash-or-pin-deepseek/MID_12.md
BV1_02105	deepseek/deepseek-v4.1-flash	deepseek-v4-1-flash-or-pin-deepseek	MID	openrouter	deepseek-v4-1-flash-or-pin-deepseek/MID_13.json	1061	/Users/danieltenner/dev/research/model-personality-corpus-v2/data/traces_freeflow/freeflow_deepseek-v4-1-flash-or-pin-deepseek/MID_13.json	/Users/danieltenner/dev/research/model-personality-analysis-corpus/analysis/freeflow/personality-eval-bv1/outputs/deepseek-v4-1-flash-or-pin-deepseek/MID_13.md
BV1_02106	deepseek/deepseek-v4.1-flash	deepseek-v4-1-flash-or-pin-deepseek	MID	openrouter	deepseek-v4-1-flash-or-pin-deepseek/MID_14.json	938	/Users/danieltenner/dev/research/model-personality-corpus-v2/data/traces_freeflow/freeflow_deepseek-v4-1-flash-or-pin-deepseek/MID_14.json	/Users/danieltenner/dev/research/model-personality-analysis-corpus/analysis/freeflow/personality-eval-bv1/outputs/deepseek-v4-1-flash-or-pin-deepseek/MID_14.md
BV1_02107	deepseek/deepseek-v4.1-flash	deepseek-v4-1-flash-or-pin-deepseek	MID	openrouter	deepseek-v4-1-flash-or-pin-deepseek/MID_15.json	918	/Users/danieltenner/dev/research/model-personality-corpus-v2/data/traces_freeflow/freeflow_deepseek-v4-1-flash-or-pin-deepseek/MID_15.json	/Users/danieltenner/dev/research/model-personality-analysis-corpus/analysis/freeflow/personality-eval-bv1/outputs/deepseek-v4-1-flash-or-pin-deepseek/MID_15.md
BV1_02108	deepseek/deepseek-v4.1-flash	deepseek-v4-1-flash-or-pin-deepseek	MID	openrouter	deepseek-v4-1-flash-or-pin-deepseek/MID_16.json	1036	/Users/danieltenner/dev/research/model-personality-corpus-v2/data/traces_freeflow/freeflow_deepseek-v4-1-flash-or-pin-deepseek/MID_16.json	/Users/danieltenner/dev/research/model-personality-analysis-corpus/analysis/freeflow/personality-eval-bv1/outputs/deepseek-v4-1-flash-or-pin-deepseek/MID_16.md
BV1_02109	deepseek/deepseek-v4.1-flash	deepseek-v4-1-flash-or-pin-deepseek	MID	openrouter	deepseek-v4-1-flash-or-pin-deepseek/MID_17.json	1054	/Users/danieltenner/dev/research/model-personality-corpus-v2/data/traces_freeflow/freeflow_deepseek-v4-1-flash-or-pin-deepseek/MID_17.json	/Users/danieltenner/dev/research/model-personality-analysis-corpus/analysis/freeflow/personality-eval-bv1/outputs/deepseek-v4-1-flash-or-pin-deepseek/MID_17.md
BV1_02110	deepseek/deepseek-v4.1-flash	deepseek-v4-1-flash-or-pin-deepseek	MID	openrouter	deepseek-v4-1-flash-or-pin-deepseek/MID_18.json	1108	/Users/danieltenner/dev/research/model-personality-corpus-v2/data/traces_freeflow/freeflow_deepseek-v4-1-flash-or-pin-deepseek/MID_18.json	/Users/danieltenner/dev/research/model-personality-analysis-corpus/analysis/freeflow/personality-eval-bv1/outputs/deepseek-v4-1-flash-or-pin-deepseek/MID_18.md
BV1_02111	deepseek/deepseek-v4.1-flash	deepseek-v4-1-flash-or-pin-deepseek	MID	openrouter	deepseek-v4-1-flash-or-pin-deepseek/MID_19.json	944	/Users/danieltenner/dev/research/model-personality-corpus-v2/data/traces_freeflow/freeflow_deepseek-v4-1-flash-or-pin-deepseek/MID_19.json	/Users/danieltenner/dev/research/model-personality-analysis-corpus/analysis/freeflow/personality-eval-bv1/outputs/deepseek-v4-1-flash-or-pin-deepseek/MID_19.md
BV1_02112	deepseek/deepseek-v4.1-flash	deepseek-v4-1-flash-or-pin-deepseek	MID	openrouter	deepseek-v4-1-flash-or-pin-deepseek/MID_2.json	945	/Users/danieltenner/dev/research/model-personality-corpus-v2/data/traces_freeflow/freeflow_deepseek-v4-1-flash-or-pin-deepseek/MID_2.json	/Users/danieltenner/dev/research/model-personality-analysis-corpus/analysis/freeflow/personality-eval-bv1/outputs/deepseek-v4-1-flash-or-pin-deepseek/MID_2.md
BV1_02113	deepseek/deepseek-v4.1-flash	deepseek-v4-1-flash-or-pin-deepseek	MID	openrouter	deepseek-v4-1-flash-or-pin-deepseek/MID_20.json	1017	/Users/danieltenner/dev/research/model-personality-corpus-v2/data/traces_freeflow/freeflow_deepseek-v4-1-flash-or-pin-deepseek/MID_20.json	/Users/danieltenner/dev/research/model-personality-analysis-corpus/analysis/freeflow/personality-eval-bv1/outputs/deepseek-v4-1-flash-or-pin-deepseek/MID_20.md
BV1_02114	deepseek/deepseek-v4.1-flash	deepseek-v4-1-flash-or-pin-deepseek	MID	openrouter	deepseek-v4-1-flash-or-pin-deepseek/MID_21.json	974	/Users/danieltenner/dev/research/model-personality-corpus-v2/data/traces_freeflow/freeflow_deepseek-v4-1-flash-or-pin-deepseek/MID_21.json	/Users/danieltenner/dev/research/model-personality-analysis-corpus/analysis/freeflow/personality-eval-bv1/outputs/deepseek-v4-1-flash-or-pin-deepseek/MID_21.md
BV1_02115	deepseek/deepseek-v4.1-flash	deepseek-v4-1-flash-or-pin-deepseek	MID	openrouter	deepseek-v4-1-flash-or-pin-deepseek/MID_22.json	1029	/Users/danieltenner/dev/research/model-personality-corpus-v2/data/traces_freeflow/freeflow_deepseek-v4-1-flash-or-pin-deepseek/MID_22.json	/Users/danieltenner/dev/research/model-personality-analysis-corpus/analysis/freeflow/personality-eval-bv1/outputs/deepseek-v4-1-flash-or-pin-deepseek/MID_22.md
BV1_02116	deepseek/deepseek-v4.1-flash	deepseek-v4-1-flash-or-pin-deepseek	MID	openrouter	deepseek-v4-1-flash-or-pin-deepseek/MID_23.json	947	/Users/danieltenner/dev/research/model-personality-corpus-v2/data/traces_freeflow/freeflow_deepseek-v4-1-flash-or-pin-deepseek/MID_23.json	/Users/danieltenner/dev/research/model-personality-analysis-corpus/analysis/freeflow/personality-eval-bv1/outputs/deepseek-v4-1-flash-or-pin-deepseek/MID_23.md
BV1_02117	deepseek/deepseek-v4.1-flash	deepseek-v4-1-flash-or-pin-deepseek	MID	openrouter	deepseek-v4-1-flash-or-pin-deepseek/MID_24.json	1077	/Users/danieltenner/dev/research/model-personality-corpus-v2/data/traces_freeflow/freeflow_deepseek-v4-1-flash-or-pin-deepseek/MID_24.json	/Users/danieltenner/dev/research/model-personality-analysis-corpus/analysis/freeflow/personality-eval-bv1/outputs/deepseek-v4-1-flash-or-pin-deepseek/MID_24.md
BV1_02118	deepseek/deepseek-v4.1-flash	deepseek-v4-1-flash-or-pin-deepseek	MID	openrouter	deepseek-v4-1-flash-or-pin-deepseek/MID_25.json	1051	/Users/danieltenner/dev/research/model-personality-corpus-v2/data/traces_freeflow/freeflow_deepseek-v4-1-flash-or-pin-deepseek/MID_25.json	/Users/danieltenner/dev/research/model-personality-analysis-corpus/analysis/freeflow/personality-eval-bv1/outputs/deepseek-v4-1-flash-or-pin-deepseek/MID_25.md
BV1_02119	deepseek/deepseek-v4.1-flash	deepseek-v4-1-flash-or-pin-deepseek	MID	openrouter	deepseek-v4-1-flash-or-pin-deepseek/MID_3.json	1013	/Users/danieltenner/dev/research/model-personality-corpus-v2/data/traces_freeflow/freeflow_deepseek-v4-1-flash-or-pin-deepseek/MID_3.json	/Users/danieltenner/dev/research/model-personality-analysis-corpus/analysis/freeflow/personality-eval-bv1/outputs/deepseek-v4-1-flash-or-pin-deepseek/MID_3.md
BV1_02120	deepseek/deepseek-v4.1-flash	deepseek-v4-1-flash-or-pin-deepseek	MID	openrouter	deepseek-v4-1-flash-or-pin-deepseek/MID_4.json	938	/Users/danieltenner/dev/research/model-personality-corpus-v2/data/traces_freeflow/freeflow_deepseek-v4-1-flash-or-pin-deepseek/MID_4.json	/Users/danieltenner/dev/research/model-personality-analysis-corpus/analysis/freeflow/personality-eval-bv1/outputs/deepseek-v4-1-flash-or-pin-deepseek/MID_4.md
BV1_02121	deepseek/deepseek-v4.1-flash	deepseek-v4-1-flash-or-pin-deepseek	MID	openrouter	deepseek-v4-1-flash-or-pin-deepseek/MID_5.json	1042	/Users/danieltenner/dev/research/model-personality-corpus-v2/data/traces_freeflow/freeflow_deepseek-v4-1-flash-or-pin-deepseek/MID_5.json	/Users/danieltenner/dev/research/model-personality-analysis-corpus/analysis/freeflow/personality-eval-bv1/outputs/deepseek-v4-1-flash-or-pin-deepseek/MID_5.md
BV1_02122	deepseek/deepseek-v4.1-flash	deepseek-v4-1-flash-or-pin-deepseek	MID	openrouter	deepseek-v4-1-flash-or-pin-deepseek/MID_6.json	1004	/Users/danieltenner/dev/research/model-personality-corpus-v2/data/traces_freeflow/freeflow_deepseek-v4-1-flash-or-pin-deepseek/MID_6.json	/Users/danieltenner/dev/research/model-personality-analysis-corpus/analysis/freeflow/personality-eval-bv1/outputs/deepseek-v4-1-flash-or-pin-deepseek/MID_6.md
BV1_02123	deepseek/deepseek-v4.1-flash	deepseek-v4-1-flash-or-pin-deepseek	MID	openrouter	deepseek-v4-1-flash-or-pin-deepseek/MID_7.json	1111	/Users/danieltenner/dev/research/model-personality-corpus-v2/data/traces_freeflow/freeflow_deepseek-v4-1-flash-or-pin-deepseek/MID_7.json	/Users/danieltenner/dev/research/model-personality-analysis-corpus/analysis/freeflow/personality-eval-bv1/outputs/deepseek-v4-1-flash-or-pin-deepseek/MID_7.md
BV1_02124	deepseek/deepseek-v4.1-flash	deepseek-v4-1-flash-or-pin-deepseek	MID	openrouter	deepseek-v4-1-flash-or-pin-deepseek/MID_8.json	1114	/Users/danieltenner/dev/research/model-personality-corpus-v2/data/traces_freeflow/freeflow_deepseek-v4-1-flash-or-pin-deepseek/MID_8.json	/Users/danieltenner/dev/research/model-personality-analysis-corpus/analysis/freeflow/personality-eval-bv1/outputs/deepseek-v4-1-flash-or-pin-deepseek/MID_8.md
BV1_02125	deepseek/deepseek-v4.1-flash	deepseek-v4-1-flash-or-pin-deepseek	MID	openrouter	deepseek-v4-1-flash-or-pin-deepseek/MID_9.json	893	/Users/danieltenner/dev/research/model-personality-corpus-v2/data/traces_freeflow/freeflow_deepseek-v4-1-flash-or-pin-deepseek/MID_9.json	/Users/danieltenner/dev/research/model-personality-analysis-corpus/analysis/freeflow/personality-eval-bv1/outputs/deepseek-v4-1-flash-or-pin-deepseek/MID_9.md
BV1_02126	deepseek/deepseek-v4.1-flash	deepseek-v4-1-flash-or-pin-deepseek	OPEN	openrouter	deepseek-v4-1-flash-or-pin-deepseek/OPEN_1.json	551	/Users/danieltenner/dev/research/model-personality-corpus-v2/data/traces_freeflow/freeflow_deepseek-v4-1-flash-or-pin-deepseek/OPEN_1.json	/Users/danieltenner/dev/research/model-personality-analysis-corpus/analysis/freeflow/personality-eval-bv1/outputs/deepseek-v4-1-flash-or-pin-deepseek/OPEN_1.md
BV1_02127	deepseek/deepseek-v4.1-flash	deepseek-v4-1-flash-or-pin-deepseek	OPEN	openrouter	deepseek-v4-1-flash-or-pin-deepseek/OPEN_10.json	324	/Users/danieltenner/dev/research/model-personality-corpus-v2/data/traces_freeflow/freeflow_deepseek-v4-1-flash-or-pin-deepseek/OPEN_10.json	/Users/danieltenner/dev/research/model-personality-analysis-corpus/analysis/freeflow/personality-eval-bv1/outputs/deepseek-v4-1-flash-or-pin-deepseek/OPEN_10.md
BV1_02128	deepseek/deepseek-v4.1-flash	deepseek-v4-1-flash-or-pin-deepseek	OPEN	openrouter	deepseek-v4-1-flash-or-pin-deepseek/OPEN_11.json	577	/Users/danieltenner/dev/research/model-personality-corpus-v2/data/traces_freeflow/freeflow_deepseek-v4-1-flash-or-pin-deepseek/OPEN_11.json	/Users/danieltenner/dev/research/model-personality-analysis-corpus/analysis/freeflow/personality-eval-bv1/outputs/deepseek-v4-1-flash-or-pin-deepseek/OPEN_11.md
BV1_02129	deepseek/deepseek-v4.1-flash	deepseek-v4-1-flash-or-pin-deepseek	OPEN	openrouter	deepseek-v4-1-flash-or-pin-deepseek/OPEN_12.json	520	/Users/danieltenner/dev/research/model-personality-corpus-v2/data/traces_freeflow/freeflow_deepseek-v4-1-flash-or-pin-deepseek/OPEN_12.json	/Users/danieltenner/dev/research/model-personality-analysis-corpus/analysis/freeflow/personality-eval-bv1/outputs/deepseek-v4-1-flash-or-pin-deepseek/OPEN_12.md
BV1_02130	deepseek/deepseek-v4.1-flash	deepseek-v4-1-flash-or-pin-deepseek	OPEN	openrouter	deepseek-v4-1-flash-or-pin-deepseek/OPEN_13.json	444	/Users/danieltenner/dev/research/model-personality-corpus-v2/data/traces_freeflow/freeflow_deepseek-v4-1-flash-or-pin-deepseek/OPEN_13.json	/Users/danieltenner/dev/research/model-personality-analysis-corpus/analysis/freeflow/personality-eval-bv1/outputs/deepseek-v4-1-flash-or-pin-deepseek/OPEN_13.md
BV1_02131	deepseek/deepseek-v4.1-flash	deepseek-v4-1-flash-or-pin-deepseek	OPEN	openrouter	deepseek-v4-1-flash-or-pin-deepseek/OPEN_14.json	790	/Users/danieltenner/dev/research/model-personality-corpus-v2/data/traces_freeflow/freeflow_deepseek-v4-1-flash-or-pin-deepseek/OPEN_14.json	/Users/danieltenner/dev/research/model-personality-analysis-corpus/analysis/freeflow/personality-eval-bv1/outputs/deepseek-v4-1-flash-or-pin-deepseek/OPEN_14.md
BV1_02132	deepseek/deepseek-v4.1-flash	deepseek-v4-1-flash-or-pin-deepseek	OPEN	openrouter	deepseek-v4-1-flash-or-pin-deepseek/OPEN_15.json	375	/Users/danieltenner/dev/research/model-personality-corpus-v2/data/traces_freeflow/freeflow_deepseek-v4-1-flash-or-pin-deepseek/OPEN_15.json	/Users/danieltenner/dev/research/model-personality-analysis-corpus/analysis/freeflow/personality-eval-bv1/outputs/deepseek-v4-1-flash-or-pin-deepseek/OPEN_15.md
BV1_02133	deepseek/deepseek-v4.1-flash	deepseek-v4-1-flash-or-pin-deepseek	OPEN	openrouter	deepseek-v4-1-flash-or-pin-deepseek/OPEN_16.json	268	/Users/danieltenner/dev/research/model-personality-corpus-v2/data/traces_freeflow/freeflow_deepseek-v4-1-flash-or-pin-deepseek/OPEN_16.json	/Users/danieltenner/dev/research/model-personality-analysis-corpus/analysis/freeflow/personality-eval-bv1/outputs/deepseek-v4-1-flash-or-pin-deepseek/OPEN_16.md
BV1_02134	deepseek/deepseek-v4.1-flash	deepseek-v4-1-flash-or-pin-deepseek	OPEN	openrouter	deepseek-v4-1-flash-or-pin-deepseek/OPEN_17.json	606	/Users/danieltenner/dev/research/model-personality-corpus-v2/data/traces_freeflow/freeflow_deepseek-v4-1-flash-or-pin-deepseek/OPEN_17.json	/Users/danieltenner/dev/research/model-personality-analysis-corpus/analysis/freeflow/personality-eval-bv1/outputs/deepseek-v4-1-flash-or-pin-deepseek/OPEN_17.md
BV1_02135	deepseek/deepseek-v4.1-flash	deepseek-v4-1-flash-or-pin-deepseek	OPEN	openrouter	deepseek-v4-1-flash-or-pin-deepseek/OPEN_18.json	456	/Users/danieltenner/dev/research/model-personality-corpus-v2/data/traces_freeflow/freeflow_deepseek-v4-1-flash-or-pin-deepseek/OPEN_18.json	/Users/danieltenner/dev/research/model-personality-analysis-corpus/analysis/freeflow/personality-eval-bv1/outputs/deepseek-v4-1-flash-or-pin-deepseek/OPEN_18.md
BV1_02136	deepseek/deepseek-v4.1-flash	deepseek-v4-1-flash-or-pin-deepseek	OPEN	openrouter	deepseek-v4-1-flash-or-pin-deepseek/OPEN_19.json	471	/Users/danieltenner/dev/research/model-personality-corpus-v2/data/traces_freeflow/freeflow_deepseek-v4-1-flash-or-pin-deepseek/OPEN_19.json	/Users/danieltenner/dev/research/model-personality-analysis-corpus/analysis/freeflow/personality-eval-bv1/outputs/deepseek-v4-1-flash-or-pin-deepseek/OPEN_19.md
BV1_02137	deepseek/deepseek-v4.1-flash	deepseek-v4-1-flash-or-pin-deepseek	OPEN	openrouter	deepseek-v4-1-flash-or-pin-deepseek/OPEN_2.json	708	/Users/danieltenner/dev/research/model-personality-corpus-v2/data/traces_freeflow/freeflow_deepseek-v4-1-flash-or-pin-deepseek/OPEN_2.json	/Users/danieltenner/dev/research/model-personality-analysis-corpus/analysis/freeflow/personality-eval-bv1/outputs/deepseek-v4-1-flash-or-pin-deepseek/OPEN_2.md
BV1_02138	deepseek/deepseek-v4.1-flash	deepseek-v4-1-flash-or-pin-deepseek	OPEN	openrouter	deepseek-v4-1-flash-or-pin-deepseek/OPEN_20.json	316	/Users/danieltenner/dev/research/model-personality-corpus-v2/data/traces_freeflow/freeflow_deepseek-v4-1-flash-or-pin-deepseek/OPEN_20.json	/Users/danieltenner/dev/research/model-personality-analysis-corpus/analysis/freeflow/personality-eval-bv1/outputs/deepseek-v4-1-flash-or-pin-deepseek/OPEN_20.md
BV1_02139	deepseek/deepseek-v4.1-flash	deepseek-v4-1-flash-or-pin-deepseek	OPEN	openrouter	deepseek-v4-1-flash-or-pin-deepseek/OPEN_21.json	531	/Users/danieltenner/dev/research/model-personality-corpus-v2/data/traces_freeflow/freeflow_deepseek-v4-1-flash-or-pin-deepseek/OPEN_21.json	/Users/danieltenner/dev/research/model-personality-analysis-corpus/analysis/freeflow/personality-eval-bv1/outputs/deepseek-v4-1-flash-or-pin-deepseek/OPEN_21.md
BV1_02140	deepseek/deepseek-v4.1-flash	deepseek-v4-1-flash-or-pin-deepseek	OPEN	openrouter	deepseek-v4-1-flash-or-pin-deepseek/OPEN_22.json	712	/Users/danieltenner/dev/research/model-personality-corpus-v2/data/traces_freeflow/freeflow_deepseek-v4-1-flash-or-pin-deepseek/OPEN_22.json	/Users/danieltenner/dev/research/model-personality-analysis-corpus/analysis/freeflow/personality-eval-bv1/outputs/deepseek-v4-1-flash-or-pin-deepseek/OPEN_22.md
BV1_02141	deepseek/deepseek-v4.1-flash	deepseek-v4-1-flash-or-pin-deepseek	OPEN	openrouter	deepseek-v4-1-flash-or-pin-deepseek/OPEN_23.json	304	/Users/danieltenner/dev/research/model-personality-corpus-v2/data/traces_freeflow/freeflow_deepseek-v4-1-flash-or-pin-deepseek/OPEN_23.json	/Users/danieltenner/dev/research/model-personality-analysis-corpus/analysis/freeflow/personality-eval-bv1/outputs/deepseek-v4-1-flash-or-pin-deepseek/OPEN_23.md
BV1_02142	deepseek/deepseek-v4.1-flash	deepseek-v4-1-flash-or-pin-deepseek	OPEN	openrouter	deepseek-v4-1-flash-or-pin-deepseek/OPEN_24.json	431	/Users/danieltenner/dev/research/model-personality-corpus-v2/data/traces_freeflow/freeflow_deepseek-v4-1-flash-or-pin-deepseek/OPEN_24.json	/Users/danieltenner/dev/research/model-personality-analysis-corpus/analysis/freeflow/personality-eval-bv1/outputs/deepseek-v4-1-flash-or-pin-deepseek/OPEN_24.md
BV1_02143	deepseek/deepseek-v4.1-flash	deepseek-v4-1-flash-or-pin-deepseek	OPEN	openrouter	deepseek-v4-1-flash-or-pin-deepseek/OPEN_25.json	616	/Users/danieltenner/dev/research/model-personality-corpus-v2/data/traces_freeflow/freeflow_deepseek-v4-1-flash-or-pin-deepseek/OPEN_25.json	/Users/danieltenner/dev/research/model-personality-analysis-corpus/analysis/freeflow/personality-eval-bv1/outputs/deepseek-v4-1-flash-or-pin-deepseek/OPEN_25.md
BV1_02144	deepseek/deepseek-v4.1-flash	deepseek-v4-1-flash-or-pin-deepseek	OPEN	openrouter	deepseek-v4-1-flash-or-pin-deepseek/OPEN_3.json	570	/Users/danieltenner/dev/research/model-personality-corpus-v2/data/traces_freeflow/freeflow_deepseek-v4-1-flash-or-pin-deepseek/OPEN_3.json	/Users/danieltenner/dev/research/model-personality-analysis-corpus/analysis/freeflow/personality-eval-bv1/outputs/deepseek-v4-1-flash-or-pin-deepseek/OPEN_3.md
BV1_02145	deepseek/deepseek-v4.1-flash	deepseek-v4-1-flash-or-pin-deepseek	OPEN	openrouter	deepseek-v4-1-flash-or-pin-deepseek/OPEN_4.json	339	/Users/danieltenner/dev/research/model-personality-corpus-v2/data/traces_freeflow/freeflow_deepseek-v4-1-flash-or-pin-deepseek/OPEN_4.json	/Users/danieltenner/dev/research/model-personality-analysis-corpus/analysis/freeflow/personality-eval-bv1/outputs/deepseek-v4-1-flash-or-pin-deepseek/OPEN_4.md
BV1_02146	deepseek/deepseek-v4.1-flash	deepseek-v4-1-flash-or-pin-deepseek	OPEN	openrouter	deepseek-v4-1-flash-or-pin-deepseek/OPEN_5.json	574	/Users/danieltenner/dev/research/model-personality-corpus-v2/data/traces_freeflow/freeflow_deepseek-v4-1-flash-or-pin-deepseek/OPEN_5.json	/Users/danieltenner/dev/research/model-personality-analysis-corpus/analysis/freeflow/personality-eval-bv1/outputs/deepseek-v4-1-flash-or-pin-deepseek/OPEN_5.md
BV1_02147	deepseek/deepseek-v4.1-flash	deepseek-v4-1-flash-or-pin-deepseek	OPEN	openrouter	deepseek-v4-1-flash-or-pin-deepseek/OPEN_6.json	470	/Users/danieltenner/dev/research/model-personality-corpus-v2/data/traces_freeflow/freeflow_deepseek-v4-1-flash-or-pin-deepseek/OPEN_6.json	/Users/danieltenner/dev/research/model-personality-analysis-corpus/analysis/freeflow/personality-eval-bv1/outputs/deepseek-v4-1-flash-or-pin-deepseek/OPEN_6.md
BV1_02148	deepseek/deepseek-v4.1-flash	deepseek-v4-1-flash-or-pin-deepseek	OPEN	openrouter	deepseek-v4-1-flash-or-pin-deepseek/OPEN_7.json	327	/Users/danieltenner/dev/research/model-personality-corpus-v2/data/traces_freeflow/freeflow_deepseek-v4-1-flash-or-pin-deepseek/OPEN_7.json	/Users/danieltenner/dev/research/model-personality-analysis-corpus/analysis/freeflow/personality-eval-bv1/outputs/deepseek-v4-1-flash-or-pin-deepseek/OPEN_7.md
BV1_02149	deepseek/deepseek-v4.1-flash	deepseek-v4-1-flash-or-pin-deepseek	OPEN	openrouter	deepseek-v4-1-flash-or-pin-deepseek/OPEN_8.json	589	/Users/danieltenner/dev/research/model-personality-corpus-v2/data/traces_freeflow/freeflow_deepseek-v4-1-flash-or-pin-deepseek/OPEN_8.json	/Users/danieltenner/dev/research/model-personality-analysis-corpus/analysis/freeflow/personality-eval-bv1/outputs/deepseek-v4-1-flash-or-pin-deepseek/OPEN_8.md
BV1_02150	deepseek/deepseek-v4.1-flash	deepseek-v4-1-flash-or-pin-deepseek	OPEN	openrouter	deepseek-v4-1-flash-or-pin-deepseek/OPEN_9.json	358	/Users/danieltenner/dev/research/model-personality-corpus-v2/data/traces_freeflow/freeflow_deepseek-v4-1-flash-or-pin-deepseek/OPEN_9.json	/Users/danieltenner/dev/research/model-personality-analysis-corpus/analysis/freeflow/personality-eval-bv1/outputs/deepseek-v4-1-flash-or-pin-deepseek/OPEN_9.md
BV1_02151	deepseek/deepseek-v4.1-flash	deepseek-v4-1-flash-or-pin-deepseek	SHORT	openrouter	deepseek-v4-1-flash-or-pin-deepseek/SHORT_1.json	266	/Users/danieltenner/dev/research/model-personality-corpus-v2/data/traces_freeflow/freeflow_deepseek-v4-1-flash-or-pin-deepseek/SHORT_1.json	/Users/danieltenner/dev/research/model-personality-analysis-corpus/analysis/freeflow/personality-eval-bv1/outputs/deepseek-v4-1-flash-or-pin-deepseek/SHORT_1.md
BV1_02152	deepseek/deepseek-v4.1-flash	deepseek-v4-1-flash-or-pin-deepseek	SHORT	openrouter	deepseek-v4-1-flash-or-pin-deepseek/SHORT_10.json	195	/Users/danieltenner/dev/research/model-personality-corpus-v2/data/traces_freeflow/freeflow_deepseek-v4-1-flash-or-pin-deepseek/SHORT_10.json	/Users/danieltenner/dev/research/model-personality-analysis-corpus/analysis/freeflow/personality-eval-bv1/outputs/deepseek-v4-1-flash-or-pin-deepseek/SHORT_10.md
BV1_02153	deepseek/deepseek-v4.1-flash	deepseek-v4-1-flash-or-pin-deepseek	SHORT	openrouter	deepseek-v4-1-flash-or-pin-deepseek/SHORT_11.json	227	/Users/danieltenner/dev/research/model-personality-corpus-v2/data/traces_freeflow/freeflow_deepseek-v4-1-flash-or-pin-deepseek/SHORT_11.json	/Users/danieltenner/dev/research/model-personality-analysis-corpus/analysis/freeflow/personality-eval-bv1/outputs/deepseek-v4-1-flash-or-pin-deepseek/SHORT_11.md
BV1_02154	deepseek/deepseek-v4.1-flash	deepseek-v4-1-flash-or-pin-deepseek	SHORT	openrouter	deepseek-v4-1-flash-or-pin-deepseek/SHORT_12.json	203	/Users/danieltenner/dev/research/model-personality-corpus-v2/data/traces_freeflow/freeflow_deepseek-v4-1-flash-or-pin-deepseek/SHORT_12.json	/Users/danieltenner/dev/research/model-personality-analysis-corpus/analysis/freeflow/personality-eval-bv1/outputs/deepseek-v4-1-flash-or-pin-deepseek/SHORT_12.md
BV1_02155	deepseek/deepseek-v4.1-flash	deepseek-v4-1-flash-or-pin-deepseek	SHORT	openrouter	deepseek-v4-1-flash-or-pin-deepseek/SHORT_13.json	221	/Users/danieltenner/dev/research/model-personality-corpus-v2/data/traces_freeflow/freeflow_deepseek-v4-1-flash-or-pin-deepseek/SHORT_13.json	/Users/danieltenner/dev/research/model-personality-analysis-corpus/analysis/freeflow/personality-eval-bv1/outputs/deepseek-v4-1-flash-or-pin-deepseek/SHORT_13.md
BV1_02156	deepseek/deepseek-v4.1-flash	deepseek-v4-1-flash-or-pin-deepseek	SHORT	openrouter	deepseek-v4-1-flash-or-pin-deepseek/SHORT_14.json	218	/Users/danieltenner/dev/research/model-personality-corpus-v2/data/traces_freeflow/freeflow_deepseek-v4-1-flash-or-pin-deepseek/SHORT_14.json	/Users/danieltenner/dev/research/model-personality-analysis-corpus/analysis/freeflow/personality-eval-bv1/outputs/deepseek-v4-1-flash-or-pin-deepseek/SHORT_14.md
BV1_02157	deepseek/deepseek-v4.1-flash	deepseek-v4-1-flash-or-pin-deepseek	SHORT	openrouter	deepseek-v4-1-flash-or-pin-deepseek/SHORT_15.json	201	/Users/danieltenner/dev/research/model-personality-corpus-v2/data/traces_freeflow/freeflow_deepseek-v4-1-flash-or-pin-deepseek/SHORT_15.json	/Users/danieltenner/dev/research/model-personality-analysis-corpus/analysis/freeflow/personality-eval-bv1/outputs/deepseek-v4-1-flash-or-pin-deepseek/SHORT_15.md
BV1_02158	deepseek/deepseek-v4.1-flash	deepseek-v4-1-flash-or-pin-deepseek	SHORT	openrouter	deepseek-v4-1-flash-or-pin-deepseek/SHORT_16.json	254	/Users/danieltenner/dev/research/model-personality-corpus-v2/data/traces_freeflow/freeflow_deepseek-v4-1-flash-or-pin-deepseek/SHORT_16.json	/Users/danieltenner/dev/research/model-personality-analysis-corpus/analysis/freeflow/personality-eval-bv1/outputs/deepseek-v4-1-flash-or-pin-deepseek/SHORT_16.md
BV1_02159	deepseek/deepseek-v4.1-flash	deepseek-v4-1-flash-or-pin-deepseek	SHORT	openrouter	deepseek-v4-1-flash-or-pin-deepseek/SHORT_17.json	219	/Users/danieltenner/dev/research/model-personality-corpus-v2/data/traces_freeflow/freeflow_deepseek-v4-1-flash-or-pin-deepseek/SHORT_17.json	/Users/danieltenner/dev/research/model-personality-analysis-corpus/analysis/freeflow/personality-eval-bv1/outputs/deepseek-v4-1-flash-or-pin-deepseek/SHORT_17.md
BV1_02160	deepseek/deepseek-v4.1-flash	deepseek-v4-1-flash-or-pin-deepseek	SHORT	openrouter	deepseek-v4-1-flash-or-pin-deepseek/SHORT_18.json	183	/Users/danieltenner/dev/research/model-personality-corpus-v2/data/traces_freeflow/freeflow_deepseek-v4-1-flash-or-pin-deepseek/SHORT_18.json	/Users/danieltenner/dev/research/model-personality-analysis-corpus/analysis/freeflow/personality-eval-bv1/outputs/deepseek-v4-1-flash-or-pin-deepseek/SHORT_18.md
BV1_02161	deepseek/deepseek-v4.1-flash	deepseek-v4-1-flash-or-pin-deepseek	SHORT	openrouter	deepseek-v4-1-flash-or-pin-deepseek/SHORT_19.json	191	/Users/danieltenner/dev/research/model-personality-corpus-v2/data/traces_freeflow/freeflow_deepseek-v4-1-flash-or-pin-deepseek/SHORT_19.json	/Users/danieltenner/dev/research/model-personality-analysis-corpus/analysis/freeflow/personality-eval-bv1/outputs/deepseek-v4-1-flash-or-pin-deepseek/SHORT_19.md
BV1_02162	deepseek/deepseek-v4.1-flash	deepseek-v4-1-flash-or-pin-deepseek	SHORT	openrouter	deepseek-v4-1-flash-or-pin-deepseek/SHORT_2.json	215	/Users/danieltenner/dev/research/model-personality-corpus-v2/data/traces_freeflow/freeflow_deepseek-v4-1-flash-or-pin-deepseek/SHORT_2.json	/Users/danieltenner/dev/research/model-personality-analysis-corpus/analysis/freeflow/personality-eval-bv1/outputs/deepseek-v4-1-flash-or-pin-deepseek/SHORT_2.md
BV1_02163	deepseek/deepseek-v4.1-flash	deepseek-v4-1-flash-or-pin-deepseek	SHORT	openrouter	deepseek-v4-1-flash-or-pin-deepseek/SHORT_20.json	209	/Users/danieltenner/dev/research/model-personality-corpus-v2/data/traces_freeflow/freeflow_deepseek-v4-1-flash-or-pin-deepseek/SHORT_20.json	/Users/danieltenner/dev/research/model-personality-analysis-corpus/analysis/freeflow/personality-eval-bv1/outputs/deepseek-v4-1-flash-or-pin-deepseek/SHORT_20.md
BV1_02164	deepseek/deepseek-v4.1-flash	deepseek-v4-1-flash-or-pin-deepseek	SHORT	openrouter	deepseek-v4-1-flash-or-pin-deepseek/SHORT_21.json	233	/Users/danieltenner/dev/research/model-personality-corpus-v2/data/traces_freeflow/freeflow_deepseek-v4-1-flash-or-pin-deepseek/SHORT_21.json	/Users/danieltenner/dev/research/model-personality-analysis-corpus/analysis/freeflow/personality-eval-bv1/outputs/deepseek-v4-1-flash-or-pin-deepseek/SHORT_21.md
BV1_02165	deepseek/deepseek-v4.1-flash	deepseek-v4-1-flash-or-pin-deepseek	SHORT	openrouter	deepseek-v4-1-flash-or-pin-deepseek/SHORT_22.json	216	/Users/danieltenner/dev/research/model-personality-corpus-v2/data/traces_freeflow/freeflow_deepseek-v4-1-flash-or-pin-deepseek/SHORT_22.json	/Users/danieltenner/dev/research/model-personality-analysis-corpus/analysis/freeflow/personality-eval-bv1/outputs/deepseek-v4-1-flash-or-pin-deepseek/SHORT_22.md
BV1_02166	deepseek/deepseek-v4.1-flash	deepseek-v4-1-flash-or-pin-deepseek	SHORT	openrouter	deepseek-v4-1-flash-or-pin-deepseek/SHORT_23.json	217	/Users/danieltenner/dev/research/model-personality-corpus-v2/data/traces_freeflow/freeflow_deepseek-v4-1-flash-or-pin-deepseek/SHORT_23.json	/Users/danieltenner/dev/research/model-personality-analysis-corpus/analysis/freeflow/personality-eval-bv1/outputs/deepseek-v4-1-flash-or-pin-deepseek/SHORT_23.md
BV1_02167	deepseek/deepseek-v4.1-flash	deepseek-v4-1-flash-or-pin-deepseek	SHORT	openrouter	deepseek-v4-1-flash-or-pin-deepseek/SHORT_24.json	220	/Users/danieltenner/dev/research/model-personality-corpus-v2/data/traces_freeflow/freeflow_deepseek-v4-1-flash-or-pin-deepseek/SHORT_24.json	/Users/danieltenner/dev/research/model-personality-analysis-corpus/analysis/freeflow/personality-eval-bv1/outputs/deepseek-v4-1-flash-or-pin-deepseek/SHORT_24.md
BV1_02168	deepseek/deepseek-v4.1-flash	deepseek-v4-1-flash-or-pin-deepseek	SHORT	openrouter	deepseek-v4-1-flash-or-pin-deepseek/SHORT_25.json	206	/Users/danieltenner/dev/research/model-personality-corpus-v2/data/traces_freeflow/freeflow_deepseek-v4-1-flash-or-pin-deepseek/SHORT_25.json	/Users/danieltenner/dev/research/model-personality-analysis-corpus/analysis/freeflow/personality-eval-bv1/outputs/deepseek-v4-1-flash-or-pin-deepseek/SHORT_25.md
BV1_02169	deepseek/deepseek-v4.1-flash	deepseek-v4-1-flash-or-pin-deepseek	SHORT	openrouter	deepseek-v4-1-flash-or-pin-deepseek/SHORT_3.json	215	/Users/danieltenner/dev/research/model-personality-corpus-v2/data/traces_freeflow/freeflow_deepseek-v4-1-flash-or-pin-deepseek/SHORT_3.json	/Users/danieltenner/dev/research/model-personality-analysis-corpus/analysis/freeflow/personality-eval-bv1/outputs/deepseek-v4-1-flash-or-pin-deepseek/SHORT_3.md
BV1_02170	deepseek/deepseek-v4.1-flash	deepseek-v4-1-flash-or-pin-deepseek	SHORT	openrouter	deepseek-v4-1-flash-or-pin-deepseek/SHORT_4.json	204	/Users/danieltenner/dev/research/model-personality-corpus-v2/data/traces_freeflow/freeflow_deepseek-v4-1-flash-or-pin-deepseek/SHORT_4.json	/Users/danieltenner/dev/research/model-personality-analysis-corpus/analysis/freeflow/personality-eval-bv1/outputs/deepseek-v4-1-flash-or-pin-deepseek/SHORT_4.md
BV1_02171	deepseek/deepseek-v4.1-flash	deepseek-v4-1-flash-or-pin-deepseek	SHORT	openrouter	deepseek-v4-1-flash-or-pin-deepseek/SHORT_5.json	220	/Users/danieltenner/dev/research/model-personality-corpus-v2/data/traces_freeflow/freeflow_deepseek-v4-1-flash-or-pin-deepseek/SHORT_5.json	/Users/danieltenner/dev/research/model-personality-analysis-corpus/analysis/freeflow/personality-eval-bv1/outputs/deepseek-v4-1-flash-or-pin-deepseek/SHORT_5.md
BV1_02172	deepseek/deepseek-v4.1-flash	deepseek-v4-1-flash-or-pin-deepseek	SHORT	openrouter	deepseek-v4-1-flash-or-pin-deepseek/SHORT_6.json	205	/Users/danieltenner/dev/research/model-personality-corpus-v2/data/traces_freeflow/freeflow_deepseek-v4-1-flash-or-pin-deepseek/SHORT_6.json	/Users/danieltenner/dev/research/model-personality-analysis-corpus/analysis/freeflow/personality-eval-bv1/outputs/deepseek-v4-1-flash-or-pin-deepseek/SHORT_6.md
BV1_02173	deepseek/deepseek-v4.1-flash	deepseek-v4-1-flash-or-pin-deepseek	SHORT	openrouter	deepseek-v4-1-flash-or-pin-deepseek/SHORT_7.json	200	/Users/danieltenner/dev/research/model-personality-corpus-v2/data/traces_freeflow/freeflow_deepseek-v4-1-flash-or-pin-deepseek/SHORT_7.json	/Users/danieltenner/dev/research/model-personality-analysis-corpus/analysis/freeflow/personality-eval-bv1/outputs/deepseek-v4-1-flash-or-pin-deepseek/SHORT_7.md
BV1_02174	deepseek/deepseek-v4.1-flash	deepseek-v4-1-flash-or-pin-deepseek	SHORT	openrouter	deepseek-v4-1-flash-or-pin-deepseek/SHORT_8.json	200	/Users/danieltenner/dev/research/model-personality-corpus-v2/data/traces_freeflow/freeflow_deepseek-v4-1-flash-or-pin-deepseek/SHORT_8.json	/Users/danieltenner/dev/research/model-personality-analysis-corpus/analysis/freeflow/personality-eval-bv1/outputs/deepseek-v4-1-flash-or-pin-deepseek/SHORT_8.md
BV1_02175	deepseek/deepseek-v4.1-flash	deepseek-v4-1-flash-or-pin-deepseek	SHORT	openrouter	deepseek-v4-1-flash-or-pin-deepseek/SHORT_9.json	195	/Users/danieltenner/dev/research/model-personality-corpus-v2/data/traces_freeflow/freeflow_deepseek-v4-1-flash-or-pin-deepseek/SHORT_9.json	/Users/danieltenner/dev/research/model-personality-analysis-corpus/analysis/freeflow/personality-eval-bv1/outputs/deepseek-v4-1-flash-or-pin-deepseek/SHORT_9.md
BV1_02176	deepseek/deepseek-v4.1-flash	deepseek-v4-1-flash-or-pin-deepseek	VARY	openrouter	deepseek-v4-1-flash-or-pin-deepseek/VARY_1.json	993	/Users/danieltenner/dev/research/model-personality-corpus-v2/data/traces_freeflow/freeflow_deepseek-v4-1-flash-or-pin-deepseek/VARY_1.json	/Users/danieltenner/dev/research/model-personality-analysis-corpus/analysis/freeflow/personality-eval-bv1/outputs/deepseek-v4-1-flash-or-pin-deepseek/VARY_1.md
BV1_02177	deepseek/deepseek-v4.1-flash	deepseek-v4-1-flash-or-pin-deepseek	VARY	openrouter	deepseek-v4-1-flash-or-pin-deepseek/VARY_10.json	1000	/Users/danieltenner/dev/research/model-personality-corpus-v2/data/traces_freeflow/freeflow_deepseek-v4-1-flash-or-pin-deepseek/VARY_10.json	/Users/danieltenner/dev/research/model-personality-analysis-corpus/analysis/freeflow/personality-eval-bv1/outputs/deepseek-v4-1-flash-or-pin-deepseek/VARY_10.md
BV1_02178	deepseek/deepseek-v4.1-flash	deepseek-v4-1-flash-or-pin-deepseek	VARY	openrouter	deepseek-v4-1-flash-or-pin-deepseek/VARY_11.json	1340	/Users/danieltenner/dev/research/model-personality-corpus-v2/data/traces_freeflow/freeflow_deepseek-v4-1-flash-or-pin-deepseek/VARY_11.json	/Users/danieltenner/dev/research/model-personality-analysis-corpus/analysis/freeflow/personality-eval-bv1/outputs/deepseek-v4-1-flash-or-pin-deepseek/VARY_11.md
BV1_02179	deepseek/deepseek-v4.1-flash	deepseek-v4-1-flash-or-pin-deepseek	VARY	openrouter	deepseek-v4-1-flash-or-pin-deepseek/VARY_12.json	1001	/Users/danieltenner/dev/research/model-personality-corpus-v2/data/traces_freeflow/freeflow_deepseek-v4-1-flash-or-pin-deepseek/VARY_12.json	/Users/danieltenner/dev/research/model-personality-analysis-corpus/analysis/freeflow/personality-eval-bv1/outputs/deepseek-v4-1-flash-or-pin-deepseek/VARY_12.md
BV1_02180	deepseek/deepseek-v4.1-flash	deepseek-v4-1-flash-or-pin-deepseek	VARY	openrouter	deepseek-v4-1-flash-or-pin-deepseek/VARY_13.json	1078	/Users/danieltenner/dev/research/model-personality-corpus-v2/data/traces_freeflow/freeflow_deepseek-v4-1-flash-or-pin-deepseek/VARY_13.json	/Users/danieltenner/dev/research/model-personality-analysis-corpus/analysis/freeflow/personality-eval-bv1/outputs/deepseek-v4-1-flash-or-pin-deepseek/VARY_13.md
BV1_02181	deepseek/deepseek-v4.1-flash	deepseek-v4-1-flash-or-pin-deepseek	VARY	openrouter	deepseek-v4-1-flash-or-pin-deepseek/VARY_14.json	1000	/Users/danieltenner/dev/research/model-personality-corpus-v2/data/traces_freeflow/freeflow_deepseek-v4-1-flash-or-pin-deepseek/VARY_14.json	/Users/danieltenner/dev/research/model-personality-analysis-corpus/analysis/freeflow/personality-eval-bv1/outputs/deepseek-v4-1-flash-or-pin-deepseek/VARY_14.md
BV1_02182	deepseek/deepseek-v4.1-flash	deepseek-v4-1-flash-or-pin-deepseek	VARY	openrouter	deepseek-v4-1-flash-or-pin-deepseek/VARY_15.json	997	/Users/danieltenner/dev/research/model-personality-corpus-v2/data/traces_freeflow/freeflow_deepseek-v4-1-flash-or-pin-deepseek/VARY_15.json	/Users/danieltenner/dev/research/model-personality-analysis-corpus/analysis/freeflow/personality-eval-bv1/outputs/deepseek-v4-1-flash-or-pin-deepseek/VARY_15.md
BV1_02183	deepseek/deepseek-v4.1-flash	deepseek-v4-1-flash-or-pin-deepseek	VARY	openrouter	deepseek-v4-1-flash-or-pin-deepseek/VARY_16.json	1358	/Users/danieltenner/dev/research/model-personality-corpus-v2/data/traces_freeflow/freeflow_deepseek-v4-1-flash-or-pin-deepseek/VARY_16.json	/Users/danieltenner/dev/research/model-personality-analysis-corpus/analysis/freeflow/personality-eval-bv1/outputs/deepseek-v4-1-flash-or-pin-deepseek/VARY_16.md
BV1_02184	deepseek/deepseek-v4.1-flash	deepseek-v4-1-flash-or-pin-deepseek	VARY	openrouter	deepseek-v4-1-flash-or-pin-deepseek/VARY_17.json	1004	/Users/danieltenner/dev/research/model-personality-corpus-v2/data/traces_freeflow/freeflow_deepseek-v4-1-flash-or-pin-deepseek/VARY_17.json	/Users/danieltenner/dev/research/model-personality-analysis-corpus/analysis/freeflow/personality-eval-bv1/outputs/deepseek-v4-1-flash-or-pin-deepseek/VARY_17.md
BV1_02185	deepseek/deepseek-v4.1-flash	deepseek-v4-1-flash-or-pin-deepseek	VARY	openrouter	deepseek-v4-1-flash-or-pin-deepseek/VARY_18.json	1439	/Users/danieltenner/dev/research/model-personality-corpus-v2/data/traces_freeflow/freeflow_deepseek-v4-1-flash-or-pin-deepseek/VARY_18.json	/Users/danieltenner/dev/research/model-personality-analysis-corpus/analysis/freeflow/personality-eval-bv1/outputs/deepseek-v4-1-flash-or-pin-deepseek/VARY_18.md
BV1_02186	deepseek/deepseek-v4.1-flash	deepseek-v4-1-flash-or-pin-deepseek	VARY	openrouter	deepseek-v4-1-flash-or-pin-deepseek/VARY_19.json	991	/Users/danieltenner/dev/research/model-personality-corpus-v2/data/traces_freeflow/freeflow_deepseek-v4-1-flash-or-pin-deepseek/VARY_19.json	/Users/danieltenner/dev/research/model-personality-analysis-corpus/analysis/freeflow/personality-eval-bv1/outputs/deepseek-v4-1-flash-or-pin-deepseek/VARY_19.md
BV1_02187	deepseek/deepseek-v4.1-flash	deepseek-v4-1-flash-or-pin-deepseek	VARY	openrouter	deepseek-v4-1-flash-or-pin-deepseek/VARY_2.json	993	/Users/danieltenner/dev/research/model-personality-corpus-v2/data/traces_freeflow/freeflow_deepseek-v4-1-flash-or-pin-deepseek/VARY_2.json	/Users/danieltenner/dev/research/model-personality-analysis-corpus/analysis/freeflow/personality-eval-bv1/outputs/deepseek-v4-1-flash-or-pin-deepseek/VARY_2.md
BV1_02188	deepseek/deepseek-v4.1-flash	deepseek-v4-1-flash-or-pin-deepseek	VARY	openrouter	deepseek-v4-1-flash-or-pin-deepseek/VARY_20.json	1104	/Users/danieltenner/dev/research/model-personality-corpus-v2/data/traces_freeflow/freeflow_deepseek-v4-1-flash-or-pin-deepseek/VARY_20.json	/Users/danieltenner/dev/research/model-personality-analysis-corpus/analysis/freeflow/personality-eval-bv1/outputs/deepseek-v4-1-flash-or-pin-deepseek/VARY_20.md
BV1_02189	deepseek/deepseek-v4.1-flash	deepseek-v4-1-flash-or-pin-deepseek	VARY	openrouter	deepseek-v4-1-flash-or-pin-deepseek/VARY_21.json	1011	/Users/danieltenner/dev/research/model-personality-corpus-v2/data/traces_freeflow/freeflow_deepseek-v4-1-flash-or-pin-deepseek/VARY_21.json	/Users/danieltenner/dev/research/model-personality-analysis-corpus/analysis/freeflow/personality-eval-bv1/outputs/deepseek-v4-1-flash-or-pin-deepseek/VARY_21.md
BV1_02190	deepseek/deepseek-v4.1-flash	deepseek-v4-1-flash-or-pin-deepseek	VARY	openrouter	deepseek-v4-1-flash-or-pin-deepseek/VARY_22.json	1466	/Users/danieltenner/dev/research/model-personality-corpus-v2/data/traces_freeflow/freeflow_deepseek-v4-1-flash-or-pin-deepseek/VARY_22.json	/Users/danieltenner/dev/research/model-personality-analysis-corpus/analysis/freeflow/personality-eval-bv1/outputs/deepseek-v4-1-flash-or-pin-deepseek/VARY_22.md
BV1_02191	deepseek/deepseek-v4.1-flash	deepseek-v4-1-flash-or-pin-deepseek	VARY	openrouter	deepseek-v4-1-flash-or-pin-deepseek/VARY_23.json	1537	/Users/danieltenner/dev/research/model-personality-corpus-v2/data/traces_freeflow/freeflow_deepseek-v4-1-flash-or-pin-deepseek/VARY_23.json	/Users/danieltenner/dev/research/model-personality-analysis-corpus/analysis/freeflow/personality-eval-bv1/outputs/deepseek-v4-1-flash-or-pin-deepseek/VARY_23.md
BV1_02192	deepseek/deepseek-v4.1-flash	deepseek-v4-1-flash-or-pin-deepseek	VARY	openrouter	deepseek-v4-1-flash-or-pin-deepseek/VARY_24.json	999	/Users/danieltenner/dev/research/model-personality-corpus-v2/data/traces_freeflow/freeflow_deepseek-v4-1-flash-or-pin-deepseek/VARY_24.json	/Users/danieltenner/dev/research/model-personality-analysis-corpus/analysis/freeflow/personality-eval-bv1/outputs/deepseek-v4-1-flash-or-pin-deepseek/VARY_24.md
BV1_02193	deepseek/deepseek-v4.1-flash	deepseek-v4-1-flash-or-pin-deepseek	VARY	openrouter	deepseek-v4-1-flash-or-pin-deepseek/VARY_25.json	1083	/Users/danieltenner/dev/research/model-personality-corpus-v2/data/traces_freeflow/freeflow_deepseek-v4-1-flash-or-pin-deepseek/VARY_25.json	/Users/danieltenner/dev/research/model-personality-analysis-corpus/analysis/freeflow/personality-eval-bv1/outputs/deepseek-v4-1-flash-or-pin-deepseek/VARY_25.md
BV1_02194	deepseek/deepseek-v4.1-flash	deepseek-v4-1-flash-or-pin-deepseek	VARY	openrouter	deepseek-v4-1-flash-or-pin-deepseek/VARY_3.json	1000	/Users/danieltenner/dev/research/model-personality-corpus-v2/data/traces_freeflow/freeflow_deepseek-v4-1-flash-or-pin-deepseek/VARY_3.json	/Users/danieltenner/dev/research/model-personality-analysis-corpus/analysis/freeflow/personality-eval-bv1/outputs/deepseek-v4-1-flash-or-pin-deepseek/VARY_3.md
BV1_02195	deepseek/deepseek-v4.1-flash	deepseek-v4-1-flash-or-pin-deepseek	VARY	openrouter	deepseek-v4-1-flash-or-pin-deepseek/VARY_4.json	1000	/Users/danieltenner/dev/research/model-personality-corpus-v2/data/traces_freeflow/freeflow_deepseek-v4-1-flash-or-pin-deepseek/VARY_4.json	/Users/danieltenner/dev/research/model-personality-analysis-corpus/analysis/freeflow/personality-eval-bv1/outputs/deepseek-v4-1-flash-or-pin-deepseek/VARY_4.md
BV1_02196	deepseek/deepseek-v4.1-flash	deepseek-v4-1-flash-or-pin-deepseek	VARY	openrouter	deepseek-v4-1-flash-or-pin-deepseek/VARY_5.json	1061	/Users/danieltenner/dev/research/model-personality-corpus-v2/data/traces_freeflow/freeflow_deepseek-v4-1-flash-or-pin-deepseek/VARY_5.json	/Users/danieltenner/dev/research/model-personality-analysis-corpus/analysis/freeflow/personality-eval-bv1/outputs/deepseek-v4-1-flash-or-pin-deepseek/VARY_5.md
BV1_02197	deepseek/deepseek-v4.1-flash	deepseek-v4-1-flash-or-pin-deepseek	VARY	openrouter	deepseek-v4-1-flash-or-pin-deepseek/VARY_6.json	837	/Users/danieltenner/dev/research/model-personality-corpus-v2/data/traces_freeflow/freeflow_deepseek-v4-1-flash-or-pin-deepseek/VARY_6.json	/Users/danieltenner/dev/research/model-personality-analysis-corpus/analysis/freeflow/personality-eval-bv1/outputs/deepseek-v4-1-flash-or-pin-deepseek/VARY_6.md
BV1_02198	deepseek/deepseek-v4.1-flash	deepseek-v4-1-flash-or-pin-deepseek	VARY	openrouter	deepseek-v4-1-flash-or-pin-deepseek/VARY_7.json	1230	/Users/danieltenner/dev/research/model-personality-corpus-v2/data/traces_freeflow/freeflow_deepseek-v4-1-flash-or-pin-deepseek/VARY_7.json	/Users/danieltenner/dev/research/model-personality-analysis-corpus/analysis/freeflow/personality-eval-bv1/outputs/deepseek-v4-1-flash-or-pin-deepseek/VARY_7.md
BV1_02199	deepseek/deepseek-v4.1-flash	deepseek-v4-1-flash-or-pin-deepseek	VARY	openrouter	deepseek-v4-1-flash-or-pin-deepseek/VARY_8.json	1001	/Users/danieltenner/dev/research/model-personality-corpus-v2/data/traces_freeflow/freeflow_deepseek-v4-1-flash-or-pin-deepseek/VARY_8.json	/Users/danieltenner/dev/research/model-personality-analysis-corpus/analysis/freeflow/personality-eval-bv1/outputs/deepseek-v4-1-flash-or-pin-deepseek/VARY_8.md
BV1_02200	deepseek/deepseek-v4.1-flash	deepseek-v4-1-flash-or-pin-deepseek	VARY	openrouter	deepseek-v4-1-flash-or-pin-deepseek/VARY_9.json	994	/Users/danieltenner/dev/research/model-personality-corpus-v2/data/traces_freeflow/freeflow_deepseek-v4-1-flash-or-pin-deepseek/VARY_9.json	/Users/danieltenner/dev/research/model-personality-analysis-corpus/analysis/freeflow/personality-eval-bv1/outputs/deepseek-v4-1-flash-or-pin-deepseek/VARY_9.md
BV1_22076	inception/mercury-2.5	mercury-2-5-or-pin-inception	LONG	openrouter	mercury-2-5-or-pin-inception/LONG_1.json	2335	/Users/danieltenner/dev/research/model-personality-corpus-v2/data/traces_freeflow/freeflow_mercury-2-5-or-pin-inception/LONG_1.json	/Users/danieltenner/dev/research/model-personality-analysis-corpus/analysis/freeflow/personality-eval-bv1/outputs/mercury-2-5-or-pin-inception/LONG_1.md
BV1_22077	inception/mercury-2.5	mercury-2-5-or-pin-inception	LONG	openrouter	mercury-2-5-or-pin-inception/LONG_10.json	2294	/Users/danieltenner/dev/research/model-personality-corpus-v2/data/traces_freeflow/freeflow_mercury-2-5-or-pin-inception/LONG_10.json	/Users/danieltenner/dev/research/model-personality-analysis-corpus/analysis/freeflow/personality-eval-bv1/outputs/mercury-2-5-or-pin-inception/LONG_10.md
BV1_22078	inception/mercury-2.5	mercury-2-5-or-pin-inception	LONG	openrouter	mercury-2-5-or-pin-inception/LONG_11.json	2216	/Users/danieltenner/dev/research/model-personality-corpus-v2/data/traces_freeflow/freeflow_mercury-2-5-or-pin-inception/LONG_11.json	/Users/danieltenner/dev/research/model-personality-analysis-corpus/analysis/freeflow/personality-eval-bv1/outputs/mercury-2-5-or-pin-inception/LONG_11.md
BV1_22079	inception/mercury-2.5	mercury-2-5-or-pin-inception	LONG	openrouter	mercury-2-5-or-pin-inception/LONG_12.json	2296	/Users/danieltenner/dev/research/model-personality-corpus-v2/data/traces_freeflow/freeflow_mercury-2-5-or-pin-inception/LONG_12.json	/Users/danieltenner/dev/research/model-personality-analysis-corpus/analysis/freeflow/personality-eval-bv1/outputs/mercury-2-5-or-pin-inception/LONG_12.md
BV1_22080	inception/mercury-2.5	mercury-2-5-or-pin-inception	LONG	openrouter	mercury-2-5-or-pin-inception/LONG_13.json	2744	/Users/danieltenner/dev/research/model-personality-corpus-v2/data/traces_freeflow/freeflow_mercury-2-5-or-pin-inception/LONG_13.json	/Users/danieltenner/dev/research/model-personality-analysis-corpus/analysis/freeflow/personality-eval-bv1/outputs/mercury-2-5-or-pin-inception/LONG_13.md
BV1_22081	inception/mercury-2.5	mercury-2-5-or-pin-inception	LONG	openrouter	mercury-2-5-or-pin-inception/LONG_14.json	2119	/Users/danieltenner/dev/research/model-personality-corpus-v2/data/traces_freeflow/freeflow_mercury-2-5-or-pin-inception/LONG_14.json	/Users/danieltenner/dev/research/model-personality-analysis-corpus/analysis/freeflow/personality-eval-bv1/outputs/mercury-2-5-or-pin-inception/LONG_14.md
BV1_22082	inception/mercury-2.5	mercury-2-5-or-pin-inception	LONG	openrouter	mercury-2-5-or-pin-inception/LONG_15.json	2259	/Users/danieltenner/dev/research/model-personality-corpus-v2/data/traces_freeflow/freeflow_mercury-2-5-or-pin-inception/LONG_15.json	/Users/danieltenner/dev/research/model-personality-analysis-corpus/analysis/freeflow/personality-eval-bv1/outputs/mercury-2-5-or-pin-inception/LONG_15.md
BV1_22083	inception/mercury-2.5	mercury-2-5-or-pin-inception	LONG	openrouter	mercury-2-5-or-pin-inception/LONG_16.json	2179	/Users/danieltenner/dev/research/model-personality-corpus-v2/data/traces_freeflow/freeflow_mercury-2-5-or-pin-inception/LONG_16.json	/Users/danieltenner/dev/research/model-personality-analysis-corpus/analysis/freeflow/personality-eval-bv1/outputs/mercury-2-5-or-pin-inception/LONG_16.md
BV1_22084	inception/mercury-2.5	mercury-2-5-or-pin-inception	LONG	openrouter	mercury-2-5-or-pin-inception/LONG_17.json	2717	/Users/danieltenner/dev/research/model-personality-corpus-v2/data/traces_freeflow/freeflow_mercury-2-5-or-pin-inception/LONG_17.json	/Users/danieltenner/dev/research/model-personality-analysis-corpus/analysis/freeflow/personality-eval-bv1/outputs/mercury-2-5-or-pin-inception/LONG_17.md
BV1_22085	inception/mercury-2.5	mercury-2-5-or-pin-inception	LONG	openrouter	mercury-2-5-or-pin-inception/LONG_18.json	2536	/Users/danieltenner/dev/research/model-personality-corpus-v2/data/traces_freeflow/freeflow_mercury-2-5-or-pin-inception/LONG_18.json	/Users/danieltenner/dev/research/model-personality-analysis-corpus/analysis/freeflow/personality-eval-bv1/outputs/mercury-2-5-or-pin-inception/LONG_18.md
BV1_22086	inception/mercury-2.5	mercury-2-5-or-pin-inception	LONG	openrouter	mercury-2-5-or-pin-inception/LONG_19.json	2277	/Users/danieltenner/dev/research/model-personality-corpus-v2/data/traces_freeflow/freeflow_mercury-2-5-or-pin-inception/LONG_19.json	/Users/danieltenner/dev/research/model-personality-analysis-corpus/analysis/freeflow/personality-eval-bv1/outputs/mercury-2-5-or-pin-inception/LONG_19.md
BV1_22087	inception/mercury-2.5	mercury-2-5-or-pin-inception	LONG	openrouter	mercury-2-5-or-pin-inception/LONG_2.json	2349	/Users/danieltenner/dev/research/model-personality-corpus-v2/data/traces_freeflow/freeflow_mercury-2-5-or-pin-inception/LONG_2.json	/Users/danieltenner/dev/research/model-personality-analysis-corpus/analysis/freeflow/personality-eval-bv1/outputs/mercury-2-5-or-pin-inception/LONG_2.md
BV1_22088	inception/mercury-2.5	mercury-2-5-or-pin-inception	LONG	openrouter	mercury-2-5-or-pin-inception/LONG_20.json	2483	/Users/danieltenner/dev/research/model-personality-corpus-v2/data/traces_freeflow/freeflow_mercury-2-5-or-pin-inception/LONG_20.json	/Users/danieltenner/dev/research/model-personality-analysis-corpus/analysis/freeflow/personality-eval-bv1/outputs/mercury-2-5-or-pin-inception/LONG_20.md
BV1_22089	inception/mercury-2.5	mercury-2-5-or-pin-inception	LONG	openrouter	mercury-2-5-or-pin-inception/LONG_21.json	2143	/Users/danieltenner/dev/research/model-personality-corpus-v2/data/traces_freeflow/freeflow_mercury-2-5-or-pin-inception/LONG_21.json	/Users/danieltenner/dev/research/model-personality-analysis-corpus/analysis/freeflow/personality-eval-bv1/outputs/mercury-2-5-or-pin-inception/LONG_21.md
BV1_22090	inception/mercury-2.5	mercury-2-5-or-pin-inception	LONG	openrouter	mercury-2-5-or-pin-inception/LONG_22.json	2451	/Users/danieltenner/dev/research/model-personality-corpus-v2/data/traces_freeflow/freeflow_mercury-2-5-or-pin-inception/LONG_22.json	/Users/danieltenner/dev/research/model-personality-analysis-corpus/analysis/freeflow/personality-eval-bv1/outputs/mercury-2-5-or-pin-inception/LONG_22.md
BV1_22091	inception/mercury-2.5	mercury-2-5-or-pin-inception	LONG	openrouter	mercury-2-5-or-pin-inception/LONG_23.json	2264	/Users/danieltenner/dev/research/model-personality-corpus-v2/data/traces_freeflow/freeflow_mercury-2-5-or-pin-inception/LONG_23.json	/Users/danieltenner/dev/research/model-personality-analysis-corpus/analysis/freeflow/personality-eval-bv1/outputs/mercury-2-5-or-pin-inception/LONG_23.md
BV1_22092	inception/mercury-2.5	mercury-2-5-or-pin-inception	LONG	openrouter	mercury-2-5-or-pin-inception/LONG_24.json	2154	/Users/danieltenner/dev/research/model-personality-corpus-v2/data/traces_freeflow/freeflow_mercury-2-5-or-pin-inception/LONG_24.json	/Users/danieltenner/dev/research/model-personality-analysis-corpus/analysis/freeflow/personality-eval-bv1/outputs/mercury-2-5-or-pin-inception/LONG_24.md
BV1_22093	inception/mercury-2.5	mercury-2-5-or-pin-inception	LONG	openrouter	mercury-2-5-or-pin-inception/LONG_25.json	2227	/Users/danieltenner/dev/research/model-personality-corpus-v2/data/traces_freeflow/freeflow_mercury-2-5-or-pin-inception/LONG_25.json	/Users/danieltenner/dev/research/model-personality-analysis-corpus/analysis/freeflow/personality-eval-bv1/outputs/mercury-2-5-or-pin-inception/LONG_25.md
BV1_22094	inception/mercury-2.5	mercury-2-5-or-pin-inception	LONG	openrouter	mercury-2-5-or-pin-inception/LONG_3.json	2395	/Users/danieltenner/dev/research/model-personality-corpus-v2/data/traces_freeflow/freeflow_mercury-2-5-or-pin-inception/LONG_3.json	/Users/danieltenner/dev/research/model-personality-analysis-corpus/analysis/freeflow/personality-eval-bv1/outputs/mercury-2-5-or-pin-inception/LONG_3.md
BV1_22095	inception/mercury-2.5	mercury-2-5-or-pin-inception	LONG	openrouter	mercury-2-5-or-pin-inception/LONG_4.json	2727	/Users/danieltenner/dev/research/model-personality-corpus-v2/data/traces_freeflow/freeflow_mercury-2-5-or-pin-inception/LONG_4.json	/Users/danieltenner/dev/research/model-personality-analysis-corpus/analysis/freeflow/personality-eval-bv1/outputs/mercury-2-5-or-pin-inception/LONG_4.md
BV1_22096	inception/mercury-2.5	mercury-2-5-or-pin-inception	LONG	openrouter	mercury-2-5-or-pin-inception/LONG_5.json	2166	/Users/danieltenner/dev/research/model-personality-corpus-v2/data/traces_freeflow/freeflow_mercury-2-5-or-pin-inception/LONG_5.json	/Users/danieltenner/dev/research/model-personality-analysis-corpus/analysis/freeflow/personality-eval-bv1/outputs/mercury-2-5-or-pin-inception/LONG_5.md
BV1_22097	inception/mercury-2.5	mercury-2-5-or-pin-inception	LONG	openrouter	mercury-2-5-or-pin-inception/LONG_6.json	2489	/Users/danieltenner/dev/research/model-personality-corpus-v2/data/traces_freeflow/freeflow_mercury-2-5-or-pin-inception/LONG_6.json	/Users/danieltenner/dev/research/model-personality-analysis-corpus/analysis/freeflow/personality-eval-bv1/outputs/mercury-2-5-or-pin-inception/LONG_6.md
BV1_22098	inception/mercury-2.5	mercury-2-5-or-pin-inception	LONG	openrouter	mercury-2-5-or-pin-inception/LONG_7.json	2521	/Users/danieltenner/dev/research/model-personality-corpus-v2/data/traces_freeflow/freeflow_mercury-2-5-or-pin-inception/LONG_7.json	/Users/danieltenner/dev/research/model-personality-analysis-corpus/analysis/freeflow/personality-eval-bv1/outputs/mercury-2-5-or-pin-inception/LONG_7.md
BV1_22099	inception/mercury-2.5	mercury-2-5-or-pin-inception	LONG	openrouter	mercury-2-5-or-pin-inception/LONG_8.json	1803	/Users/danieltenner/dev/research/model-personality-corpus-v2/data/traces_freeflow/freeflow_mercury-2-5-or-pin-inception/LONG_8.json	/Users/danieltenner/dev/research/model-personality-analysis-corpus/analysis/freeflow/personality-eval-bv1/outputs/mercury-2-5-or-pin-inception/LONG_8.md
BV1_22100	inception/mercury-2.5	mercury-2-5-or-pin-inception	LONG	openrouter	mercury-2-5-or-pin-inception/LONG_9.json	2560	/Users/danieltenner/dev/research/model-personality-corpus-v2/data/traces_freeflow/freeflow_mercury-2-5-or-pin-inception/LONG_9.json	/Users/danieltenner/dev/research/model-personality-analysis-corpus/analysis/freeflow/personality-eval-bv1/outputs/mercury-2-5-or-pin-inception/LONG_9.md
BV1_22101	inception/mercury-2.5	mercury-2-5-or-pin-inception	MID	openrouter	mercury-2-5-or-pin-inception/MID_1.json	899	/Users/danieltenner/dev/research/model-personality-corpus-v2/data/traces_freeflow/freeflow_mercury-2-5-or-pin-inception/MID_1.json	/Users/danieltenner/dev/research/model-personality-analysis-corpus/analysis/freeflow/personality-eval-bv1/outputs/mercury-2-5-or-pin-inception/MID_1.md
BV1_22102	inception/mercury-2.5	mercury-2-5-or-pin-inception	MID	openrouter	mercury-2-5-or-pin-inception/MID_10.json	945	/Users/danieltenner/dev/research/model-personality-corpus-v2/data/traces_freeflow/freeflow_mercury-2-5-or-pin-inception/MID_10.json	/Users/danieltenner/dev/research/model-personality-analysis-corpus/analysis/freeflow/personality-eval-bv1/outputs/mercury-2-5-or-pin-inception/MID_10.md
BV1_22103	inception/mercury-2.5	mercury-2-5-or-pin-inception	MID	openrouter	mercury-2-5-or-pin-inception/MID_11.json	1051	/Users/danieltenner/dev/research/model-personality-corpus-v2/data/traces_freeflow/freeflow_mercury-2-5-or-pin-inception/MID_11.json	/Users/danieltenner/dev/research/model-personality-analysis-corpus/analysis/freeflow/personality-eval-bv1/outputs/mercury-2-5-or-pin-inception/MID_11.md
BV1_22104	inception/mercury-2.5	mercury-2-5-or-pin-inception	MID	openrouter	mercury-2-5-or-pin-inception/MID_12.json	1119	/Users/danieltenner/dev/research/model-personality-corpus-v2/data/traces_freeflow/freeflow_mercury-2-5-or-pin-inception/MID_12.json	/Users/danieltenner/dev/research/model-personality-analysis-corpus/analysis/freeflow/personality-eval-bv1/outputs/mercury-2-5-or-pin-inception/MID_12.md
BV1_22105	inception/mercury-2.5	mercury-2-5-or-pin-inception	MID	openrouter	mercury-2-5-or-pin-inception/MID_13.json	948	/Users/danieltenner/dev/research/model-personality-corpus-v2/data/traces_freeflow/freeflow_mercury-2-5-or-pin-inception/MID_13.json	/Users/danieltenner/dev/research/model-personality-analysis-corpus/analysis/freeflow/personality-eval-bv1/outputs/mercury-2-5-or-pin-inception/MID_13.md
BV1_22106	inception/mercury-2.5	mercury-2-5-or-pin-inception	MID	openrouter	mercury-2-5-or-pin-inception/MID_14.json	1021	/Users/danieltenner/dev/research/model-personality-corpus-v2/data/traces_freeflow/freeflow_mercury-2-5-or-pin-inception/MID_14.json	/Users/danieltenner/dev/research/model-personality-analysis-corpus/analysis/freeflow/personality-eval-bv1/outputs/mercury-2-5-or-pin-inception/MID_14.md
BV1_22107	inception/mercury-2.5	mercury-2-5-or-pin-inception	MID	openrouter	mercury-2-5-or-pin-inception/MID_15.json	1092	/Users/danieltenner/dev/research/model-personality-corpus-v2/data/traces_freeflow/freeflow_mercury-2-5-or-pin-inception/MID_15.json	/Users/danieltenner/dev/research/model-personality-analysis-corpus/analysis/freeflow/personality-eval-bv1/outputs/mercury-2-5-or-pin-inception/MID_15.md
BV1_22108	inception/mercury-2.5	mercury-2-5-or-pin-inception	MID	openrouter	mercury-2-5-or-pin-inception/MID_16.json	1170	/Users/danieltenner/dev/research/model-personality-corpus-v2/data/traces_freeflow/freeflow_mercury-2-5-or-pin-inception/MID_16.json	/Users/danieltenner/dev/research/model-personality-analysis-corpus/analysis/freeflow/personality-eval-bv1/outputs/mercury-2-5-or-pin-inception/MID_16.md
BV1_22109	inception/mercury-2.5	mercury-2-5-or-pin-inception	MID	openrouter	mercury-2-5-or-pin-inception/MID_17.json	1008	/Users/danieltenner/dev/research/model-personality-corpus-v2/data/traces_freeflow/freeflow_mercury-2-5-or-pin-inception/MID_17.json	/Users/danieltenner/dev/research/model-personality-analysis-corpus/analysis/freeflow/personality-eval-bv1/outputs/mercury-2-5-or-pin-inception/MID_17.md
BV1_22110	inception/mercury-2.5	mercury-2-5-or-pin-inception	MID	openrouter	mercury-2-5-or-pin-inception/MID_18.json	1004	/Users/danieltenner/dev/research/model-personality-corpus-v2/data/traces_freeflow/freeflow_mercury-2-5-or-pin-inception/MID_18.json	/Users/danieltenner/dev/research/model-personality-analysis-corpus/analysis/freeflow/personality-eval-bv1/outputs/mercury-2-5-or-pin-inception/MID_18.md
BV1_22111	inception/mercury-2.5	mercury-2-5-or-pin-inception	MID	openrouter	mercury-2-5-or-pin-inception/MID_19.json	889	/Users/danieltenner/dev/research/model-personality-corpus-v2/data/traces_freeflow/freeflow_mercury-2-5-or-pin-inception/MID_19.json	/Users/danieltenner/dev/research/model-personality-analysis-corpus/analysis/freeflow/personality-eval-bv1/outputs/mercury-2-5-or-pin-inception/MID_19.md
BV1_22112	inception/mercury-2.5	mercury-2-5-or-pin-inception	MID	openrouter	mercury-2-5-or-pin-inception/MID_2.json	800	/Users/danieltenner/dev/research/model-personality-corpus-v2/data/traces_freeflow/freeflow_mercury-2-5-or-pin-inception/MID_2.json	/Users/danieltenner/dev/research/model-personality-analysis-corpus/analysis/freeflow/personality-eval-bv1/outputs/mercury-2-5-or-pin-inception/MID_2.md
BV1_22113	inception/mercury-2.5	mercury-2-5-or-pin-inception	MID	openrouter	mercury-2-5-or-pin-inception/MID_20.json	1149	/Users/danieltenner/dev/research/model-personality-corpus-v2/data/traces_freeflow/freeflow_mercury-2-5-or-pin-inception/MID_20.json	/Users/danieltenner/dev/research/model-personality-analysis-corpus/analysis/freeflow/personality-eval-bv1/outputs/mercury-2-5-or-pin-inception/MID_20.md
BV1_22114	inception/mercury-2.5	mercury-2-5-or-pin-inception	MID	openrouter	mercury-2-5-or-pin-inception/MID_21.json	1222	/Users/danieltenner/dev/research/model-personality-corpus-v2/data/traces_freeflow/freeflow_mercury-2-5-or-pin-inception/MID_21.json	/Users/danieltenner/dev/research/model-personality-analysis-corpus/analysis/freeflow/personality-eval-bv1/outputs/mercury-2-5-or-pin-inception/MID_21.md
BV1_22115	inception/mercury-2.5	mercury-2-5-or-pin-inception	MID	openrouter	mercury-2-5-or-pin-inception/MID_22.json	984	/Users/danieltenner/dev/research/model-personality-corpus-v2/data/traces_freeflow/freeflow_mercury-2-5-or-pin-inception/MID_22.json	/Users/danieltenner/dev/research/model-personality-analysis-corpus/analysis/freeflow/personality-eval-bv1/outputs/mercury-2-5-or-pin-inception/MID_22.md
BV1_22116	inception/mercury-2.5	mercury-2-5-or-pin-inception	MID	openrouter	mercury-2-5-or-pin-inception/MID_23.json	956	/Users/danieltenner/dev/research/model-personality-corpus-v2/data/traces_freeflow/freeflow_mercury-2-5-or-pin-inception/MID_23.json	/Users/danieltenner/dev/research/model-personality-analysis-corpus/analysis/freeflow/personality-eval-bv1/outputs/mercury-2-5-or-pin-inception/MID_23.md
BV1_22117	inception/mercury-2.5	mercury-2-5-or-pin-inception	MID	openrouter	mercury-2-5-or-pin-inception/MID_24.json	983	/Users/danieltenner/dev/research/model-personality-corpus-v2/data/traces_freeflow/freeflow_mercury-2-5-or-pin-inception/MID_24.json	/Users/danieltenner/dev/research/model-personality-analysis-corpus/analysis/freeflow/personality-eval-bv1/outputs/mercury-2-5-or-pin-inception/MID_24.md
BV1_22118	inception/mercury-2.5	mercury-2-5-or-pin-inception	MID	openrouter	mercury-2-5-or-pin-inception/MID_25.json	838	/Users/danieltenner/dev/research/model-personality-corpus-v2/data/traces_freeflow/freeflow_mercury-2-5-or-pin-inception/MID_25.json	/Users/danieltenner/dev/research/model-personality-analysis-corpus/analysis/freeflow/personality-eval-bv1/outputs/mercury-2-5-or-pin-inception/MID_25.md
BV1_22119	inception/mercury-2.5	mercury-2-5-or-pin-inception	MID	openrouter	mercury-2-5-or-pin-inception/MID_3.json	1082	/Users/danieltenner/dev/research/model-personality-corpus-v2/data/traces_freeflow/freeflow_mercury-2-5-or-pin-inception/MID_3.json	/Users/danieltenner/dev/research/model-personality-analysis-corpus/analysis/freeflow/personality-eval-bv1/outputs/mercury-2-5-or-pin-inception/MID_3.md
BV1_22120	inception/mercury-2.5	mercury-2-5-or-pin-inception	MID	openrouter	mercury-2-5-or-pin-inception/MID_4.json	1122	/Users/danieltenner/dev/research/model-personality-corpus-v2/data/traces_freeflow/freeflow_mercury-2-5-or-pin-inception/MID_4.json	/Users/danieltenner/dev/research/model-personality-analysis-corpus/analysis/freeflow/personality-eval-bv1/outputs/mercury-2-5-or-pin-inception/MID_4.md
BV1_22121	inception/mercury-2.5	mercury-2-5-or-pin-inception	MID	openrouter	mercury-2-5-or-pin-inception/MID_5.json	910	/Users/danieltenner/dev/research/model-personality-corpus-v2/data/traces_freeflow/freeflow_mercury-2-5-or-pin-inception/MID_5.json	/Users/danieltenner/dev/research/model-personality-analysis-corpus/analysis/freeflow/personality-eval-bv1/outputs/mercury-2-5-or-pin-inception/MID_5.md
BV1_22122	inception/mercury-2.5	mercury-2-5-or-pin-inception	MID	openrouter	mercury-2-5-or-pin-inception/MID_6.json	1031	/Users/danieltenner/dev/research/model-personality-corpus-v2/data/traces_freeflow/freeflow_mercury-2-5-or-pin-inception/MID_6.json	/Users/danieltenner/dev/research/model-personality-analysis-corpus/analysis/freeflow/personality-eval-bv1/outputs/mercury-2-5-or-pin-inception/MID_6.md
BV1_22123	inception/mercury-2.5	mercury-2-5-or-pin-inception	MID	openrouter	mercury-2-5-or-pin-inception/MID_7.json	922	/Users/danieltenner/dev/research/model-personality-corpus-v2/data/traces_freeflow/freeflow_mercury-2-5-or-pin-inception/MID_7.json	/Users/danieltenner/dev/research/model-personality-analysis-corpus/analysis/freeflow/personality-eval-bv1/outputs/mercury-2-5-or-pin-inception/MID_7.md
BV1_22124	inception/mercury-2.5	mercury-2-5-or-pin-inception	MID	openrouter	mercury-2-5-or-pin-inception/MID_8.json	853	/Users/danieltenner/dev/research/model-personality-corpus-v2/data/traces_freeflow/freeflow_mercury-2-5-or-pin-inception/MID_8.json	/Users/danieltenner/dev/research/model-personality-analysis-corpus/analysis/freeflow/personality-eval-bv1/outputs/mercury-2-5-or-pin-inception/MID_8.md
BV1_22125	inception/mercury-2.5	mercury-2-5-or-pin-inception	MID	openrouter	mercury-2-5-or-pin-inception/MID_9.json	1031	/Users/danieltenner/dev/research/model-personality-corpus-v2/data/traces_freeflow/freeflow_mercury-2-5-or-pin-inception/MID_9.json	/Users/danieltenner/dev/research/model-personality-analysis-corpus/analysis/freeflow/personality-eval-bv1/outputs/mercury-2-5-or-pin-inception/MID_9.md
BV1_22126	inception/mercury-2.5	mercury-2-5-or-pin-inception	OPEN	openrouter	mercury-2-5-or-pin-inception/OPEN_1.json	230	/Users/danieltenner/dev/research/model-personality-corpus-v2/data/traces_freeflow/freeflow_mercury-2-5-or-pin-inception/OPEN_1.json	/Users/danieltenner/dev/research/model-personality-analysis-corpus/analysis/freeflow/personality-eval-bv1/outputs/mercury-2-5-or-pin-inception/OPEN_1.md
BV1_22127	inception/mercury-2.5	mercury-2-5-or-pin-inception	OPEN	openrouter	mercury-2-5-or-pin-inception/OPEN_10.json	195	/Users/danieltenner/dev/research/model-personality-corpus-v2/data/traces_freeflow/freeflow_mercury-2-5-or-pin-inception/OPEN_10.json	/Users/danieltenner/dev/research/model-personality-analysis-corpus/analysis/freeflow/personality-eval-bv1/outputs/mercury-2-5-or-pin-inception/OPEN_10.md
BV1_22128	inception/mercury-2.5	mercury-2-5-or-pin-inception	OPEN	openrouter	mercury-2-5-or-pin-inception/OPEN_11.json	160	/Users/danieltenner/dev/research/model-personality-corpus-v2/data/traces_freeflow/freeflow_mercury-2-5-or-pin-inception/OPEN_11.json	/Users/danieltenner/dev/research/model-personality-analysis-corpus/analysis/freeflow/personality-eval-bv1/outputs/mercury-2-5-or-pin-inception/OPEN_11.md
BV1_22129	inception/mercury-2.5	mercury-2-5-or-pin-inception	OPEN	openrouter	mercury-2-5-or-pin-inception/OPEN_12.json	214	/Users/danieltenner/dev/research/model-personality-corpus-v2/data/traces_freeflow/freeflow_mercury-2-5-or-pin-inception/OPEN_12.json	/Users/danieltenner/dev/research/model-personality-analysis-corpus/analysis/freeflow/personality-eval-bv1/outputs/mercury-2-5-or-pin-inception/OPEN_12.md
BV1_22130	inception/mercury-2.5	mercury-2-5-or-pin-inception	OPEN	openrouter	mercury-2-5-or-pin-inception/OPEN_13.json	302	/Users/danieltenner/dev/research/model-personality-corpus-v2/data/traces_freeflow/freeflow_mercury-2-5-or-pin-inception/OPEN_13.json	/Users/danieltenner/dev/research/model-personality-analysis-corpus/analysis/freeflow/personality-eval-bv1/outputs/mercury-2-5-or-pin-inception/OPEN_13.md
BV1_22131	inception/mercury-2.5	mercury-2-5-or-pin-inception	OPEN	openrouter	mercury-2-5-or-pin-inception/OPEN_14.json	165	/Users/danieltenner/dev/research/model-personality-corpus-v2/data/traces_freeflow/freeflow_mercury-2-5-or-pin-inception/OPEN_14.json	/Users/danieltenner/dev/research/model-personality-analysis-corpus/analysis/freeflow/personality-eval-bv1/outputs/mercury-2-5-or-pin-inception/OPEN_14.md
BV1_22132	inception/mercury-2.5	mercury-2-5-or-pin-inception	OPEN	openrouter	mercury-2-5-or-pin-inception/OPEN_15.json	312	/Users/danieltenner/dev/research/model-personality-corpus-v2/data/traces_freeflow/freeflow_mercury-2-5-or-pin-inception/OPEN_15.json	/Users/danieltenner/dev/research/model-personality-analysis-corpus/analysis/freeflow/personality-eval-bv1/outputs/mercury-2-5-or-pin-inception/OPEN_15.md
BV1_22133	inception/mercury-2.5	mercury-2-5-or-pin-inception	OPEN	openrouter	mercury-2-5-or-pin-inception/OPEN_16.json	152	/Users/danieltenner/dev/research/model-personality-corpus-v2/data/traces_freeflow/freeflow_mercury-2-5-or-pin-inception/OPEN_16.json	/Users/danieltenner/dev/research/model-personality-analysis-corpus/analysis/freeflow/personality-eval-bv1/outputs/mercury-2-5-or-pin-inception/OPEN_16.md
BV1_22134	inception/mercury-2.5	mercury-2-5-or-pin-inception	OPEN	openrouter	mercury-2-5-or-pin-inception/OPEN_17.json	168	/Users/danieltenner/dev/research/model-personality-corpus-v2/data/traces_freeflow/freeflow_mercury-2-5-or-pin-inception/OPEN_17.json	/Users/danieltenner/dev/research/model-personality-analysis-corpus/analysis/freeflow/personality-eval-bv1/outputs/mercury-2-5-or-pin-inception/OPEN_17.md
BV1_22135	inception/mercury-2.5	mercury-2-5-or-pin-inception	OPEN	openrouter	mercury-2-5-or-pin-inception/OPEN_18.json	298	/Users/danieltenner/dev/research/model-personality-corpus-v2/data/traces_freeflow/freeflow_mercury-2-5-or-pin-inception/OPEN_18.json	/Users/danieltenner/dev/research/model-personality-analysis-corpus/analysis/freeflow/personality-eval-bv1/outputs/mercury-2-5-or-pin-inception/OPEN_18.md
BV1_22136	inception/mercury-2.5	mercury-2-5-or-pin-inception	OPEN	openrouter	mercury-2-5-or-pin-inception/OPEN_19.json	174	/Users/danieltenner/dev/research/model-personality-corpus-v2/data/traces_freeflow/freeflow_mercury-2-5-or-pin-inception/OPEN_19.json	/Users/danieltenner/dev/research/model-personality-analysis-corpus/analysis/freeflow/personality-eval-bv1/outputs/mercury-2-5-or-pin-inception/OPEN_19.md
BV1_22137	inception/mercury-2.5	mercury-2-5-or-pin-inception	OPEN	openrouter	mercury-2-5-or-pin-inception/OPEN_2.json	141	/Users/danieltenner/dev/research/model-personality-corpus-v2/data/traces_freeflow/freeflow_mercury-2-5-or-pin-inception/OPEN_2.json	/Users/danieltenner/dev/research/model-personality-analysis-corpus/analysis/freeflow/personality-eval-bv1/outputs/mercury-2-5-or-pin-inception/OPEN_2.md
BV1_22138	inception/mercury-2.5	mercury-2-5-or-pin-inception	OPEN	openrouter	mercury-2-5-or-pin-inception/OPEN_20.json	178	/Users/danieltenner/dev/research/model-personality-corpus-v2/data/traces_freeflow/freeflow_mercury-2-5-or-pin-inception/OPEN_20.json	/Users/danieltenner/dev/research/model-personality-analysis-corpus/analysis/freeflow/personality-eval-bv1/outputs/mercury-2-5-or-pin-inception/OPEN_20.md
BV1_22139	inception/mercury-2.5	mercury-2-5-or-pin-inception	OPEN	openrouter	mercury-2-5-or-pin-inception/OPEN_21.json	232	/Users/danieltenner/dev/research/model-personality-corpus-v2/data/traces_freeflow/freeflow_mercury-2-5-or-pin-inception/OPEN_21.json	/Users/danieltenner/dev/research/model-personality-analysis-corpus/analysis/freeflow/personality-eval-bv1/outputs/mercury-2-5-or-pin-inception/OPEN_21.md
BV1_22140	inception/mercury-2.5	mercury-2-5-or-pin-inception	OPEN	openrouter	mercury-2-5-or-pin-inception/OPEN_22.json	311	/Users/danieltenner/dev/research/model-personality-corpus-v2/data/traces_freeflow/freeflow_mercury-2-5-or-pin-inception/OPEN_22.json	/Users/danieltenner/dev/research/model-personality-analysis-corpus/analysis/freeflow/personality-eval-bv1/outputs/mercury-2-5-or-pin-inception/OPEN_22.md
BV1_22141	inception/mercury-2.5	mercury-2-5-or-pin-inception	OPEN	openrouter	mercury-2-5-or-pin-inception/OPEN_23.json	220	/Users/danieltenner/dev/research/model-personality-corpus-v2/data/traces_freeflow/freeflow_mercury-2-5-or-pin-inception/OPEN_23.json	/Users/danieltenner/dev/research/model-personality-analysis-corpus/analysis/freeflow/personality-eval-bv1/outputs/mercury-2-5-or-pin-inception/OPEN_23.md
BV1_22142	inception/mercury-2.5	mercury-2-5-or-pin-inception	OPEN	openrouter	mercury-2-5-or-pin-inception/OPEN_24.json	279	/Users/danieltenner/dev/research/model-personality-corpus-v2/data/traces_freeflow/freeflow_mercury-2-5-or-pin-inception/OPEN_24.json	/Users/danieltenner/dev/research/model-personality-analysis-corpus/analysis/freeflow/personality-eval-bv1/outputs/mercury-2-5-or-pin-inception/OPEN_24.md
BV1_22143	inception/mercury-2.5	mercury-2-5-or-pin-inception	OPEN	openrouter	mercury-2-5-or-pin-inception/OPEN_25.json	295	/Users/danieltenner/dev/research/model-personality-corpus-v2/data/traces_freeflow/freeflow_mercury-2-5-or-pin-inception/OPEN_25.json	/Users/danieltenner/dev/research/model-personality-analysis-corpus/analysis/freeflow/personality-eval-bv1/outputs/mercury-2-5-or-pin-inception/OPEN_25.md
BV1_22144	inception/mercury-2.5	mercury-2-5-or-pin-inception	OPEN	openrouter	mercury-2-5-or-pin-inception/OPEN_3.json	196	/Users/danieltenner/dev/research/model-personality-corpus-v2/data/traces_freeflow/freeflow_mercury-2-5-or-pin-inception/OPEN_3.json	/Users/danieltenner/dev/research/model-personality-analysis-corpus/analysis/freeflow/personality-eval-bv1/outputs/mercury-2-5-or-pin-inception/OPEN_3.md
BV1_22145	inception/mercury-2.5	mercury-2-5-or-pin-inception	OPEN	openrouter	mercury-2-5-or-pin-inception/OPEN_4.json	318	/Users/danieltenner/dev/research/model-personality-corpus-v2/data/traces_freeflow/freeflow_mercury-2-5-or-pin-inception/OPEN_4.json	/Users/danieltenner/dev/research/model-personality-analysis-corpus/analysis/freeflow/personality-eval-bv1/outputs/mercury-2-5-or-pin-inception/OPEN_4.md
BV1_22146	inception/mercury-2.5	mercury-2-5-or-pin-inception	OPEN	openrouter	mercury-2-5-or-pin-inception/OPEN_5.json	237	/Users/danieltenner/dev/research/model-personality-corpus-v2/data/traces_freeflow/freeflow_mercury-2-5-or-pin-inception/OPEN_5.json	/Users/danieltenner/dev/research/model-personality-analysis-corpus/analysis/freeflow/personality-eval-bv1/outputs/mercury-2-5-or-pin-inception/OPEN_5.md
BV1_22147	inception/mercury-2.5	mercury-2-5-or-pin-inception	OPEN	openrouter	mercury-2-5-or-pin-inception/OPEN_6.json	334	/Users/danieltenner/dev/research/model-personality-corpus-v2/data/traces_freeflow/freeflow_mercury-2-5-or-pin-inception/OPEN_6.json	/Users/danieltenner/dev/research/model-personality-analysis-corpus/analysis/freeflow/personality-eval-bv1/outputs/mercury-2-5-or-pin-inception/OPEN_6.md
BV1_22148	inception/mercury-2.5	mercury-2-5-or-pin-inception	OPEN	openrouter	mercury-2-5-or-pin-inception/OPEN_7.json	231	/Users/danieltenner/dev/research/model-personality-corpus-v2/data/traces_freeflow/freeflow_mercury-2-5-or-pin-inception/OPEN_7.json	/Users/danieltenner/dev/research/model-personality-analysis-corpus/analysis/freeflow/personality-eval-bv1/outputs/mercury-2-5-or-pin-inception/OPEN_7.md
BV1_22149	inception/mercury-2.5	mercury-2-5-or-pin-inception	OPEN	openrouter	mercury-2-5-or-pin-inception/OPEN_8.json	239	/Users/danieltenner/dev/research/model-personality-corpus-v2/data/traces_freeflow/freeflow_mercury-2-5-or-pin-inception/OPEN_8.json	/Users/danieltenner/dev/research/model-personality-analysis-corpus/analysis/freeflow/personality-eval-bv1/outputs/mercury-2-5-or-pin-inception/OPEN_8.md
BV1_22150	inception/mercury-2.5	mercury-2-5-or-pin-inception	OPEN	openrouter	mercury-2-5-or-pin-inception/OPEN_9.json	294	/Users/danieltenner/dev/research/model-personality-corpus-v2/data/traces_freeflow/freeflow_mercury-2-5-or-pin-inception/OPEN_9.json	/Users/danieltenner/dev/research/model-personality-analysis-corpus/analysis/freeflow/personality-eval-bv1/outputs/mercury-2-5-or-pin-inception/OPEN_9.md
BV1_22151	inception/mercury-2.5	mercury-2-5-or-pin-inception	SHORT	openrouter	mercury-2-5-or-pin-inception/SHORT_1.json	247	/Users/danieltenner/dev/research/model-personality-corpus-v2/data/traces_freeflow/freeflow_mercury-2-5-or-pin-inception/SHORT_1.json	/Users/danieltenner/dev/research/model-personality-analysis-corpus/analysis/freeflow/personality-eval-bv1/outputs/mercury-2-5-or-pin-inception/SHORT_1.md
BV1_22152	inception/mercury-2.5	mercury-2-5-or-pin-inception	SHORT	openrouter	mercury-2-5-or-pin-inception/SHORT_10.json	232	/Users/danieltenner/dev/research/model-personality-corpus-v2/data/traces_freeflow/freeflow_mercury-2-5-or-pin-inception/SHORT_10.json	/Users/danieltenner/dev/research/model-personality-analysis-corpus/analysis/freeflow/personality-eval-bv1/outputs/mercury-2-5-or-pin-inception/SHORT_10.md
BV1_22153	inception/mercury-2.5	mercury-2-5-or-pin-inception	SHORT	openrouter	mercury-2-5-or-pin-inception/SHORT_11.json	169	/Users/danieltenner/dev/research/model-personality-corpus-v2/data/traces_freeflow/freeflow_mercury-2-5-or-pin-inception/SHORT_11.json	/Users/danieltenner/dev/research/model-personality-analysis-corpus/analysis/freeflow/personality-eval-bv1/outputs/mercury-2-5-or-pin-inception/SHORT_11.md
BV1_22154	inception/mercury-2.5	mercury-2-5-or-pin-inception	SHORT	openrouter	mercury-2-5-or-pin-inception/SHORT_12.json	268	/Users/danieltenner/dev/research/model-personality-corpus-v2/data/traces_freeflow/freeflow_mercury-2-5-or-pin-inception/SHORT_12.json	/Users/danieltenner/dev/research/model-personality-analysis-corpus/analysis/freeflow/personality-eval-bv1/outputs/mercury-2-5-or-pin-inception/SHORT_12.md
BV1_22155	inception/mercury-2.5	mercury-2-5-or-pin-inception	SHORT	openrouter	mercury-2-5-or-pin-inception/SHORT_13.json	256	/Users/danieltenner/dev/research/model-personality-corpus-v2/data/traces_freeflow/freeflow_mercury-2-5-or-pin-inception/SHORT_13.json	/Users/danieltenner/dev/research/model-personality-analysis-corpus/analysis/freeflow/personality-eval-bv1/outputs/mercury-2-5-or-pin-inception/SHORT_13.md
BV1_22156	inception/mercury-2.5	mercury-2-5-or-pin-inception	SHORT	openrouter	mercury-2-5-or-pin-inception/SHORT_14.json	223	/Users/danieltenner/dev/research/model-personality-corpus-v2/data/traces_freeflow/freeflow_mercury-2-5-or-pin-inception/SHORT_14.json	/Users/danieltenner/dev/research/model-personality-analysis-corpus/analysis/freeflow/personality-eval-bv1/outputs/mercury-2-5-or-pin-inception/SHORT_14.md
BV1_22157	inception/mercury-2.5	mercury-2-5-or-pin-inception	SHORT	openrouter	mercury-2-5-or-pin-inception/SHORT_15.json	255	/Users/danieltenner/dev/research/model-personality-corpus-v2/data/traces_freeflow/freeflow_mercury-2-5-or-pin-inception/SHORT_15.json	/Users/danieltenner/dev/research/model-personality-analysis-corpus/analysis/freeflow/personality-eval-bv1/outputs/mercury-2-5-or-pin-inception/SHORT_15.md
BV1_22158	inception/mercury-2.5	mercury-2-5-or-pin-inception	SHORT	openrouter	mercury-2-5-or-pin-inception/SHORT_16.json	259	/Users/danieltenner/dev/research/model-personality-corpus-v2/data/traces_freeflow/freeflow_mercury-2-5-or-pin-inception/SHORT_16.json	/Users/danieltenner/dev/research/model-personality-analysis-corpus/analysis/freeflow/personality-eval-bv1/outputs/mercury-2-5-or-pin-inception/SHORT_16.md
BV1_22159	inception/mercury-2.5	mercury-2-5-or-pin-inception	SHORT	openrouter	mercury-2-5-or-pin-inception/SHORT_17.json	211	/Users/danieltenner/dev/research/model-personality-corpus-v2/data/traces_freeflow/freeflow_mercury-2-5-or-pin-inception/SHORT_17.json	/Users/danieltenner/dev/research/model-personality-analysis-corpus/analysis/freeflow/personality-eval-bv1/outputs/mercury-2-5-or-pin-inception/SHORT_17.md
BV1_22160	inception/mercury-2.5	mercury-2-5-or-pin-inception	SHORT	openrouter	mercury-2-5-or-pin-inception/SHORT_18.json	251	/Users/danieltenner/dev/research/model-personality-corpus-v2/data/traces_freeflow/freeflow_mercury-2-5-or-pin-inception/SHORT_18.json	/Users/danieltenner/dev/research/model-personality-analysis-corpus/analysis/freeflow/personality-eval-bv1/outputs/mercury-2-5-or-pin-inception/SHORT_18.md
BV1_22161	inception/mercury-2.5	mercury-2-5-or-pin-inception	SHORT	openrouter	mercury-2-5-or-pin-inception/SHORT_19.json	285	/Users/danieltenner/dev/research/model-personality-corpus-v2/data/traces_freeflow/freeflow_mercury-2-5-or-pin-inception/SHORT_19.json	/Users/danieltenner/dev/research/model-personality-analysis-corpus/analysis/freeflow/personality-eval-bv1/outputs/mercury-2-5-or-pin-inception/SHORT_19.md
BV1_22162	inception/mercury-2.5	mercury-2-5-or-pin-inception	SHORT	openrouter	mercury-2-5-or-pin-inception/SHORT_2.json	281	/Users/danieltenner/dev/research/model-personality-corpus-v2/data/traces_freeflow/freeflow_mercury-2-5-or-pin-inception/SHORT_2.json	/Users/danieltenner/dev/research/model-personality-analysis-corpus/analysis/freeflow/personality-eval-bv1/outputs/mercury-2-5-or-pin-inception/SHORT_2.md
BV1_22163	inception/mercury-2.5	mercury-2-5-or-pin-inception	SHORT	openrouter	mercury-2-5-or-pin-inception/SHORT_20.json	237	/Users/danieltenner/dev/research/model-personality-corpus-v2/data/traces_freeflow/freeflow_mercury-2-5-or-pin-inception/SHORT_20.json	/Users/danieltenner/dev/research/model-personality-analysis-corpus/analysis/freeflow/personality-eval-bv1/outputs/mercury-2-5-or-pin-inception/SHORT_20.md
BV1_22164	inception/mercury-2.5	mercury-2-5-or-pin-inception	SHORT	openrouter	mercury-2-5-or-pin-inception/SHORT_21.json	253	/Users/danieltenner/dev/research/model-personality-corpus-v2/data/traces_freeflow/freeflow_mercury-2-5-or-pin-inception/SHORT_21.json	/Users/danieltenner/dev/research/model-personality-analysis-corpus/analysis/freeflow/personality-eval-bv1/outputs/mercury-2-5-or-pin-inception/SHORT_21.md
BV1_22165	inception/mercury-2.5	mercury-2-5-or-pin-inception	SHORT	openrouter	mercury-2-5-or-pin-inception/SHORT_22.json	250	/Users/danieltenner/dev/research/model-personality-corpus-v2/data/traces_freeflow/freeflow_mercury-2-5-or-pin-inception/SHORT_22.json	/Users/danieltenner/dev/research/model-personality-analysis-corpus/analysis/freeflow/personality-eval-bv1/outputs/mercury-2-5-or-pin-inception/SHORT_22.md
BV1_22166	inception/mercury-2.5	mercury-2-5-or-pin-inception	SHORT	openrouter	mercury-2-5-or-pin-inception/SHORT_23.json	233	/Users/danieltenner/dev/research/model-personality-corpus-v2/data/traces_freeflow/freeflow_mercury-2-5-or-pin-inception/SHORT_23.json	/Users/danieltenner/dev/research/model-personality-analysis-corpus/analysis/freeflow/personality-eval-bv1/outputs/mercury-2-5-or-pin-inception/SHORT_23.md
BV1_22167	inception/mercury-2.5	mercury-2-5-or-pin-inception	SHORT	openrouter	mercury-2-5-or-pin-inception/SHORT_24.json	189	/Users/danieltenner/dev/research/model-personality-corpus-v2/data/traces_freeflow/freeflow_mercury-2-5-or-pin-inception/SHORT_24.json	/Users/danieltenner/dev/research/model-personality-analysis-corpus/analysis/freeflow/personality-eval-bv1/outputs/mercury-2-5-or-pin-inception/SHORT_24.md
BV1_22168	inception/mercury-2.5	mercury-2-5-or-pin-inception	SHORT	openrouter	mercury-2-5-or-pin-inception/SHORT_25.json	241	/Users/danieltenner/dev/research/model-personality-corpus-v2/data/traces_freeflow/freeflow_mercury-2-5-or-pin-inception/SHORT_25.json	/Users/danieltenner/dev/research/model-personality-analysis-corpus/analysis/freeflow/personality-eval-bv1/outputs/mercury-2-5-or-pin-inception/SHORT_25.md
BV1_22169	inception/mercury-2.5	mercury-2-5-or-pin-inception	SHORT	openrouter	mercury-2-5-or-pin-inception/SHORT_3.json	283	/Users/danieltenner/dev/research/model-personality-corpus-v2/data/traces_freeflow/freeflow_mercury-2-5-or-pin-inception/SHORT_3.json	/Users/danieltenner/dev/research/model-personality-analysis-corpus/analysis/freeflow/personality-eval-bv1/outputs/mercury-2-5-or-pin-inception/SHORT_3.md
BV1_22170	inception/mercury-2.5	mercury-2-5-or-pin-inception	SHORT	openrouter	mercury-2-5-or-pin-inception/SHORT_4.json	270	/Users/danieltenner/dev/research/model-personality-corpus-v2/data/traces_freeflow/freeflow_mercury-2-5-or-pin-inception/SHORT_4.json	/Users/danieltenner/dev/research/model-personality-analysis-corpus/analysis/freeflow/personality-eval-bv1/outputs/mercury-2-5-or-pin-inception/SHORT_4.md
BV1_22171	inception/mercury-2.5	mercury-2-5-or-pin-inception	SHORT	openrouter	mercury-2-5-or-pin-inception/SHORT_5.json	229	/Users/danieltenner/dev/research/model-personality-corpus-v2/data/traces_freeflow/freeflow_mercury-2-5-or-pin-inception/SHORT_5.json	/Users/danieltenner/dev/research/model-personality-analysis-corpus/analysis/freeflow/personality-eval-bv1/outputs/mercury-2-5-or-pin-inception/SHORT_5.md
BV1_22172	inception/mercury-2.5	mercury-2-5-or-pin-inception	SHORT	openrouter	mercury-2-5-or-pin-inception/SHORT_6.json	260	/Users/danieltenner/dev/research/model-personality-corpus-v2/data/traces_freeflow/freeflow_mercury-2-5-or-pin-inception/SHORT_6.json	/Users/danieltenner/dev/research/model-personality-analysis-corpus/analysis/freeflow/personality-eval-bv1/outputs/mercury-2-5-or-pin-inception/SHORT_6.md
BV1_22173	inception/mercury-2.5	mercury-2-5-or-pin-inception	SHORT	openrouter	mercury-2-5-or-pin-inception/SHORT_7.json	239	/Users/danieltenner/dev/research/model-personality-corpus-v2/data/traces_freeflow/freeflow_mercury-2-5-or-pin-inception/SHORT_7.json	/Users/danieltenner/dev/research/model-personality-analysis-corpus/analysis/freeflow/personality-eval-bv1/outputs/mercury-2-5-or-pin-inception/SHORT_7.md
BV1_22174	inception/mercury-2.5	mercury-2-5-or-pin-inception	SHORT	openrouter	mercury-2-5-or-pin-inception/SHORT_8.json	249	/Users/danieltenner/dev/research/model-personality-corpus-v2/data/traces_freeflow/freeflow_mercury-2-5-or-pin-inception/SHORT_8.json	/Users/danieltenner/dev/research/model-personality-analysis-corpus/analysis/freeflow/personality-eval-bv1/outputs/mercury-2-5-or-pin-inception/SHORT_8.md
BV1_22175	inception/mercury-2.5	mercury-2-5-or-pin-inception	SHORT	openrouter	mercury-2-5-or-pin-inception/SHORT_9.json	257	/Users/danieltenner/dev/research/model-personality-corpus-v2/data/traces_freeflow/freeflow_mercury-2-5-or-pin-inception/SHORT_9.json	/Users/danieltenner/dev/research/model-personality-analysis-corpus/analysis/freeflow/personality-eval-bv1/outputs/mercury-2-5-or-pin-inception/SHORT_9.md
BV1_22176	inception/mercury-2.5	mercury-2-5-or-pin-inception	VARY	openrouter	mercury-2-5-or-pin-inception/VARY_1.json	1192	/Users/danieltenner/dev/research/model-personality-corpus-v2/data/traces_freeflow/freeflow_mercury-2-5-or-pin-inception/VARY_1.json	/Users/danieltenner/dev/research/model-personality-analysis-corpus/analysis/freeflow/personality-eval-bv1/outputs/mercury-2-5-or-pin-inception/VARY_1.md
BV1_22177	inception/mercury-2.5	mercury-2-5-or-pin-inception	VARY	openrouter	mercury-2-5-or-pin-inception/VARY_10.json	881	/Users/danieltenner/dev/research/model-personality-corpus-v2/data/traces_freeflow/freeflow_mercury-2-5-or-pin-inception/VARY_10.json	/Users/danieltenner/dev/research/model-personality-analysis-corpus/analysis/freeflow/personality-eval-bv1/outputs/mercury-2-5-or-pin-inception/VARY_10.md
BV1_22178	inception/mercury-2.5	mercury-2-5-or-pin-inception	VARY	openrouter	mercury-2-5-or-pin-inception/VARY_11.json	1090	/Users/danieltenner/dev/research/model-personality-corpus-v2/data/traces_freeflow/freeflow_mercury-2-5-or-pin-inception/VARY_11.json	/Users/danieltenner/dev/research/model-personality-analysis-corpus/analysis/freeflow/personality-eval-bv1/outputs/mercury-2-5-or-pin-inception/VARY_11.md
BV1_22179	inception/mercury-2.5	mercury-2-5-or-pin-inception	VARY	openrouter	mercury-2-5-or-pin-inception/VARY_12.json	1131	/Users/danieltenner/dev/research/model-personality-corpus-v2/data/traces_freeflow/freeflow_mercury-2-5-or-pin-inception/VARY_12.json	/Users/danieltenner/dev/research/model-personality-analysis-corpus/analysis/freeflow/personality-eval-bv1/outputs/mercury-2-5-or-pin-inception/VARY_12.md
BV1_22180	inception/mercury-2.5	mercury-2-5-or-pin-inception	VARY	openrouter	mercury-2-5-or-pin-inception/VARY_13.json	756	/Users/danieltenner/dev/research/model-personality-corpus-v2/data/traces_freeflow/freeflow_mercury-2-5-or-pin-inception/VARY_13.json	/Users/danieltenner/dev/research/model-personality-analysis-corpus/analysis/freeflow/personality-eval-bv1/outputs/mercury-2-5-or-pin-inception/VARY_13.md
BV1_22181	inception/mercury-2.5	mercury-2-5-or-pin-inception	VARY	openrouter	mercury-2-5-or-pin-inception/VARY_14.json	1010	/Users/danieltenner/dev/research/model-personality-corpus-v2/data/traces_freeflow/freeflow_mercury-2-5-or-pin-inception/VARY_14.json	/Users/danieltenner/dev/research/model-personality-analysis-corpus/analysis/freeflow/personality-eval-bv1/outputs/mercury-2-5-or-pin-inception/VARY_14.md
BV1_22182	inception/mercury-2.5	mercury-2-5-or-pin-inception	VARY	openrouter	mercury-2-5-or-pin-inception/VARY_15.json	997	/Users/danieltenner/dev/research/model-personality-corpus-v2/data/traces_freeflow/freeflow_mercury-2-5-or-pin-inception/VARY_15.json	/Users/danieltenner/dev/research/model-personality-analysis-corpus/analysis/freeflow/personality-eval-bv1/outputs/mercury-2-5-or-pin-inception/VARY_15.md
BV1_22183	inception/mercury-2.5	mercury-2-5-or-pin-inception	VARY	openrouter	mercury-2-5-or-pin-inception/VARY_16.json	907	/Users/danieltenner/dev/research/model-personality-corpus-v2/data/traces_freeflow/freeflow_mercury-2-5-or-pin-inception/VARY_16.json	/Users/danieltenner/dev/research/model-personality-analysis-corpus/analysis/freeflow/personality-eval-bv1/outputs/mercury-2-5-or-pin-inception/VARY_16.md
BV1_22184	inception/mercury-2.5	mercury-2-5-or-pin-inception	VARY	openrouter	mercury-2-5-or-pin-inception/VARY_17.json	1000	/Users/danieltenner/dev/research/model-personality-corpus-v2/data/traces_freeflow/freeflow_mercury-2-5-or-pin-inception/VARY_17.json	/Users/danieltenner/dev/research/model-personality-analysis-corpus/analysis/freeflow/personality-eval-bv1/outputs/mercury-2-5-or-pin-inception/VARY_17.md
BV1_22185	inception/mercury-2.5	mercury-2-5-or-pin-inception	VARY	openrouter	mercury-2-5-or-pin-inception/VARY_18.json	1161	/Users/danieltenner/dev/research/model-personality-corpus-v2/data/traces_freeflow/freeflow_mercury-2-5-or-pin-inception/VARY_18.json	/Users/danieltenner/dev/research/model-personality-analysis-corpus/analysis/freeflow/personality-eval-bv1/outputs/mercury-2-5-or-pin-inception/VARY_18.md
BV1_22186	inception/mercury-2.5	mercury-2-5-or-pin-inception	VARY	openrouter	mercury-2-5-or-pin-inception/VARY_19.json	1177	/Users/danieltenner/dev/research/model-personality-corpus-v2/data/traces_freeflow/freeflow_mercury-2-5-or-pin-inception/VARY_19.json	/Users/danieltenner/dev/research/model-personality-analysis-corpus/analysis/freeflow/personality-eval-bv1/outputs/mercury-2-5-or-pin-inception/VARY_19.md
BV1_22187	inception/mercury-2.5	mercury-2-5-or-pin-inception	VARY	openrouter	mercury-2-5-or-pin-inception/VARY_2.json	1020	/Users/danieltenner/dev/research/model-personality-corpus-v2/data/traces_freeflow/freeflow_mercury-2-5-or-pin-inception/VARY_2.json	/Users/danieltenner/dev/research/model-personality-analysis-corpus/analysis/freeflow/personality-eval-bv1/outputs/mercury-2-5-or-pin-inception/VARY_2.md
BV1_22188	inception/mercury-2.5	mercury-2-5-or-pin-inception	VARY	openrouter	mercury-2-5-or-pin-inception/VARY_20.json	1159	/Users/danieltenner/dev/research/model-personality-corpus-v2/data/traces_freeflow/freeflow_mercury-2-5-or-pin-inception/VARY_20.json	/Users/danieltenner/dev/research/model-personality-analysis-corpus/analysis/freeflow/personality-eval-bv1/outputs/mercury-2-5-or-pin-inception/VARY_20.md
BV1_22189	inception/mercury-2.5	mercury-2-5-or-pin-inception	VARY	openrouter	mercury-2-5-or-pin-inception/VARY_21.json	1006	/Users/danieltenner/dev/research/model-personality-corpus-v2/data/traces_freeflow/freeflow_mercury-2-5-or-pin-inception/VARY_21.json	/Users/danieltenner/dev/research/model-personality-analysis-corpus/analysis/freeflow/personality-eval-bv1/outputs/mercury-2-5-or-pin-inception/VARY_21.md
BV1_22190	inception/mercury-2.5	mercury-2-5-or-pin-inception	VARY	openrouter	mercury-2-5-or-pin-inception/VARY_22.json	903	/Users/danieltenner/dev/research/model-personality-corpus-v2/data/traces_freeflow/freeflow_mercury-2-5-or-pin-inception/VARY_22.json	/Users/danieltenner/dev/research/model-personality-analysis-corpus/analysis/freeflow/personality-eval-bv1/outputs/mercury-2-5-or-pin-inception/VARY_22.md
BV1_22191	inception/mercury-2.5	mercury-2-5-or-pin-inception	VARY	openrouter	mercury-2-5-or-pin-inception/VARY_23.json	1127	/Users/danieltenner/dev/research/model-personality-corpus-v2/data/traces_freeflow/freeflow_mercury-2-5-or-pin-inception/VARY_23.json	/Users/danieltenner/dev/research/model-personality-analysis-corpus/analysis/freeflow/personality-eval-bv1/outputs/mercury-2-5-or-pin-inception/VARY_23.md
BV1_22192	inception/mercury-2.5	mercury-2-5-or-pin-inception	VARY	openrouter	mercury-2-5-or-pin-inception/VARY_24.json	863	/Users/danieltenner/dev/research/model-personality-corpus-v2/data/traces_freeflow/freeflow_mercury-2-5-or-pin-inception/VARY_24.json	/Users/danieltenner/dev/research/model-personality-analysis-corpus/analysis/freeflow/personality-eval-bv1/outputs/mercury-2-5-or-pin-inception/VARY_24.md
BV1_22193	inception/mercury-2.5	mercury-2-5-or-pin-inception	VARY	openrouter	mercury-2-5-or-pin-inception/VARY_25.json	920	/Users/danieltenner/dev/research/model-personality-corpus-v2/data/traces_freeflow/freeflow_mercury-2-5-or-pin-inception/VARY_25.json	/Users/danieltenner/dev/research/model-personality-analysis-corpus/analysis/freeflow/personality-eval-bv1/outputs/mercury-2-5-or-pin-inception/VARY_25.md
BV1_22194	inception/mercury-2.5	mercury-2-5-or-pin-inception	VARY	openrouter	mercury-2-5-or-pin-inception/VARY_3.json	984	/Users/danieltenner/dev/research/model-personality-corpus-v2/data/traces_freeflow/freeflow_mercury-2-5-or-pin-inception/VARY_3.json	/Users/danieltenner/dev/research/model-personality-analysis-corpus/analysis/freeflow/personality-eval-bv1/outputs/mercury-2-5-or-pin-inception/VARY_3.md
BV1_22195	inception/mercury-2.5	mercury-2-5-or-pin-inception	VARY	openrouter	mercury-2-5-or-pin-inception/VARY_4.json	1101	/Users/danieltenner/dev/research/model-personality-corpus-v2/data/traces_freeflow/freeflow_mercury-2-5-or-pin-inception/VARY_4.json	/Users/danieltenner/dev/research/model-personality-analysis-corpus/analysis/freeflow/personality-eval-bv1/outputs/mercury-2-5-or-pin-inception/VARY_4.md
BV1_22196	inception/mercury-2.5	mercury-2-5-or-pin-inception	VARY	openrouter	mercury-2-5-or-pin-inception/VARY_5.json	945	/Users/danieltenner/dev/research/model-personality-corpus-v2/data/traces_freeflow/freeflow_mercury-2-5-or-pin-inception/VARY_5.json	/Users/danieltenner/dev/research/model-personality-analysis-corpus/analysis/freeflow/personality-eval-bv1/outputs/mercury-2-5-or-pin-inception/VARY_5.md
BV1_22197	inception/mercury-2.5	mercury-2-5-or-pin-inception	VARY	openrouter	mercury-2-5-or-pin-inception/VARY_6.json	749	/Users/danieltenner/dev/research/model-personality-corpus-v2/data/traces_freeflow/freeflow_mercury-2-5-or-pin-inception/VARY_6.json	/Users/danieltenner/dev/research/model-personality-analysis-corpus/analysis/freeflow/personality-eval-bv1/outputs/mercury-2-5-or-pin-inception/VARY_6.md
BV1_22198	inception/mercury-2.5	mercury-2-5-or-pin-inception	VARY	openrouter	mercury-2-5-or-pin-inception/VARY_7.json	800	/Users/danieltenner/dev/research/model-personality-corpus-v2/data/traces_freeflow/freeflow_mercury-2-5-or-pin-inception/VARY_7.json	/Users/danieltenner/dev/research/model-personality-analysis-corpus/analysis/freeflow/personality-eval-bv1/outputs/mercury-2-5-or-pin-inception/VARY_7.md
BV1_22199	inception/mercury-2.5	mercury-2-5-or-pin-inception	VARY	openrouter	mercury-2-5-or-pin-inception/VARY_8.json	1090	/Users/danieltenner/dev/research/model-personality-corpus-v2/data/traces_freeflow/freeflow_mercury-2-5-or-pin-inception/VARY_8.json	/Users/danieltenner/dev/research/model-personality-analysis-corpus/analysis/freeflow/personality-eval-bv1/outputs/mercury-2-5-or-pin-inception/VARY_8.md
BV1_22200	inception/mercury-2.5	mercury-2-5-or-pin-inception	VARY	openrouter	mercury-2-5-or-pin-inception/VARY_9.json	917	/Users/danieltenner/dev/research/model-personality-corpus-v2/data/traces_freeflow/freeflow_mercury-2-5-or-pin-inception/VARY_9.json	/Users/danieltenner/dev/research/model-personality-analysis-corpus/analysis/freeflow/personality-eval-bv1/outputs/mercury-2-5-or-pin-inception/VARY_9.md
